{
  "Pos1": {
    "kf_pos_tx_nm": -1676.1159159303006,
    "kf_P_tx": 219.20833201351496,
    "kf_pos_ty_nm": 2028.9735826725255,
    "kf_P_ty": 72.79166269008077
  },
  "Pos2": {
    "kf_pos_tx_nm": -8746.533277212522,
    "kf_P_tx": 219.20833201351496,
    "kf_pos_ty_nm": -3044.4730093234148,
    "kf_P_ty": 72.79166269008077
  },
  "Pos3": {
    "kf_pos_tx_nm": -5474.021856383563,
    "kf_P_tx": 219.20833201351496,
    "kf_pos_ty_nm": -6499.0929026992135,
    "kf_P_ty": 72.79166269008077
  },
  "Pos4": {
    "kf_pos_tx_nm": -7722.116042177222,
    "kf_P_tx": 219.20833201351496,
    "kf_pos_ty_nm": -13766.915096602983,
    "kf_P_ty": 72.79166269008077
  },
  "Pos5": {
    "kf_pos_tx_nm": -8400.754378449119,
    "kf_P_tx": 219.20833201351496,
    "kf_pos_ty_nm": 3313.403448417692,
    "kf_P_ty": 72.79166269008077
  },
  "Pos6": {
    "kf_pos_tx_nm": -2814.0398221772816,
    "kf_P_tx": 219.20833201351496,
    "kf_pos_ty_nm": -2761.8676064350393,
    "kf_P_ty": 72.79166269008077
  },
  "Pos7": {
    "kf_pos_tx_nm": -8704.788218173238,
    "kf_P_tx": 219.20833201351496,
    "kf_pos_ty_nm": 860.0810836803794,
    "kf_P_ty": 72.79166269008077
  },
  "Pos8": {
    "kf_pos_tx_nm": -5730.277532337994,
    "kf_P_tx": 219.20833201351496,
    "kf_pos_ty_nm": -7317.668038190319,
    "kf_P_ty": 72.79166269008077
  },
  "Pos9": {
    "kf_pos_tx_nm": -10174.234018314364,
    "kf_P_tx": 219.20833201351496,
    "kf_pos_ty_nm": -833.7674843660105,
    "kf_P_ty": 72.79166269008077
  },
  "Pos10": {
    "kf_pos_tx_nm": -8918.974918883932,
    "kf_P_tx": 219.20833201351496,
    "kf_pos_ty_nm": -2595.664602429313,
    "kf_P_ty": 72.79166269008077
  },
  "Pos11": {
    "kf_pos_tx_nm": -7803.879952557863,
    "kf_P_tx": 219.20833201351496,
    "kf_pos_ty_nm": 877.9564223697994,
    "kf_P_ty": 72.79166269008077
  },
  "Pos12": {
    "kf_pos_tx_nm": -5068.778118651472,
    "kf_P_tx": 219.20833201351496,
    "kf_pos_ty_nm": -1415.1407373394704,
    "kf_P_ty": 72.79166269008077
  },
  "Pos13": {
    "kf_pos_tx_nm": -7980.028879180771,
    "kf_P_tx": 219.20833201351496,
    "kf_pos_ty_nm": 10232.96415682221,
    "kf_P_ty": 72.79166269008077
  },
  "Pos14": {
    "kf_pos_tx_nm": -4973.022741613922,
    "kf_P_tx": 219.20833201351496,
    "kf_pos_ty_nm": -2389.9539523982958,
    "kf_P_ty": 72.79166269008077
  },
  "Pos15": {
    "kf_pos_tx_nm": -4905.29875113496,
    "kf_P_tx": 219.20833201351496,
    "kf_pos_ty_nm": 1968.4173352271882,
    "kf_P_ty": 72.79166269008077
  },
  "Pos16": {
    "kf_pos_tx_nm": -6125.441095410567,
    "kf_P_tx": 219.20833201351496,
    "kf_pos_ty_nm": 1192.8018634344253,
    "kf_P_ty": 72.79166269008077
  },
  "Pos17": {
    "kf_pos_tx_nm": -4993.159676960522,
    "kf_P_tx": 219.20833201351496,
    "kf_pos_ty_nm": -2949.2177736721787,
    "kf_P_ty": 72.79166269008077
  },
  "Pos18": {
    "kf_pos_tx_nm": -5443.68637883978,
    "kf_P_tx": 219.20833201351496,
    "kf_pos_ty_nm": -628.0328952422005,
    "kf_P_ty": 72.79166269008077
  },
  "Pos19": {
    "kf_pos_tx_nm": -5638.668312747349,
    "kf_P_tx": 219.20833201351496,
    "kf_pos_ty_nm": -1251.7171825360701,
    "kf_P_ty": 72.79166269008077
  },
  "Pos20": {
    "kf_pos_tx_nm": -6159.009105289635,
    "kf_P_tx": 219.20833201351496,
    "kf_pos_ty_nm": -2874.0802975565284,
    "kf_P_ty": 72.79166269008077
  },
  "Pos21": {
    "kf_pos_tx_nm": -5819.184615813889,
    "kf_P_tx": 219.20833201351496,
    "kf_pos_ty_nm": 4667.7596567150495,
    "kf_P_ty": 72.79166269008077
  },
  "Pos22": {
    "kf_pos_tx_nm": -6353.036272922392,
    "kf_P_tx": 219.20833201351496,
    "kf_pos_ty_nm": 737.2737709861335,
    "kf_P_ty": 72.79166269008077
  },
  "Pos23": {
    "kf_pos_tx_nm": -6816.470263310267,
    "kf_P_tx": 219.20833201351496,
    "kf_pos_ty_nm": 1121.6385997162279,
    "kf_P_ty": 72.79166269008077
  },
  "Pos24": {
    "kf_pos_tx_nm": -8892.794973039614,
    "kf_P_tx": 219.20833201351496,
    "kf_pos_ty_nm": 2252.9150508583416,
    "kf_P_ty": 72.79166269008077
  },
  "Pos25": {
    "kf_pos_tx_nm": -6794.9764616510765,
    "kf_P_tx": 219.20833201351496,
    "kf_pos_ty_nm": 2091.5187811267815,
    "kf_P_ty": 72.79166269008077
  },
  "Pos26": {
    "kf_pos_tx_nm": -4580.885444306885,
    "kf_P_tx": 219.20833201351496,
    "kf_pos_ty_nm": 2394.656391296689,
    "kf_P_ty": 72.79166269008077
  },
  "Pos27": {
    "kf_pos_tx_nm": -5873.380328389155,
    "kf_P_tx": 219.20833201351496,
    "kf_pos_ty_nm": 4156.948363185493,
    "kf_P_ty": 72.79166269008077
  },
  "Pos28": {
    "kf_pos_tx_nm": -5678.937298500964,
    "kf_P_tx": 219.20833201351496,
    "kf_pos_ty_nm": 630.4002766249141,
    "kf_P_ty": 72.79166269008077
  },
  "Pos29": {
    "kf_pos_tx_nm": -4943.568143934734,
    "kf_P_tx": 219.20833201351496,
    "kf_pos_ty_nm": 8799.887327879082,
    "kf_P_ty": 72.79166269008077
  },
  "Pos30": {
    "kf_pos_tx_nm": -7196.40226338003,
    "kf_P_tx": 219.20833201351496,
    "kf_pos_ty_nm": 3827.230636970082,
    "kf_P_ty": 72.79166269008077
  },
  "Pos31": {
    "kf_pos_tx_nm": -8434.923744917138,
    "kf_P_tx": 219.20833201351496,
    "kf_pos_ty_nm": 6684.963373873925,
    "kf_P_ty": 72.79166269008077
  },
  "Pos32": {
    "kf_pos_tx_nm": -2272.6628108529385,
    "kf_P_tx": 219.20833201351496,
    "kf_pos_ty_nm": 4225.847146326502,
    "kf_P_ty": 72.79166269008077
  },
  "Pos33": {
    "kf_pos_tx_nm": -6112.69245905119,
    "kf_P_tx": 219.20833201351496,
    "kf_pos_ty_nm": 18372.49605689097,
    "kf_P_ty": 72.79166269008077
  },
  "Pos34": {
    "kf_pos_tx_nm": -3704.4240088064753,
    "kf_P_tx": 219.20833201351496,
    "kf_pos_ty_nm": 3829.6479887137166,
    "kf_P_ty": 72.79166269008077
  },
  "Pos35": {
    "kf_pos_tx_nm": -6610.5404588486335,
    "kf_P_tx": 219.20833201351496,
    "kf_pos_ty_nm": 4077.4904994765984,
    "kf_P_ty": 72.79166269008077
  },
  "Pos36": {
    "kf_pos_tx_nm": -5675.8106143605255,
    "kf_P_tx": 219.20833201351496,
    "kf_pos_ty_nm": 4348.238321034149,
    "kf_P_ty": 72.79166269008077
  },
  "Pos37": {
    "kf_pos_tx_nm": -10805.97782218918,
    "kf_P_tx": 219.20833201351496,
    "kf_pos_ty_nm": 10253.07140734743,
    "kf_P_ty": 72.79166269008077
  },
  "Pos38": {
    "kf_pos_tx_nm": 7163.548621769443,
    "kf_P_tx": 219.20833201351496,
    "kf_pos_ty_nm": -2454.1425960163006,
    "kf_P_ty": 72.79166269008077
  },
  "Pos39": {
    "kf_pos_tx_nm": -5774.535776463623,
    "kf_P_tx": 219.20833201351496,
    "kf_pos_ty_nm": -2255.2241993983253,
    "kf_P_ty": 72.79166269008077
  },
  "Pos40": {
    "kf_pos_tx_nm": -6408.352206678098,
    "kf_P_tx": 219.20833201351496,
    "kf_pos_ty_nm": 480.05581924290345,
    "kf_P_ty": 72.79166269008077
  },
  "Pos41": {
    "kf_pos_tx_nm": -5761.812956727928,
    "kf_P_tx": 219.20833201351496,
    "kf_pos_ty_nm": 3283.0462856917916,
    "kf_P_ty": 72.79166269008077
  },
  "Pos42": {
    "kf_pos_tx_nm": -4523.03720214848,
    "kf_P_tx": 219.20833201351496,
    "kf_pos_ty_nm": 5923.414349048437,
    "kf_P_ty": 72.79166269008077
  },
  "Pos43": {
    "kf_pos_tx_nm": -6820.036716903194,
    "kf_P_tx": 219.20833201351496,
    "kf_pos_ty_nm": 8435.364195596292,
    "kf_P_ty": 72.79166269008077
  },
  "Pos44": {
    "kf_pos_tx_nm": -15592.127674921707,
    "kf_P_tx": 219.20833201351496,
    "kf_pos_ty_nm": 13859.623806780455,
    "kf_P_ty": 72.79166269008077
  },
  "Pos45": {
    "kf_pos_tx_nm": -6646.091527793911,
    "kf_P_tx": 219.20833201351496,
    "kf_pos_ty_nm": -972.2119040993957,
    "kf_P_ty": 72.79166269008077
  },
  "Pos46": {
    "kf_pos_tx_nm": -5286.882256375008,
    "kf_P_tx": 219.20833201351496,
    "kf_pos_ty_nm": -4311.552884393463,
    "kf_P_ty": 72.79166269008077
  },
  "Pos47": {
    "kf_pos_tx_nm": -10408.446943037881,
    "kf_P_tx": 219.20833201351496,
    "kf_pos_ty_nm": 3166.617401431224,
    "kf_P_ty": 72.79166269008077
  },
  "Pos48": {
    "kf_pos_tx_nm": -15220.283756099307,
    "kf_P_tx": 219.20833201351496,
    "kf_pos_ty_nm": 15046.215427773734,
    "kf_P_ty": 72.79166269008077
  },