{
  "kf_pos_tx_nm": 1443.6196005900738,
  "kf_P_tx": 219.20833201351496,
  "kf_pos_ty_nm": -1003.2975053819403,
  "kf_P_ty": 72.79166269008077
}