{
  "Pos1": {
    "kf_pos_tx_nm": -628.8113728560289,
    "kf_P_tx": 219.2084665075338,
    "kf_pos_ty_nm": 1094.379688823466,
    "kf_P_ty": 72.79201657806195
  },
  "Pos2": {
    "kf_pos_tx_nm": -392.08643870329985,
    "kf_P_tx": 219.2084665075338,
    "kf_pos_ty_nm": 1214.7183088068796,
    "kf_P_ty": 72.79201657806195
  },
  "Pos3": {
    "kf_pos_tx_nm": -739.7050087414195,
    "kf_P_tx": 219.2084665075338,
    "kf_pos_ty_nm": 896.5056664981887,
    "kf_P_ty": 72.79201657806195
  },
  "Pos4": {
    "kf_pos_tx_nm": -480.1550742059374,
    "kf_P_tx": 219.2084665075338,
    "kf_pos_ty_nm": 1137.7503660918858,
    "kf_P_ty": 72.79201657806195
  },
  "Pos5": {
    "kf_pos_tx_nm": -85.69312764974192,
    "kf_P_tx": 219.2084665075338,
    "kf_pos_ty_nm": 1171.6153552333865,
    "kf_P_ty": 72.79201657806195
  },
  "Pos6": {
    "kf_pos_tx_nm": -248.47765799302613,
    "kf_P_tx": 219.2084665075338,
    "kf_pos_ty_nm": 832.7261460308285,
    "kf_P_ty": 72.79201657806195
  },
  "Pos7": {
    "kf_pos_tx_nm": -327.0245152648638,
    "kf_P_tx": 219.2084665075338,
    "kf_pos_ty_nm": 1221.6091740086274,
    "kf_P_ty": 72.79201657806195
  },
  "Pos8": {
    "kf_pos_tx_nm": -145.1247325699423,
    "kf_P_tx": 219.2084665075338,
    "kf_pos_ty_nm": 1280.2148252186646,
    "kf_P_ty": 72.79201657806195
  },
  "Pos9": {
    "kf_pos_tx_nm": -64.22460683546745,
    "kf_P_tx": 219.2084665075338,
    "kf_pos_ty_nm": 1341.3847874395833,
    "kf_P_ty": 72.79201657806195
  },
  "Pos10": {
    "kf_pos_tx_nm": -420.31958462471295,
    "kf_P_tx": 219.2084665075338,
    "kf_pos_ty_nm": 1062.7449365145071,
    "kf_P_ty": 72.79201657806195
  },
  "Pos11": {
    "kf_pos_tx_nm": -228.35274113840956,
    "kf_P_tx": 219.2084665075338,
    "kf_pos_ty_nm": 1414.1134097652725,
    "kf_P_ty": 72.79201657806195
  },
  "Pos12": {
    "kf_pos_tx_nm": -557.1900116932563,
    "kf_P_tx": 219.2084665075338,
    "kf_pos_ty_nm": 1171.948557546481,
    "kf_P_ty": 72.79201657806195
  },
  "Pos13": {
    "kf_pos_tx_nm": 177.83243532856832,
    "kf_P_tx": 219.2084665075338,
    "kf_pos_ty_nm": 872.1252320201141,
    "kf_P_ty": 72.79201657806195
  },
  "Pos14": {
    "kf_pos_tx_nm": -416.5043225038578,
    "kf_P_tx": 219.2084665075338,
    "kf_pos_ty_nm": 904.0067500057028,
    "kf_P_ty": 72.79201657806195
  },
  "Pos15": {
    "kf_pos_tx_nm": -488.51999961631225,
    "kf_P_tx": 219.2084665075338,
    "kf_pos_ty_nm": 1129.3684866167168,
    "kf_P_ty": 72.79201657806195
  },
  "Pos16": {
    "kf_pos_tx_nm": 110.90835689453024,
    "kf_P_tx": 219.2084665075338,
    "kf_pos_ty_nm": 982.1556867169949,
    "kf_P_ty": 72.79201657806195
  },
  "Pos17": {
    "kf_pos_tx_nm": -118.26876344298788,
    "kf_P_tx": 219.2084665075338,
    "kf_pos_ty_nm": 733.2818133580367,
    "kf_P_ty": 72.79201657806195
  },
  "Pos18": {
    "kf_pos_tx_nm": -373.39700059912525,
    "kf_P_tx": 219.2084665075338,
    "kf_pos_ty_nm": 982.4890319323089,
    "kf_P_ty": 72.79201657806195
  },
  "Pos19": {
    "kf_pos_tx_nm": -428.5185160571591,
    "kf_P_tx": 219.2084665075338,
    "kf_pos_ty_nm": 1033.5551794434286,
    "kf_P_ty": 72.79201657806195
  },
  "Pos20": {
    "kf_pos_tx_nm": -618.2224652764969,
    "kf_P_tx": 219.2084665075338,
    "kf_pos_ty_nm": 618.2477968097185,
    "kf_P_ty": 72.79201657806195
  },
  "Pos21": {
    "kf_pos_tx_nm": -269.8446013134345,
    "kf_P_tx": 219.2084665075338,
    "kf_pos_ty_nm": 974.5636234480555,
    "kf_P_ty": 72.79201657806195
  },
  "Pos22": {
    "kf_pos_tx_nm": -185.50792762704256,
    "kf_P_tx": 219.2084665075338,
    "kf_pos_ty_nm": 1073.3135767374451,
    "kf_P_ty": 72.79201657806195
  },
  "Pos23": {
    "kf_pos_tx_nm": -617.5262375284452,
    "kf_P_tx": 219.2084665075338,
    "kf_pos_ty_nm": 489.6381242859503,
    "kf_P_ty": 72.79201657806195
  },
  "Pos24": {
    "kf_pos_tx_nm": -455.85659531715,
    "kf_P_tx": 219.2084665075338,
    "kf_pos_ty_nm": 900.9470330769022,
    "kf_P_ty": 72.79201657806195
  },
  "Pos25": {
    "kf_pos_tx_nm": -572.745705502127,
    "kf_P_tx": 219.2084665075338,
    "kf_pos_ty_nm": 458.0654734858592,
    "kf_P_ty": 72.79201657806195
  },
  "Pos26": {
    "kf_pos_tx_nm": -350.10631320134405,
    "kf_P_tx": 219.2084665075338,
    "kf_pos_ty_nm": 390.76825318265327,
    "kf_P_ty": 72.79201657806195
  },
  "Pos27": {
    "kf_pos_tx_nm": -237.16422527419257,
    "kf_P_tx": 219.2084665075338,
    "kf_pos_ty_nm": 1229.6121064279382,
    "kf_P_ty": 72.79201657806195
  },
  "Pos28": {
    "kf_pos_tx_nm": -878.9093193420333,
    "kf_P_tx": 219.2084665075338,
    "kf_pos_ty_nm": 529.3418211038942,
    "kf_P_ty": 72.79201657806195
  },
  "Pos29": {
    "kf_pos_tx_nm": -879.4045490918367,
    "kf_P_tx": 219.2084665075338,
    "kf_pos_ty_nm": 641.8468963048828,
    "kf_P_ty": 72.79201657806195
  },
  "Pos30": {
    "kf_pos_tx_nm": -747.925298278996,
    "kf_P_tx": 219.2084665075338,
    "kf_pos_ty_nm": 400.36444484766696,
    "kf_P_ty": 72.79201657806195
  },
  "Pos31": {
    "kf_pos_tx_nm": -765.2529968035496,
    "kf_P_tx": 219.2084665075338,
    "kf_pos_ty_nm": 295.87074101508983,
    "kf_P_ty": 72.79201657806195
  },
  "Pos32": {
    "kf_pos_tx_nm": -837.3098205899761,
    "kf_P_tx": 219.2084665075338,
    "kf_pos_ty_nm": 460.76341021392005,
    "kf_P_ty": 72.79201657806195
  },
  "Pos33": {
    "kf_pos_tx_nm": -421.2626114667377,
    "kf_P_tx": 219.2084665075338,
    "kf_pos_ty_nm": 267.0897062538369,
    "kf_P_ty": 72.79201657806195
  },
  "Pos34": {
    "kf_pos_tx_nm": -1205.7566392961828,
    "kf_P_tx": 219.2084665075338,
    "kf_pos_ty_nm": -24.867414850033228,
    "kf_P_ty": 72.79201657806195
  },
  "Pos35": {
    "kf_pos_tx_nm": -1242.9141374039234,
    "kf_P_tx": 219.2084665075338,
    "kf_pos_ty_nm": 725.3549067695988,
    "kf_P_ty": 72.79201657806195
  },
  "Pos36": {
    "kf_pos_tx_nm": -945.4279193349951,
    "kf_P_tx": 219.2084665075338,
    "kf_pos_ty_nm": 299.0130165190746,
    "kf_P_ty": 72.79201657806195
  },
  "Pos37": {
    "kf_pos_tx_nm": -1118.8391442431862,
    "kf_P_tx": 219.2084665075338,
    "kf_pos_ty_nm": -246.12343740875974,
    "kf_P_ty": 72.79201657806195
  },
  "Pos38": {
    "kf_pos_tx_nm": -1124.5840438818936,
    "kf_P_tx": 219.2084665075338,
    "kf_pos_ty_nm": 240.77378189742387,
    "kf_P_ty": 72.79201657806195
  },
  "Pos39": {
    "kf_pos_tx_nm": -1390.3546182709304,
    "kf_P_tx": 219.2084665075338,
    "kf_pos_ty_nm": -22.99011630128564,
    "kf_P_ty": 72.79201657806195
  },
  "Pos40": {
    "kf_pos_tx_nm": -898.3781191954846,
    "kf_P_tx": 219.2084665075338,
    "kf_pos_ty_nm": 99.60736404902843,
    "kf_P_ty": 72.79201657806195
  },
  "Pos41": {
    "kf_pos_tx_nm": -1318.89322291365,
    "kf_P_tx": 219.2084665075338,
    "kf_pos_ty_nm": -161.6037774349181,
    "kf_P_ty": 72.79201657806195
  },
  "Pos42": {
    "kf_pos_tx_nm": -1144.2900598749998,
    "kf_P_tx": 219.2084665075338,
    "kf_pos_ty_nm": -218.00567471174003,
    "kf_P_ty": 72.79201657806195
  },
  "Pos43": {
    "kf_pos_tx_nm": -1389.9351197403041,
    "kf_P_tx": 219.2084665075338,
    "kf_pos_ty_nm": -182.76836818000652,
    "kf_P_ty": 72.79201657806195
  },
  "Pos44": {
    "kf_pos_tx_nm": -1357.8823021139176,
    "kf_P_tx": 219.2084665075338,
    "kf_pos_ty_nm": -81.3364103524338,
    "kf_P_ty": 72.79201657806195
  },
  "Pos45": {
    "kf_pos_tx_nm": -1513.609483978605,
    "kf_P_tx": 219.2084665075338,
    "kf_pos_ty_nm": -427.54427547855096,
    "kf_P_ty": 72.79201657806195
  },
  "Pos46": {
    "kf_pos_tx_nm": -1407.3955843903136,
    "kf_P_tx": 219.2084665075338,
    "kf_pos_ty_nm": -674.4199371176986,
    "kf_P_ty": 72.79201657806195
  },
  "Pos47": {
    "kf_pos_tx_nm": -1175.5551804455063,
    "kf_P_tx": 219.2084665075338,
    "kf_pos_ty_nm": -562.1750226010995,
    "kf_P_ty": 72.79201657806195
  },
  "Pos48": {
    "kf_pos_tx_nm": -1426.8530350343851,
    "kf_P_tx": 219.2084665075338,
    "kf_pos_ty_nm": -928.4751549263195,
    "kf_P_ty": 72.79201657806195
  },
  "Pos49": {
    "kf_pos_tx_nm": -1191.4697571351517,
    "kf_P_tx": 219.2084665075338,