{
  "kf_pos_tx_nm": 4070.0162786895294,
  "kf_P_tx": 219.20833201351496,
  "kf_pos_ty_nm": 3562.2760277077564,
  "kf_P_ty": 72.79166269008077
}