{
  "Pos1": {
    "kf_pos_tx_nm": 2618.593994489257,
    "kf_P_tx": 219.21169539492777,
    "kf_pos_ty_nm": -779.6081116506028,
    "kf_P_ty": 72.80050196127515
  },
  "Pos2": {
    "kf_pos_tx_nm": 2838.7007762078765,
    "kf_P_tx": 219.21169539492777,
    "kf_pos_ty_nm": -226.55197675864673,
    "kf_P_ty": 72.80050196127515
  },
  "Pos3": {
    "kf_pos_tx_nm": 2610.3960659313943,
    "kf_P_tx": 219.21169539492777,
    "kf_pos_ty_nm": 440.88862510354545,
    "kf_P_ty": 72.80050196127515
  },
  "Pos4": {
    "kf_pos_tx_nm": 2692.437346238522,
    "kf_P_tx": 219.21169539492777,
    "kf_pos_ty_nm": -831.7323491578011,
    "kf_P_ty": 72.80050196127515
  },
  "Pos5": {
    "kf_pos_tx_nm": 2597.688517301398,
    "kf_P_tx": 219.21169539492777,
    "kf_pos_ty_nm": 1000.0880745936761,
    "kf_P_ty": 72.80050196127515
  },
  "Pos6": {
    "kf_pos_tx_nm": 2812.3014278289193,
    "kf_P_tx": 219.21169539492777,
    "kf_pos_ty_nm": -925.1612656265156,
    "kf_P_ty": 72.80050196127515
  },
  "Pos7": {
    "kf_pos_tx_nm": 2250.1909583420256,
    "kf_P_tx": 219.21169539492777,
    "kf_pos_ty_nm": -1421.2142706055652,
    "kf_P_ty": 72.80050196127515
  },
  "Pos8": {
    "kf_pos_tx_nm": 2660.215303552088,
    "kf_P_tx": 219.21169539492777,
    "kf_pos_ty_nm": -1533.378159765669,
    "kf_P_ty": 72.80050196127515
  },
  "Pos9": {
    "kf_pos_tx_nm": 2210.4618495039886,
    "kf_P_tx": 219.21169539492777,
    "kf_pos_ty_nm": -1730.9544938980193,
    "kf_P_ty": 72.80050196127515
  },
  "Pos10": {
    "kf_pos_tx_nm": 2750.0362208049137,
    "kf_P_tx": 219.21169539492777,
    "kf_pos_ty_nm": 743.6663241267348,
    "kf_P_ty": 72.80050196127515
  },
  "Pos11": {
    "kf_pos_tx_nm": 2404.033672885241,
    "kf_P_tx": 219.21169539492777,
    "kf_pos_ty_nm": -337.91148078118044,
    "kf_P_ty": 72.80050196127515
  },
  "Pos12": {
    "kf_pos_tx_nm": 2373.7453829584315,
    "kf_P_tx": 219.21169539492777,
    "kf_pos_ty_nm": 598.9511202716325,
    "kf_P_ty": 72.80050196127515
  },
  "Pos13": {
    "kf_pos_tx_nm": 2854.4553831298267,
    "kf_P_tx": 219.21169539492777,
    "kf_pos_ty_nm": 368.7413595342108,
    "kf_P_ty": 72.80050196127515
  },
  "Pos14": {
    "kf_pos_tx_nm": 2456.0404740889257,
    "kf_P_tx": 219.21169539492777,
    "kf_pos_ty_nm": -1588.4602437609985,
    "kf_P_ty": 72.80050196127515
  },
  "Pos15": {
    "kf_pos_tx_nm": 2363.5664359947486,
    "kf_P_tx": 219.21169539492777,
    "kf_pos_ty_nm": -55.41530792333353,
    "kf_P_ty": 72.80050196127515
  },
  "Pos16": {
    "kf_pos_tx_nm": 2479.8117556430575,
    "kf_P_tx": 219.21169539492777,
    "kf_pos_ty_nm": -1637.4383158022792,
    "kf_P_ty": 72.80050196127515
  },
  "Pos17": {
    "kf_pos_tx_nm": 2723.6786447052696,
    "kf_P_tx": 219.21169539492777,
    "kf_pos_ty_nm": -1637.4615697793588,
    "kf_P_ty": 72.80050196127515
  },
  "Pos18": {
    "kf_pos_tx_nm": 2530.531165612735,
    "kf_P_tx": 219.21169539492777,
    "kf_pos_ty_nm": -1857.1625768398612,
    "kf_P_ty": 72.80050196127515
  },
  "Pos19": {
    "kf_pos_tx_nm": 2782.059445948964,
    "kf_P_tx": 219.21169539492777,
    "kf_pos_ty_nm": 599.9930604782669,
    "kf_P_ty": 72.80050196127515
  },
  "Pos20": {
    "kf_pos_tx_nm": 2476.5180155775533,
    "kf_P_tx": 219.21169539492777,
    "kf_pos_ty_nm": -1171.0244179707843,
    "kf_P_ty": 72.80050196127515
  },
  "Pos21": {
    "kf_pos_tx_nm": 2700.2647042851777,
    "kf_P_tx": 219.21169539492777,
    "kf_pos_ty_nm": -1557.6592843966264,
    "kf_P_ty": 72.80050196127515
  },
  "Pos22": {
    "kf_pos_tx_nm": 2531.4444832844983,
    "kf_P_tx": 219.21169539492777,
    "kf_pos_ty_nm": -726.3132769533884,
    "kf_P_ty": 72.80050196127515
  },
  "Pos23": {
    "kf_pos_tx_nm": 2437.224588577746,
    "kf_P_tx": 219.21169539492777,
    "kf_pos_ty_nm": 87.45097725644901,
    "kf_P_ty": 72.80050196127515
  },
  "Pos24": {
    "kf_pos_tx_nm": 2409.7444392415955,
    "kf_P_tx": 219.21169539492777,
    "kf_pos_ty_nm": -1617.7948019007945,
    "kf_P_ty": 72.80050196127515
  },
  "Pos25": {
    "kf_pos_tx_nm": 2283.5447917698993,
    "kf_P_tx": 219.21169539492777,
    "kf_pos_ty_nm": 580.7567392816438,
    "kf_P_ty": 72.80050196127515
  },
  "Pos26": {
    "kf_pos_tx_nm": 2596.3989611638854,
    "kf_P_tx": 219.21169539492777,
    "kf_pos_ty_nm": -1458.3517353281252,
    "kf_P_ty": 72.80050196127515
  },
  "Pos27": {
    "kf_pos_tx_nm": 2763.6398828130277,
    "kf_P_tx": 219.21169539492777,
    "kf_pos_ty_nm": 357.3562558108596,
    "kf_P_ty": 72.80050196127515
  },
  "Pos28": {
    "kf_pos_tx_nm": 3090.0178377201323,
    "kf_P_tx": 219.21169539492777,
    "kf_pos_ty_nm": -1898.5818380827623,
    "kf_P_ty": 72.80050196127515
  },
  "Pos29": {
    "kf_pos_tx_nm": 2921.753778811806,
    "kf_P_tx": 219.21169539492777,
    "kf_pos_ty_nm": -150.3701845661721,
    "kf_P_ty": 72.80050196127515
  },
  "Pos30": {
    "kf_pos_tx_nm": 2190.338824914955,
    "kf_P_tx": 219.21169539492777,
    "kf_pos_ty_nm": -2161.455485860717,
    "kf_P_ty": 72.80050196127515
  },
  "Pos31": {
    "kf_pos_tx_nm": 9129.096610328828,
    "kf_P_tx": 219.21169539492777,
    "kf_pos_ty_nm": -1593.1799608808965,
    "kf_P_ty": 72.80050196127515
  },
  "Pos32": {
    "kf_pos_tx_nm": 7282.113332292496,
    "kf_P_tx": 219.21169539492777,
    "kf_pos_ty_nm": -897.2504908827736,
    "kf_P_ty": 72.80050196127515
  },
  "Pos33": {
    "kf_pos_tx_nm": 5603.659534988725,
    "kf_P_tx": 219.21169539492777,
    "kf_pos_ty_nm": 4732.826551537267,
    "kf_P_ty": 72.80050196127515
  },
  "Pos34": {
    "kf_pos_tx_nm": 4994.02472158126,
    "kf_P_tx": 219.21169539492777,
    "kf_pos_ty_nm": 1003.0595605720737,
    "kf_P_ty": 72.80050196127515
  },
  "Pos35": {
    "kf_pos_tx_nm": 3659.431667758491,
    "kf_P_tx": 219.21169539492777,
    "kf_pos_ty_nm": -2596.0568215779476,
    "kf_P_ty": 72.80050196127515
  },
  "Pos36": {
    "kf_pos_tx_nm": 3747.2482570296697,
    "kf_P_tx": 219.21169539492777,
    "kf_pos_ty_nm": 2285.92150272875,
    "kf_P_ty": 72.80050196127515
  },
  "Pos37": {
    "kf_pos_tx_nm": 3353.2602480281303,
    "kf_P_tx": 219.21169539492777,
    "kf_pos_ty_nm": -1927.5587172685662,
    "kf_P_ty": 72.80050196127515
  },
  "Pos38": {
    "kf_pos_tx_nm": 3533.8713766140418,
    "kf_P_tx": 219.21169539492777,
    "kf_pos_ty_nm": 567.6414970013988,
    "kf_P_ty": 72.80050196127515
  },
  "Pos39": {
    "kf_pos_tx_nm": 3636.6346227636072,
    "kf_P_tx": 219.21169539492777,
    "kf_pos_ty_nm": -690.2602517852105,
    "kf_P_ty": 72.80050196127515
  },
  "Pos40": {
    "kf_pos_tx_nm": 5264.849695909348,
    "kf_P_tx": 219.21169539492777,
    "kf_pos_ty_nm": -1626.3905768588947,
    "kf_P_ty": 72.80050196127515
  },
  "Pos41": {
    "kf_pos_tx_nm": 4324.191277047499,
    "kf_P_tx": 219.21169539492777,
    "kf_pos_ty_nm": -3107.332852384851,
    "kf_P_ty": 72.80050196127515
  },
  "Pos42": {
    "kf_pos_tx_nm": 6154.017516965024,
    "kf_P_tx": 219.21169539492777,
    "kf_pos_ty_nm": -7113.851050502672,
    "kf_P_ty": 72.80050196127515
  },
  "Pos43": {
    "kf_pos_tx_nm": 4060.7517224665253,
    "kf_P_tx": 219.21169539492777,
    "kf_pos_ty_nm": 1114.011961604633,
    "kf_P_ty": 72.80050196127515
  },
  "Pos44": {
    "kf_pos_tx_nm": 2095.1251832812823,
    "kf_P_tx": 219.21169539492777,
    "kf_pos_ty_nm": -2281.043372231673,
    "kf_P_ty": 72.80050196127515
  },
  "Pos45": {
    "kf_pos_tx_nm": 4221.397039602834,
    "kf_P_tx": 219.21169539492777,
    "kf_pos_ty_nm": -2323.83325570115,
    "kf_P_ty": 72.80050196127515
  },
  "Pos46": {
    "kf_pos_tx_nm": 1692.041908930709,
    "kf_P_tx": 219.21169539492777,
    "kf_pos_ty_nm": -91.12579967030243,
    "kf_P_ty": 72.80050196127515
  },
  "Pos47": {
    "kf_pos_tx_nm": 3115.865111852633,
    "kf_P_tx": 219.21169539492777,
    "kf_pos_ty_nm": -4132.091085822471,
    "kf_P_ty": 72.80050196127515
  },
  "Pos48": {
    "kf_pos_tx_nm": 4063.5305967222002,
    "kf_P_tx": 219.21169539492777,
    "kf_pos_ty_nm": -1601.7912897427063,
    "kf_P_ty": 72.80050196127515
  },
  "Pos49": {
    "kf_pos_tx_nm": 2885.5639624322857,