{
  "kf_pos_tx_nm": 171.84181328969933,
  "kf_P_tx": 2867.74884729278,
  "kf_pos_ty_nm": -36.45219359584319,
  "kf_P_ty": 2867.74884729278
}