{
  "kf_pos_tx_nm": 2576.533491615031,
  "kf_P_tx": 219.20833201351496,
  "kf_pos_ty_nm": -1659.097282313511,
  "kf_P_ty": 72.79166269008077
}