{
  "kf_pos_tx_nm": 2856.4297137104236,
  "kf_P_tx": 219.20833201351496,
  "kf_pos_ty_nm": -645.8507845907048,
  "kf_P_ty": 72.79166269008077
}