{
  "kf_pos_tx_nm": 2806.0301235232514,
  "kf_P_tx": 219.20833201351496,
  "kf_pos_ty_nm": -1085.618760889818,
  "kf_P_ty": 72.79166269008077
}