{
  "kf_pos_tx_nm": 2590.623350111422,
  "kf_P_tx": 219.20833201351496,
  "kf_pos_ty_nm": -1662.2574053076223,
  "kf_P_ty": 72.79166269008077
}