{
  "Pos1": {
    "kf_pos_tx_nm": 1764.1845503486697,
    "kf_P_tx": 219.20833201351496,
    "kf_pos_ty_nm": -1080.4109315705273,
    "kf_P_ty": 72.79166269008078
  },
  "Pos2": {
    "kf_pos_tx_nm": 1871.4820761865112,
    "kf_P_tx": 219.20833201351496,
    "kf_pos_ty_nm": -1365.878108516072,
    "kf_P_ty": 72.79166269008078
  },
  "Pos3": {
    "kf_pos_tx_nm": 1670.4528800385185,
    "kf_P_tx": 219.20833201351496,
    "kf_pos_ty_nm": -1297.5065447606098,
    "kf_P_ty": 72.79166269008078
  },
  "Pos4": {
    "kf_pos_tx_nm": 1808.3013702819953,
    "kf_P_tx": 219.20833201351496,
    "kf_pos_ty_nm": -999.8540678795481,
    "kf_P_ty": 72.79166269008078
  },
  "Pos5": {
    "kf_pos_tx_nm": 1935.0813418965495,
    "kf_P_tx": 219.20833201351496,
    "kf_pos_ty_nm": -488.0045302786636,
    "kf_P_ty": 72.79166269008078
  },
  "Pos6": {
    "kf_pos_tx_nm": 2090.546534965593,
    "kf_P_tx": 219.20833201351496,
    "kf_pos_ty_nm": -1407.8855774605138,
    "kf_P_ty": 72.79166269008078
  },
  "Pos7": {
    "kf_pos_tx_nm": 1497.720718896568,
    "kf_P_tx": 219.20833201351496,
    "kf_pos_ty_nm": -1312.9353424011829,
    "kf_P_ty": 72.79166269008078
  },
  "Pos8": {
    "kf_pos_tx_nm": 1884.038324618474,
    "kf_P_tx": 219.20833201351496,
    "kf_pos_ty_nm": -1295.905845436965,
    "kf_P_ty": 72.79166269008078
  },
  "Pos9": {
    "kf_pos_tx_nm": 1928.5110059633423,
    "kf_P_tx": 219.20833201351496,
    "kf_pos_ty_nm": -1496.9934253341057,
    "kf_P_ty": 72.79166269008078
  },
  "Pos10": {
    "kf_pos_tx_nm": 1908.866389675191,
    "kf_P_tx": 219.20833201351496,
    "kf_pos_ty_nm": -1028.669088632691,
    "kf_P_ty": 72.79166269008078
  },
  "Pos11": {
    "kf_pos_tx_nm": 1768.4722085561841,
    "kf_P_tx": 219.20833201351496,
    "kf_pos_ty_nm": -1296.7760242404515,
    "kf_P_ty": 72.79166269008078
  },
  "Pos12": {
    "kf_pos_tx_nm": 1946.4226593334645,
    "kf_P_tx": 219.20833201351496,
    "kf_pos_ty_nm": -780.1090788312687,
    "kf_P_ty": 72.79166269008078
  },
  "Pos13": {
    "kf_pos_tx_nm": 1966.5289653804668,
    "kf_P_tx": 219.20833201351496,
    "kf_pos_ty_nm": -973.7498606678258,
    "kf_P_ty": 72.79166269008078
  },
  "Pos14": {
    "kf_pos_tx_nm": 1918.4067356094413,
    "kf_P_tx": 219.20833201351496,
    "kf_pos_ty_nm": -1236.7986771442309,
    "kf_P_ty": 72.79166269008078
  },
  "Pos15": {
    "kf_pos_tx_nm": 1973.1293754227909,
    "kf_P_tx": 219.20833201351496,
    "kf_pos_ty_nm": -1279.6727446718708,
    "kf_P_ty": 72.79166269008078
  },
  "Pos16": {
    "kf_pos_tx_nm": 1946.4673314504134,
    "kf_P_tx": 219.20833201351496,
    "kf_pos_ty_nm": -1290.0463541793001,
    "kf_P_ty": 72.79166269008078
  },
  "Pos17": {
    "kf_pos_tx_nm": 1902.8231246345874,
    "kf_P_tx": 219.20833201351496,
    "kf_pos_ty_nm": -1269.4926136123609,
    "kf_P_ty": 72.79166269008078
  },
  "Pos18": {
    "kf_pos_tx_nm": 1887.4273157592145,
    "kf_P_tx": 219.20833201351496,
    "kf_pos_ty_nm": -1367.8848697952783,
    "kf_P_ty": 72.79166269008078
  },
  "Pos19": {
    "kf_pos_tx_nm": 1989.3768370117184,
    "kf_P_tx": 219.20833201351496,
    "kf_pos_ty_nm": -1251.3412782640564,
    "kf_P_ty": 72.79166269008078
  },
  "Pos20": {
    "kf_pos_tx_nm": 1856.2381660258077,
    "kf_P_tx": 219.20833201351496,
    "kf_pos_ty_nm": -1181.0960507845984,
    "kf_P_ty": 72.79166269008078
  },
  "Pos21": {
    "kf_pos_tx_nm": 1844.790200880408,
    "kf_P_tx": 219.20833201351496,
    "kf_pos_ty_nm": -1129.8543643047713,
    "kf_P_ty": 72.79166269008078
  },
  "Pos22": {
    "kf_pos_tx_nm": 2050.069647870787,
    "kf_P_tx": 219.20833201351496,
    "kf_pos_ty_nm": -1450.1226215983088,
    "kf_P_ty": 72.79166269008078
  },
  "Pos23": {
    "kf_pos_tx_nm": 1724.3544684248207,
    "kf_P_tx": 219.20833201351496,
    "kf_pos_ty_nm": -1464.7235460635825,
    "kf_P_ty": 72.79166269008078
  },
  "Pos24": {
    "kf_pos_tx_nm": 1914.7876536047563,
    "kf_P_tx": 219.20833201351496,
    "kf_pos_ty_nm": -1475.3561729791775,
    "kf_P_ty": 72.79166269008078
  },
  "Pos25": {
    "kf_pos_tx_nm": 1653.4843348843517,
    "kf_P_tx": 219.20833201351496,
    "kf_pos_ty_nm": -1245.5049407582676,
    "kf_P_ty": 72.79166269008078
  },
  "Pos26": {
    "kf_pos_tx_nm": 2073.206951036455,
    "kf_P_tx": 219.20833201351496,
    "kf_pos_ty_nm": -1556.5866984434115,
    "kf_P_ty": 72.79166269008078
  },
  "Pos27": {
    "kf_pos_tx_nm": 1847.003893430626,
    "kf_P_tx": 219.20833201351496,
    "kf_pos_ty_nm": -1242.5833072619575,
    "kf_P_ty": 72.79166269008078
  },
  "Pos28": {
    "kf_pos_tx_nm": 1932.2146852846984,
    "kf_P_tx": 219.20833201351496,
    "kf_pos_ty_nm": -1472.1155613912142,
    "kf_P_ty": 72.79166269008078
  },
  "Pos29": {
    "kf_pos_tx_nm": 1921.4416882333294,
    "kf_P_tx": 219.20833201351496,
    "kf_pos_ty_nm": -1232.666169353908,
    "kf_P_ty": 72.79166269008078
  },
  "Pos30": {
    "kf_pos_tx_nm": 1736.2050336031607,
    "kf_P_tx": 219.20833201351496,
    "kf_pos_ty_nm": -1333.8725325588498,
    "kf_P_ty": 72.79166269008078
  },
  "Pos31": {
    "kf_pos_tx_nm": 6912.399516992115,
    "kf_P_tx": 219.2083322285745,
    "kf_pos_ty_nm": 2771.1872797399456,
    "kf_P_ty": 72.7916632573393
  },
  "Pos32": {
    "kf_pos_tx_nm": 4565.504187208026,
    "kf_P_tx": 219.20833201351496,
    "kf_pos_ty_nm": -1482.5012851878196,
    "kf_P_ty": 72.79166269008078
  },
  "Pos33": {
    "kf_pos_tx_nm": 1709.9088238365916,
    "kf_P_tx": 219.20833201351496,
    "kf_pos_ty_nm": -721.3497063300351,
    "kf_P_ty": 72.79166269008078
  },
  "Pos34": {
    "kf_pos_tx_nm": 6024.373636148972,
    "kf_P_tx": 219.2083322285745,
    "kf_pos_ty_nm": -3135.9635203677435,
    "kf_P_ty": 72.7916632573393
  },
  "Pos35": {
    "kf_pos_tx_nm": 2451.024349336306,
    "kf_P_tx": 219.20833201351496,
    "kf_pos_ty_nm": -2261.7880551508415,
    "kf_P_ty": 72.79166269008078
  },
  "Pos36": {
    "kf_pos_tx_nm": 2463.4532865579176,
    "kf_P_tx": 219.20833201351496,
    "kf_pos_ty_nm": -1908.9386665989314,
    "kf_P_ty": 72.79166269008078
  },
  "Pos37": {
    "kf_pos_tx_nm": 2574.659347585173,
    "kf_P_tx": 219.20833201351496,
    "kf_pos_ty_nm": -2255.6804055793878,
    "kf_P_ty": 72.79166269008078
  },
  "Pos38": {
    "kf_pos_tx_nm": 1899.87022003338,
    "kf_P_tx": 219.20833201351496,
    "kf_pos_ty_nm": -1020.70195162501,
    "kf_P_ty": 72.79166269008078
  },
  "Pos39": {
    "kf_pos_tx_nm": 2330.3214874641853,
    "kf_P_tx": 219.20833201351496,
    "kf_pos_ty_nm": -889.0397690131183,
    "kf_P_ty": 72.79166269008078
  },
  "Pos40": {
    "kf_pos_tx_nm": -3847.1283873879474,
    "kf_P_tx": 219.21169539492777,
    "kf_pos_ty_nm": -2269.6766294122526,
    "kf_P_ty": 72.80050196127515
  },
  "Pos41": {
    "kf_pos_tx_nm": 2464.539745056388,
    "kf_P_tx": 219.20833201351496,
    "kf_pos_ty_nm": -2074.472854364821,
    "kf_P_ty": 72.79166269008078
  },
  "Pos42": {
    "kf_pos_tx_nm": 1073.8630950065328,
    "kf_P_tx": 219.20833201351496,
    "kf_pos_ty_nm": -1876.5050662529734,
    "kf_P_ty": 72.79166269008078
  },
  "Pos43": {
    "kf_pos_tx_nm": 2613.0531955660317,
    "kf_P_tx": 219.20833201351496,
    "kf_pos_ty_nm": -2299.8795990921176,
    "kf_P_ty": 72.79166269008078
  },
  "Pos44": {
    "kf_pos_tx_nm": 1694.0501521042825,
    "kf_P_tx": 219.20833201351496,
    "kf_pos_ty_nm": -1724.4482518317202,
    "kf_P_ty": 72.79166269008078
  },
  "Pos45": {
    "kf_pos_tx_nm": 2090.0464010842506,
    "kf_P_tx": 219.20833201351496,
    "kf_pos_ty_nm": -1862.8691981677725,
    "kf_P_ty": 72.79166269008078
  },
  "Pos46": {
    "kf_pos_tx_nm": 1640.8003354260745,
    "kf_P_tx": 219.20833201351496,
    "kf_pos_ty_nm": -1677.0816522487423,
    "kf_P_ty": 72.79166269008078
  },
  "Pos47": {
    "kf_pos_tx_nm": 2147.413400440463,
    "kf_P_tx": 219.20833201351496,
    "kf_pos_ty_nm": -2594.5354218831735,
    "kf_P_ty": 72.79166269008078
  },
  "Pos48": {
    "kf_pos_tx_nm": 2160.557749231441,
    "kf_P_tx": 219.20833201351496,
    "kf_pos_ty_nm": -2571.8600470835263,
    "kf_P_ty": 72.79166269008078
  },