pos,ch,start_frame,end_frame,t_start,t_end,n_points,slope_per_h,intercept,doubling_time_h,r2
Pos1,ch01,18,43,1.3333333333333333,3.4166666666666665,25,0.3538769396368488,2.2405031910922864,1.9587237904545522,0.9896299669109133
Pos1,ch01,43,69,3.4166666666666665,5.583333333333333,26,0.3566317628949977,1.4995527598492633,1.9435935120675918,0.9959410827017041
Pos1,ch01,69,91,5.583333333333333,7.416666666666667,22,0.3458128990493237,0.8248844674383042,2.004399438151325,0.9959608559710674
Pos1,ch01,91,116,7.416666666666667,9.5,25,0.37022350730658116,-0.12033601078359216,1.8722397872643777,0.9964207020230467
Pos1,ch01,116,142,9.5,11.666666666666666,26,0.3458068465165522,-0.5426837467320812,2.004434520433266,0.9963559523780349
Pos1,ch01,142,166,11.666666666666666,13.666666666666666,24,0.3553920567583873,-1.4234528931872668,1.9503733057015966,0.9977900728015574
Pos1,ch01,166,197,13.666666666666666,16.25,31,0.3544894917486776,-2.19261760375405,1.955339147405153,0.999124456651053
Pos1,ch01,197,223,16.25,18.416666666666668,26,0.3421800317240255,-2.779614477808186,2.025679806818714,0.9988272811980801
Pos1,ch01,223,247,18.416666666666668,20.416666666666668,24,0.34954092512954077,-3.6748531494879075,1.9830215311785397,0.9983695136399415
Pos1,ch01,247,271,20.416666666666668,22.416666666666668,24,0.3562540742743582,-4.643376670981946,1.9456540447201711,0.9958959971265159
Pos1,ch01,271,295,22.416666666666668,24.416666666666668,24,0.3774558905934752,-5.824499487760759,1.8363660439107405,0.9951917218376787
Pos1,ch01,295,321,24.416666666666668,26.583333333333332,26,0.3673899833158453,-6.38178018139035,1.8866795831067782,0.9987029194325647
Pos1,ch01,321,344,26.583333333333332,28.5,23,0.3697734829186907,-7.1441155576267015,1.8745183540171837,0.9984879721670186
Pos1,ch01,344,371,28.5,30.75,27,0.350726236537835,-7.362556610237067,1.9763197284648284,0.9965963620304016
Pos1,ch01,371,395,30.75,32.75,24,0.3570436415161274,-8.357377236136754,1.9413514202818716,0.9985004289175005
Pos1,ch01,395,421,32.75,34.916666666666664,26,0.3771143485910555,-9.719264677692701,1.8380291896864343,0.992177442410645
Pos1,ch01,421,449,34.916666666666664,37.25,28,0.35199770818171794,-9.565393091782317,1.9691809476273914,0.997308561556593
Pos1,ch01,449,469,37.25,38.916666666666664,20,0.3458774119976391,-10.055365007894506,2.0040255781857086,0.9973536093225529
Pos1,ch01,469,491,38.916666666666664,40.75,22,0.3679840090067887,-11.688715607859788,1.8836339721141466,0.9983495574701192
Pos1,ch01,491,524,40.75,43.5,33,0.36888253721469494,-12.519221997785655,1.8790457954276205,0.9957161394402174
Pos1,ch06,19,46,1.4166666666666667,3.6666666666666665,27,0.36596979167485927,2.1875811028865635,1.894001079673161,0.9986201701961442
Pos1,ch06,46,67,3.6666666666666665,5.416666666666667,21,0.3699823301556113,1.3501212432151801,1.8734602278665948,0.9976575224261587
Pos1,ch06,67,102,5.416666666666667,8.333333333333334,33,0.3913438773948626,0.41718725473486723,1.7711972017402122,0.9969075769597151
Pos1,ch06,102,120,8.333333333333334,9.833333333333334,18,0.3485537225662344,-0.05771236019457923,1.9886380080999682,0.996384290137607
Pos1,ch06,120,145,9.833333333333334,11.916666666666666,25,0.39327702512199453,-1.2102840940329398,1.762490906619656,0.9960768131478613
Pos1,ch06,145,167,11.916666666666666,13.75,22,0.3947734978672164,-2.1316958380222317,1.755809810700839,0.9969482717054352
Pos1,ch06,167,197,13.75,16.25,30,0.3981072807947777,-3.026339251873585,1.7411065157516152,0.9975271951937872
Pos1,ch06,197,224,16.25,18.5,27,0.37458536582731683,-3.4852664340338086,1.850438494918365,0.9951196876185958
Pos1,ch06,224,248,18.5,20.5,24,0.3739831095945344,-4.260266116009903,1.8534184105572111,0.9896953006595505
Pos1,ch06,248,276,20.5,22.833333333333332,27,0.37141159201223656,-4.998784000928801,1.8662507995633826,0.995247910522749
Pos1,ch06,276,301,22.833333333333332,24.916666666666668,23,0.37598722517160205,-5.922786090161896,1.84353917940587,0.9883934714971238
Pos1,ch06,301,326,24.916666666666668,27.0,25,0.38497550900920663,-6.949562416281397,1.800496822106595,0.9951617405974835
Pos1,ch06,326,351,27.0,29.083333333333332,25,0.39605181880306733,-8.096813956627976,1.7501426521780614,0.9958179769628297
Pos1,ch06,351,374,29.083333333333332,31.0,23,0.39815303112916944,-8.952194369606486,1.7409064514570363,0.9926305122891829
Pos1,ch06,374,404,31.0,33.5,30,0.3923668547843266,-9.576196400323095,1.7665793430511594,0.9977227492520927
Pos1,ch06,404,425,33.5,35.25,21,0.37882976204339125,-9.909838603677521,1.8297062427754873,0.9943518069319783
Pos1,ch06,425,452,35.25,37.5,25,0.38603888753418714,-10.942238601862893,1.7955371931242574,0.9964050371164082
Pos1,ch06,452,473,37.5,39.25,21,0.3855745706857667,-11.714156524091662,1.79769941603551,0.9985298836706854
Pos1,ch06,473,495,39.25,41.083333333333336,22,0.40125049858316464,-13.171152586376502,1.7274674623644888,0.9961711337005836
Pos1,ch06,495,524,41.083333333333336,43.5,29,0.3991198635142963,-13.925418446833783,1.7366892603557855,0.9968282048361738
Pos2,ch01,20,44,1.5,3.5,24,0.35632588877081206,2.22005828329033,1.9452619144543153,0.9969707235010058
Pos2,ch01,44,71,3.5,5.75,27,0.34575829726288326,1.5123451054206225,2.0047159708012416,0.9986061197289314
Pos2,ch01,71,102,5.75,8.333333333333334,31,0.33136690327385265,0.8599630034913894,2.0917815681402114,0.9984283389261901
Pos2,ch01,102,126,8.333333333333334,10.333333333333334,24,0.3431851298820384,0.012628285793932499,2.019747128315839,0.9948504528512693
Pos2,ch01,126,150,10.333333333333334,12.333333333333334,24,0.3700735386925547,-0.9908006308073676,1.8729984937825825,0.9976588679911146
Pos2,ch01,150,176,12.333333333333334,14.5,26,0.3489408999514138,-1.4926811255105001,1.9864314577524687,0.9983220381193767
Pos2,ch01,176,202,14.5,16.666666666666668,26,0.35835477689364975,-2.4098557155803966,1.9342484745658994,0.998522457380733
Pos2,ch01,202,231,16.666666666666668,19.083333333333332,29,0.3537923864653733,-3.1258196687754323,1.959191907674886,0.9973538335795282
Pos2,ch01,231,253,19.083333333333332,20.916666666666668,22,0.3722944153359178,-4.260412951815113,1.8618253511391651,0.9974396012229808
Pos2,ch01,253,277,20.916666666666668,22.916666666666668,24,0.35609959689281184,-4.639997249419843,1.9464980769652116,0.9977698674065079
Pos2,ch01,277,302,22.916666666666668,25.0,25,0.35017357098189505,-5.199807507688179,1.9794388783149568,0.9970809626147467
Pos2,ch01,302,325,25.0,26.916666666666668,23,0.33778933694617497,-5.637741104449958,2.0520102464643366,0.9977039816406421
Pos2,ch01,325,352,26.916666666666668,29.166666666666668,27,0.36305352130615787,-7.016484694117548,1.9092148674559313,0.9987337369038064
Pos2,ch01,352,378,29.166666666666668,31.333333333333332,26,0.3625082082855583,-7.7542191703506305,1.9120868568414127,0.9979204798916498
Pos2,ch01,378,401,31.333333333333332,33.25,23,0.36829302545757703,-8.65928901827519,1.8820535080694532,0.9972594216817989
Pos2,ch01,401,427,33.25,35.416666666666664,26,0.35880473530769563,-9.101404111065836,1.9318228338473065,0.9970330410148422
Pos2,ch01,427,450,35.416666666666664,37.333333333333336,23,0.37160268010118785,-10.285932157589784,1.8652911232265614,0.9973094327056977
Pos2,ch01,450,472,37.333333333333336,39.166666666666664,22,0.3644126057343561,-10.748483031537058,1.9020944107109872,0.9978948775729052
Pos2,ch01,472,499,39.166666666666664,41.416666666666664,27,0.3566899344534929,-11.164833150225215,1.9432765368665637,0.9983485702635797
Pos2,ch01,499,525,41.416666666666664,43.583333333333336,26,0.35593250284979444,-11.88785711025333,1.9474118688521609,0.997708403612949
Pos2,ch04,4,27,0.16666666666666666,2.0833333333333335,23,0.3784790307561197,2.741553931051117,1.8314018062643689,0.997641104103439
Pos2,ch04,27,52,2.0833333333333335,4.166666666666667,25,0.3583988150183555,1.9792281573226593,1.9340108044845112,0.9985665310691068
Pos2,ch04,52,77,4.166666666666667,6.25,22,0.3754675667044602,1.131704264567324,1.8460906933821493,0.9916643095681056
Pos2,ch04,77,104,6.25,8.5,27,0.365700949602188,0.4345863073391788,1.8953934391309497,0.9972983678320083
Pos2,ch04,104,129,8.5,10.583333333333334,25,0.38282583142294646,-0.4482398957154742,1.8106071316649357,0.9976779694101188
Pos2,ch04,129,153,10.583333333333334,12.583333333333334,24,0.3895706295280521,-1.3476009244231333,1.7792593384148672,0.9990543030428143
Pos2,ch04,153,174,12.583333333333334,14.333333333333334,21,0.36780203343425505,-1.8862773109664086,1.884565928273602,0.992465529764804
Pos2,ch05,8,32,0.5,2.5,23,0.3736094586622332,2.591489245565517,1.8552720347120402,0.9984218541604741
Pos2,ch05,32,58,2.5,4.666666666666667,26,0.3572558151631169,1.9041839328513013,1.9401984548340134,0.9973911430158543
Pos2,ch05,58,80,4.666666666666667,6.5,22,0.3653822380092051,1.094491011035994,1.897046732037595,0.9963436551296568
Pos2,ch05,80,107,6.5,8.75,27,0.37122068526726476,0.2929375256714162,1.867210551752809,0.9984828101210994
Pos2,ch05,107,139,8.75,11.416666666666666,32,0.33535957875464595,-0.19824847956232447,2.066877538235048,0.9976140141936854
Pos2,ch05,139,160,11.416666666666666,13.166666666666666,21,0.3470443590414135,-1.0831813357256876,1.997286982201692,0.9978819566468016
Pos2,ch05,160,189,13.166666666666666,15.583333333333334,29,0.3507156971257293,-1.9276120848883316,1.9763791191571802,0.9983072050652322
Pos2,ch05,189,216,15.583333333333334,17.833333333333332,27,0.34423536730618365,-2.517335366213982,2.0135850246422193,0.996081977016346
Pos2,ch05,216,237,17.833333333333332,19.583333333333332,21,0.3392301058720949,-3.15330354089677,2.043295004073999,0.9970930565702665
Pos2,ch05,237,266,19.583333333333332,22.0,29,0.3491131950360587,-4.103364451762578,1.985451109885298,0.9978231521864769
Pos2,ch05,266,288,22.0,23.833333333333332,22,0.35003813295869346,-4.917707459542547,1.9802047699807057,0.9971317129062274
Pos2,ch05,288,313,23.833333333333332,25.916666666666668,25,0.36101643037490916,-5.956584225379016,1.9199879070327193,0.9961508891027059
Pos2,ch05,313,345,25.916666666666668,28.583333333333332,32,0.33465575368915346,-6.000003973438024,2.0712244535433215,0.9977980338827508
Pos2,ch05,345,367,28.583333333333332,30.416666666666668,22,0.33868344461708044,-6.869108851610863,2.046593040128152,0.9978119791339829
Pos2,ch05,367,389,30.416666666666668,32.25,22,0.3596316233229437,-8.213510980147168,1.9273810633096349,0.9960766624665582
Pos2,ch05,389,415,32.25,34.416666666666664,26,0.3602987150083214,-8.972744190232788,1.9238125246822946,0.996753297170632
Pos2,ch05,415,437,34.416666666666664,36.25,22,0.3576030126205354,-9.636957041848923,1.9383147123971998,0.9977547064293674
Pos2,ch05,437,472,36.25,39.166666666666664,35,0.3587640991882528,-10.477568060374866,1.9320416455500276,0.9967941821636136
Pos2,ch05,472,496,39.166666666666664,41.166666666666664,24,0.3360047739298341,-10.35749080150035,2.062908727316747,0.9944916878414823
Pos2,ch05,496,520,41.166666666666664,43.166666666666664,24,0.3286144407993053,-10.752396520345178,2.10930225365011,0.9945784684425496
Pos2,ch09,26,54,2.0,4.333333333333333,28,0.32215021152027273,2.0995338180746312,2.1516272712933664,0.9954580645053838
Pos2,ch09,54,75,4.333333333333333,6.083333333333333,21,0.3177902613708384,1.4275636750717138,2.1811467021360116,0.9950972617509558
Pos2,ch09,75,105,6.083333333333333,8.583333333333334,30,0.27077736472317426,1.0143170456615198,2.5598416664870616,0.9912845438142993
Pos2,ch09,105,143,8.583333333333334,11.75,38,0.2276658102389232,0.6824621642868135,3.0445817922002605,0.9931466319365284
Pos2,ch09,143,306,11.75,25.333333333333332,163,0.09959271165334467,1.7260951606524861,6.95981833462476,0.9805019957648122
Pos2,ch09,306,839,25.333333333333332,69.75,463,0.0032880190481837344,3.421559990226385,210.80996502828418,0.5438826085159141
Pos3,ch05,12,36,0.8333333333333334,2.8333333333333335,24,0.37026741609620345,2.551001389647673,1.8720177645333251,0.9975084748896731
Pos3,ch05,36,59,2.8333333333333335,4.75,23,0.3668232526497036,1.7796908517101504,1.8895944451532996,0.99846517868991
Pos3,ch05,59,83,4.75,6.75,24,0.3708568589794324,0.9559343078246993,1.8690423643974912,0.9957658470551217
Pos3,ch05,83,106,6.75,8.666666666666666,23,0.359881634192611,0.24416771876057705,1.9260421058023995,0.996797182264444
Pos3,ch05,106,133,8.666666666666666,10.916666666666666,27,0.36986256672311124,-0.5888574818076434,1.87406686408158,0.9983650158689064
Pos3,ch05,133,156,10.916666666666666,12.833333333333334,23,0.35360177577539925,-1.1556634588833539,1.9602480192300236,0.9956507781438367
Pos3,ch05,156,182,12.833333333333334,15.0,26,0.3478619609872999,-1.7837273903643562,1.9925926324127503,0.9989585075482565
Pos3,ch05,182,210,15.0,17.333333333333332,28,0.3467969751792089,-2.562825876503847,1.9987117252154762,0.9988892405912518
Pos3,ch05,210,240,17.333333333333332,19.833333333333332,30,0.33657590751546446,-3.182375808013728,2.0594081901958408,0.9979085815023497
Pos3,ch05,240,267,19.833333333333332,22.083333333333332,27,0.35053558558573394,-4.177531943684862,1.9773946185854943,0.9974143872913374
Pos3,ch05,267,290,22.083333333333332,24.0,23,0.35645477862083647,-5.073614071150022,1.9445585306551634,0.9988779876739842
Pos3,ch05,290,315,24.0,26.083333333333332,25,0.3535195985256105,-5.753640435163962,1.9607036878599835,0.9980653542619944
Pos3,ch05,315,341,26.083333333333332,28.25,26,0.3622588809644486,-6.800367081934868,1.913402864588348,0.997052149242779
Pos3,ch05,341,370,28.25,30.666666666666668,29,0.36760292096795527,-7.735520082550457,1.8855867051730213,0.9985816414730788
Pos3,ch05,370,398,30.666666666666668,33.0,28,0.35462046151648074,-8.124811573170762,1.9546169941683744,0.9994058808535861
Pos3,ch05,398,420,33.0,34.833333333333336,22,0.34336216473784603,-8.514615673513427,2.018705762439368,0.9979691747297688
Pos3,ch05,420,444,34.833333333333336,36.833333333333336,24,0.35169014977067636,-9.533359249249985,1.9709030264621286,0.9980805567096708
Pos3,ch05,444,471,36.833333333333336,39.083333333333336,27,0.3528068559536826,-10.351481358915972,1.9646647134627775,0.9989987646651293
Pos3,ch05,471,498,39.083333333333336,41.333333333333336,27,0.35793611939928927,-11.44972896352583,1.9365108548509387,0.9975763111838226
Pos3,ch05,498,525,41.333333333333336,43.583333333333336,25,0.34906513797889543,-11.83054572765227,1.9857244541041883,0.995726094136892
Pos3,ch05,525,551,43.583333333333336,45.75,24,0.36558983960076286,-13.280659120550611,1.8959694867802857,0.9984200841466172
Pos3,ch05,551,578,45.75,48.0,27,0.35480853194304873,-13.506367204028573,1.9535809264902462,0.9981592837585265
Pos3,ch05,578,604,48.0,50.166666666666664,26,0.3327687506820215,-13.119573236442859,2.0829695671222592,0.9929793009383631
Pos3,ch05,604,620,50.166666666666664,51.5,16,0.330363448831124,-13.7316903748361,2.0981351993157995,0.9958872501072032
Pos3,ch05,620,653,51.5,54.25,33,0.32438179474911855,-14.140780934846076,2.1368251602900066,0.9980662080502808
Pos3,ch05,653,679,54.25,56.416666666666664,26,0.36884705128642525,-17.330573693214436,1.8792265741110326,0.9984126779151254
Pos3,ch05,679,702,56.416666666666664,58.333333333333336,23,0.3355049779005912,-16.198555170354943,2.0659818071770073,0.9972276883805347
Pos3,ch05,702,730,58.333333333333336,60.666666666666664,28,0.3798794937668567,-19.58870468422198,1.8246501638894734,0.9961946136753069
Pos3,ch05,730,757,60.666666666666664,62.916666666666664,27,0.35035200556580226,-18.625188984619665,1.9784307483570551,0.9972198676229537
Pos3,ch05,757,782,62.916666666666664,65.0,25,0.3551832361042779,-19.648385087709936,1.9515199764564477,0.9969313213241981
Pos3,ch05,782,813,65.0,67.58333333333333,31,0.3389920804157347,-19.30098102260962,2.044729716723412,0.998481960200331
Pos3,ch05,813,836,67.58333333333333,69.5,22,0.3296971240144476,-19.3542533371081,2.1023755746488435,0.9959450470616964
Pos3,ch05,836,859,69.5,71.41666666666667,23,0.34752118626164497,-21.30638894403949,1.994546542661955,0.9973335108407199
Pos3,ch05,859,885,71.41666666666667,73.58333333333333,26,0.34737268400836985,-22.023643448912587,1.9953992137828664,0.9971783242233779
Pos3,ch05,885,909,73.58333333333333,75.58333333333333,24,0.34792845057990807,-22.858995505610576,1.9922118452936102,0.9974743434878596
Pos3,ch05,909,936,75.58333333333333,77.83333333333333,27,0.37109129821110426,-25.328235232102486,1.8678615852792964,0.9968241735529269
Pos3,ch05,936,953,77.83333333333333,79.25,17,0.35774735518025363,-25.044856349000693,1.9375326484543764,0.9963835094479849
Pos3,ch05,953,982,79.25,81.66666666666667,29,0.36445322162209054,-26.30732638616395,1.9018824349388923,0.9986517755605688
Pos3,ch05,982,1008,81.66666666666667,83.83333333333333,26,0.3599833530020793,-26.683582435660743,1.9254978731084313,0.9988032827515563
Pos3,ch05,1008,1037,83.83333333333333,86.25,29,0.3456826774374201,-26.244607943961743,2.005154512509316,0.9976580031823279
Pos3,ch05,1037,1059,86.25,88.08333333333333,22,0.3469988326998841,-27.120421355273393,1.99754902679872,0.9966105759546772
Pos3,ch05,1059,1084,88.08333333333333,90.16666666666667,25,0.33625853769790703,-26.895065959233495,2.0613519148253276,0.9981915580494288
Pos3,ch05,1084,1104,90.16666666666667,91.83333333333333,20,0.351349228612357,-28.983985532396076,1.9728154329454737,0.997962530647049
Pos3,ch05,1104,1140,91.83333333333333,94.83333333333333,35,0.2888464015419611,-24.003424189212673,2.3997085539570095,0.9973373845155911
Pos3,ch05,1140,1175,94.83333333333333,97.75,35,0.22747107726158747,-18.87373468937543,3.047188191590789,0.9932187910772303
Pos3,ch06,12,34,0.8333333333333334,2.6666666666666665,22,0.3122318728028616,2.624360157495036,2.219975732578678,0.9952940905001098
Pos3,ch06,34,56,2.6666666666666665,4.5,22,0.34867863407896543,1.901794190877111,1.987925593407504,0.9970522297927903
Pos3,ch06,56,81,4.5,6.583333333333333,25,0.3312144183587264,1.2958170172940209,2.092744585198651,0.9959975142925979
Pos3,ch06,81,106,6.583333333333333,8.666666666666666,25,0.31567822430238723,0.7346067358351398,2.195739608241022,0.99634772983562
Pos3,ch06,106,130,8.666666666666666,10.666666666666666,24,0.32555451509778627,0.006932971054770072,2.129127837012937,0.9978323216107468
Pos3,ch06,130,160,10.666666666666666,13.166666666666666,30,0.3297299269126846,-0.7060241839219988,2.1021664216226776,0.9991417485675008
Pos3,ch06,160,183,13.166666666666666,15.083333333333334,23,0.3195173819635567,-1.2653835898796035,2.1693567226305195,0.9957186837888744
Pos3,ch06,183,207,15.083333333333334,17.083333333333332,24,0.32369899217857834,-1.9803131103229215,2.141332525921334,0.9973061032516849
Pos3,ch06,207,228,17.083333333333332,18.833333333333332,21,0.3101025845176319,-2.3829890059549776,2.2352189732250816,0.997872330153378
Pos3,ch06,228,262,18.833333333333332,21.666666666666668,34,0.30597235394251326,-2.9947903917590475,2.265391534982194,0.9943753939747998
Pos3,ch06,262,281,21.666666666666668,23.25,18,0.3113308138917656,-3.7855206595522257,2.226400823918825,0.9904880296901061
Pos3,ch06,281,306,23.25,25.333333333333332,25,0.319889106223307,-4.652032498256124,2.166835841155765,0.9987684868076082
Pos3,ch06,306,335,25.333333333333332,27.75,29,0.32286838727778866,-5.4486328318762585,2.146841276112849,0.995930247512645
Pos3,ch06,335,359,27.75,29.75,24,0.33286515098670766,-6.397495999629012,2.0823663231349347,0.9981358916949333
Pos3,ch06,359,384,29.75,31.833333333333332,25,0.32700860234732815,-6.959098287086812,2.119660386865687,0.9976120813919606
Pos3,ch06,384,412,31.833333333333332,34.166666666666664,28,0.3202902669261536,-7.422508901720041,2.1641218985894377,0.9977194297212301
Pos3,ch06,412,436,34.166666666666664,36.166666666666664,24,0.2999751352842014,-7.386579864204487,2.3106821167135942,0.9942132544800386
Pos3,ch06,436,460,36.166666666666664,38.166666666666664,24,0.32855875895823083,-9.03778124807298,2.109659723447105,0.9980945693380923
Pos3,ch06,460,480,38.166666666666664,39.833333333333336,20,0.33027753631621726,-9.780517127787554,2.098680970831471,0.9968936314133406
Pos3,ch06,480,507,39.833333333333336,42.083333333333336,27,0.32712752470162143,-10.305882005973405,2.1188898158055536,0.9982262538663425
Pos3,ch06,507,527,42.083333333333336,43.75,20,0.3171151770043197,-10.520688640062296,2.1857899931118823,0.9955863667043333
Pos3,ch06,527,555,43.75,46.083333333333336,28,0.31861651594296025,-11.266066654871612,2.1754904277593528,0.9935259239936932
Pos3,ch06,555,583,46.083333333333336,48.416666666666664,28,0.33274869825771386,-12.668424735223551,2.083095093051582,0.9986213245308028
Pos3,ch06,583,607,48.416666666666664,50.416666666666664,24,0.30867200273503054,-12.152428813037552,2.2455783952487423,0.9972302480962424
Pos3,ch06,607,628,50.416666666666664,52.166666666666664,21,0.3171247614306096,-13.14801739114476,2.185723932224742,0.9949632904330422
Pos3,ch06,628,654,52.166666666666664,54.333333333333336,26,0.29801452419196367,-12.762696542692757,2.3258838891807168,0.9973461959230653
Pos3,ch06,654,681,54.333333333333336,56.583333333333336,27,0.3123053619771864,-14.19673289299548,2.219453345826893,0.9972620468437127
Pos3,ch06,681,702,56.583333333333336,58.333333333333336,21,0.32882051513443566,-15.76353119251685,2.1079803377735042,0.9959799334596113
Pos3,ch06,702,729,58.333333333333336,60.583333333333336,27,0.32542125279976175,-16.220433917543097,2.129999729877669,0.9959800334112677
Pos3,ch06,729,753,60.583333333333336,62.583333333333336,24,0.32601325290135497,-16.904047287822376,2.12613191148299,0.9983475743656842
Pos3,ch06,753,776,62.583333333333336,64.5,23,0.3240497986797536,-17.46008422948019,2.1390143841593834,0.9919138330466725
Pos3,ch06,776,798,64.5,66.33333333333333,22,0.3286044260966915,-18.372296370032775,2.10936653773491,0.9941823946270022
Pos3,ch06,798,828,66.33333333333333,68.83333333333333,29,0.31227819091074543,-17.93912851755326,2.219646458622078,0.997650386867272
Pos3,ch06,828,850,68.83333333333333,70.66666666666667,22,0.29956500575484796,-17.723444093059754,2.3138456336491764,0.9908232704170772
Pos3,ch06,850,873,70.66666666666667,72.58333333333333,23,0.3094143760748047,-19.053021458778936,2.2401906121917503,0.9963915575591977
Pos3,ch06,873,911,72.58333333333333,75.75,38,0.33143436845035046,-21.348422450282968,2.091355775204647,0.9986701596818985
Pos3,ch06,911,930,75.75,77.33333333333333,19,0.3271360799875539,-21.71861754222826,2.1188344024490253,0.9958702203437727
Pos3,ch06,930,954,77.33333333333333,79.33333333333333,24,0.3268350479039702,-22.441091321451527,2.1207859591716858,0.9957546064247313
Pos3,ch06,954,977,79.33333333333333,81.25,23,0.32365122976861127,-22.871356000115114,2.141648530288294,0.9973913704633192
Pos3,ch06,977,1002,81.25,83.33333333333333,25,0.3195558946908824,-23.206460724441648,2.169095272770514,0.9943842650389153
Pos3,ch06,1002,1033,83.33333333333333,85.91666666666667,29,0.3221956050219774,-24.075395219631076,2.15132413278159,0.9973980163531626
Pos3,ch06,1033,1056,85.91666666666667,87.83333333333333,23,0.3142891395101198,-24.051749025511178,2.2054442658767934,0.9966137277803441
Pos3,ch06,1056,1080,87.83333333333333,89.83333333333333,24,0.300479435754409,-23.48272346089404,2.306804054060044,0.9954139764783886
Pos3,ch06,1080,1102,89.83333333333333,91.66666666666667,21,0.31748411843624635,-25.66679324091095,2.183249933804596,0.9949163453353278
Pos3,ch06,1102,1133,91.66666666666667,94.25,23,0.35117046552344316,-29.463707182969557,1.9738196933126562,0.9165759896325771
Pos3,ch06,1133,1159,94.25,96.41666666666667,25,0.3042262908757364,-25.770421049931656,2.2783934240682266,0.9979330116746943
Pos3,ch06,1159,1185,96.41666666666667,98.58333333333333,26,0.32356667783232174,-28.282665305078897,2.142208169282336,0.9980260394778664
Pos3,ch10,4,31,0.16666666666666666,2.4166666666666665,27,0.39725275698042656,2.532739576621886,1.7448517810893331,0.9953380349629936
Pos3,ch10,31,57,2.4166666666666665,4.583333333333333,26,0.4035747183275892,1.6081655677845441,1.7175188362451008,0.9969492171776125
Pos3,ch10,57,82,4.583333333333333,6.666666666666667,25,0.3851182192360976,0.9122987497525813,1.799829626172554,0.9965531169469543
Pos3,ch10,82,122,6.666666666666667,10.0,40,0.34360777572036066,0.3679591787747711,2.017262790711847,0.9924375593881953
Pos3,ch10,122,147,10.0,12.083333333333334,25,0.3746643675329943,-0.8775279205933199,1.8500483115702329,0.9949349774243316
Pos3,ch10,147,171,12.083333333333334,14.083333333333334,24,0.38599893555617243,-1.9136656499134896,1.7957230362856147,0.9964994757993116
Pos3,ch10,171,201,14.083333333333334,16.583333333333332,23,0.37035022987228444,-2.612566862919414,1.8715991638481704,0.9974713570502003
Pos3,ch10,201,254,16.583333333333332,21.0,36,0.13462782202334692,0.6056627071486504,5.148617649327647,0.545257671164846
Pos3,ch10,254,276,21.0,22.833333333333332,22,0.41797187788709045,-5.996689092320263,1.6583584141208414,0.9968534645873456
Pos3,ch10,276,299,22.833333333333332,24.75,23,0.4062413665521458,-6.531399867560199,1.7062447048237066,0.9968989566014014
Pos3,ch10,299,325,24.75,26.916666666666668,26,0.39164156925334975,-7.019209393737561,1.769850891674765,0.9962209393697143
Pos3,ch10,325,347,26.916666666666668,28.75,22,0.40856158076708116,-8.268737223969483,1.69655497038794,0.9954681687360225
Pos3,ch10,347,376,28.75,31.166666666666668,29,0.39216971407657997,-8.61518550798483,1.7674673889391486,0.9982221378164046
Pos3,ch10,376,399,31.166666666666668,33.083333333333336,23,0.4154580876087763,-10.182254520505145,1.668392555671368,0.9960171473583596
Pos3,ch10,399,421,33.083333333333336,34.916666666666664,22,0.3968563158840673,-10.392350365185587,1.7465948072814161,0.9960290009692166
Pos3,ch10,421,448,34.916666666666664,37.166666666666664,27,0.4100178819515184,-11.743677830398617,1.690529147804107,0.994939474979407
Pos3,ch10,448,475,37.166666666666664,39.416666666666664,27,0.38761517286305947,-11.828262714200708,1.7882354177214503,0.9973204662400091
Pos3,ch10,475,499,39.416666666666664,41.416666666666664,24,0.38155267014219735,-12.447780891747078,1.8166487481312152,0.9975725093543255
Pos3,ch10,499,531,41.416666666666664,44.083333333333336,32,0.3879834371382893,-13.55490741960199,1.786538068925056,0.997219566924123
Pos3,ch10,531,552,44.083333333333336,45.833333333333336,21,0.4025342140096698,-15.06831167999931,1.7219584234976217,0.993839266195332
Pos3,ch10,552,583,45.833333333333336,48.416666666666664,31,0.3826249013648582,-14.982021215378657,1.8115579464050184,0.9973338857876121
Pos3,ch10,583,607,48.416666666666664,50.416666666666664,24,0.3846178651549032,-15.948024597302114,1.8021710465289573,0.9925436284235108
Pos3,ch10,607,631,50.416666666666664,52.416666666666664,24,0.35051991344831573,-15.008882386416834,1.9774830301107844,0.9780382506597295
Pos3,ch10,631,658,52.416666666666664,54.666666666666664,27,0.40180593659908287,-18.454462619100987,1.7250794909273808,0.9965708770715064
Pos3,ch10,658,684,54.666666666666664,56.833333333333336,26,0.3700570369659155,-17.63949248961229,1.8730820152564436,0.9939089075198394
Pos3,ch10,684,709,56.833333333333336,58.916666666666664,25,0.40945114609917904,-20.657746656030607,1.6928690691515322,0.9967700114175906
Pos3,ch10,709,734,58.916666666666664,61.0,25,0.3855857761641976,-20.085377380209266,1.7976471732317634,0.9935173856488506
Pos3,ch10,734,761,61.0,63.25,27,0.3964830967265854,-21.558675803738435,1.7482389193452537,0.9970483649440381
Pos3,ch10,761,786,63.25,65.33333333333333,25,0.4234084468413267,-24.112655118589522,1.637065074470996,0.9956338024927615
Pos3,ch10,786,809,65.33333333333333,67.25,23,0.40769166544821295,-23.92540827669681,1.7001750079877274,0.9956440842094515
Pos3,ch10,809,838,67.25,69.66666666666667,28,0.3975353907532118,-24.131824211936728,1.7436112524387746,0.9924257062906323
Pos3,ch10,838,863,69.66666666666667,71.75,22,0.3849597163576465,-24.05817246326202,1.8005706859882906,0.9966749288231952
Pos3,ch10,863,885,71.75,73.58333333333333,22,0.4161025462726468,-27.125387693290346,1.6658085531295161,0.9959271887902242
Pos3,ch10,885,910,73.58333333333333,75.66666666666667,21,0.6160641841553957,-42.79114270525153,1.1251216973605243,0.7976454343762814
Pos3,ch10,911,940,75.75,78.16666666666667,29,0.39376196174017675,-27.164904810906055,1.7603203150875133,0.9972537632964523
Pos3,ch10,940,963,78.16666666666667,80.08333333333333,23,0.39091281412614504,-27.79627716807044,1.7731503176978771,0.9948622372389117
Pos3,ch10,963,984,80.08333333333333,81.83333333333333,21,0.4161270221893248,-30.644327544383053,1.6657105729715984,0.994718701814164
Pos3,ch10,984,1015,81.83333333333333,84.41666666666667,31,0.3986707935913158,-30.033854634961145,1.7386454982466115,0.9973304068201286
Pos3,ch10,1015,1035,84.41666666666667,86.08333333333333,20,0.397450168301392,-30.766805923836163,1.7439851227697105,0.996202149414487
Pos3,ch10,1035,1063,86.08333333333333,88.41666666666667,28,0.3864677633222018,-30.629715825301645,1.7935446273744236,0.9943350184389961
Pos3,ch10,1063,1089,88.41666666666667,90.58333333333333,26,0.38745008511111795,-31.538117606486853,1.7889973630052387,0.9962692344302674
Pos3,ch10,1089,1116,90.58333333333333,92.83333333333333,27,0.38300048758648014,-31.938872179875347,1.8097814572714743,0.9977581298479231
Pos3,ch10,1116,1140,92.83333333333333,94.83333333333333,23,0.39575858222479615,-33.96191879402361,1.751439417089453,0.996975031046607
Pos3,ch10,1140,1167,94.83333333333333,97.08333333333333,21,0.3775073906744691,-33.065612368134815,1.8361155243120992,0.9938359324809847
Pos3,ch10,1167,1190,97.08333333333333,99.0,23,0.3894372681270754,-35.06837796528851,1.779868639417858,0.9963551696803995
Pos3,ch11,18,45,1.3333333333333333,3.5833333333333335,25,0.36254409122261877,2.2723290437165273,1.911897607329424,0.9972489701786496
Pos3,ch11,45,68,3.5833333333333335,5.5,23,0.3573519696119631,1.6087923379768019,1.9396763961105667,0.9946267832437854
Pos3,ch11,68,93,5.5,7.583333333333333,25,0.36228289571370453,0.8438002749576115,1.9132760303089427,0.9967509230353967
Pos3,ch11,93,120,7.583333333333333,9.833333333333334,27,0.36242324919808805,0.10235263385005205,1.9125350873422995,0.9971722709762287
Pos3,ch11,120,142,9.833333333333334,11.666666666666666,17,0.3543624791236601,-0.552546961503757,1.9560399912375068,0.99714174388122
Pos3,ch11,142,168,11.666666666666666,13.833333333333334,26,0.37547012359582094,-1.583530737620768,1.8460781218004216,0.997286627229559
Pos3,ch11,168,193,13.833333333333334,15.916666666666666,25,0.3578938915351598,-2.1594332885507033,1.9367393435711933,0.9966981496166986
Pos3,ch11,193,218,15.916666666666666,18.0,25,0.3661831566984744,-3.04800254251598,1.8928974964588619,0.9972265607204835
Pos3,ch11,218,247,18.0,20.416666666666668,29,0.36492262174646795,-3.7696001381875797,1.8994360427496688,0.9968846740191684
Pos3,ch11,247,271,20.416666666666668,22.416666666666668,24,0.3477390665175771,-4.233668742579217,1.9932968346106403,0.9913194380834297
Pos3,ch11,271,295,22.416666666666668,24.416666666666668,23,0.37577109241111745,-5.6218832442041915,1.844599530294891,0.998458770808267
Pos3,ch11,295,316,24.416666666666668,26.166666666666668,19,0.35179130775539935,-5.79768192075159,1.9703362910884963,0.9946022749396005
Pos3,ch11,316,350,26.166666666666668,29.0,34,0.360439346370212,-6.846110354690172,1.9230619174633743,0.997181543175514
Pos3,ch11,350,372,29.0,30.833333333333332,22,0.35254120678589884,-7.411564344210089,1.966145140533598,0.9967151717977881
Pos3,ch11,372,398,30.833333333333332,33.0,22,0.3643549773409728,-8.545019872844668,1.9023952564569477,0.9982807616281586
Pos3,ch11,398,428,33.0,35.5,25,0.3499680170677256,-8.881481368827298,1.98060150286764,0.9965237300294942
Pos3,ch11,428,451,35.5,37.416666666666664,22,0.3851050302920956,-10.893136143301613,1.799891266115649,0.9933709928366767
Pos3,ch11,451,476,37.416666666666664,39.5,25,0.3522276914681481,-10.438656736944301,1.9678951920866408,0.9957032843021862
Pos3,ch11,476,500,39.5,41.5,24,0.35797006037813545,-11.458947496312549,1.9363272443168886,0.9920841420598472
Pos3,ch11,500,531,41.5,44.083333333333336,31,0.3654203328520883,-12.512164956238545,1.8968489660932781,0.9958754106869195
Pos3,ch11,531,555,44.083333333333336,46.083333333333336,24,0.3687769891030139,-13.461263309341831,1.879583599415749,0.9958073837722431
Pos3,ch11,555,587,46.083333333333336,48.75,32,0.3527637932396322,-13.53368366752009,1.9649045447504043,0.9977308643653862
Pos3,ch11,587,607,48.75,50.416666666666664,20,0.3330182769633439,-13.328300485767798,2.0814088250064473,0.994353346774729
Pos3,ch11,607,631,50.416666666666664,52.416666666666664,24,0.3645962615289443,-15.705801643578665,1.9011362805894219,0.9939828115428327
Pos3,ch11,631,662,52.416666666666664,55.0,31,0.36205359899731837,-16.292225430542402,1.9144877512047027,0.9953803859333643
Pos3,ch11,662,687,55.0,57.083333333333336,24,0.338997280075311,-15.824529035548014,2.0446983539394683,0.9965907146122893
Pos3,ch11,687,708,57.083333333333336,58.833333333333336,21,0.35620423976644344,-17.510330622285505,1.9459262501042356,0.9957630587736649
Pos3,ch11,708,738,58.833333333333336,61.333333333333336,30,0.3498593589062108,-17.92607657090954,1.9812166315258184,0.9945420079485648
Pos3,ch11,738,762,61.333333333333336,63.333333333333336,24,0.3543712005672594,-18.94708651805757,1.9559918510601044,0.9961504311840248
Pos3,ch11,762,786,63.333333333333336,65.33333333333333,24,0.3735419309560119,-20.850635842372288,1.8556074248102816,0.9956572412779822
Pos3,ch11,786,809,65.33333333333333,67.25,23,0.35928466383295715,-20.668956051446518,1.9292423260298452,0.996500784823744
Pos3,ch11,809,837,67.25,69.58333333333333,27,0.3685800474207548,-22.115491630774038,1.8805879086793835,0.9979360871641447
Pos3,ch11,837,863,69.58333333333333,71.75,26,0.371308220661883,-23.08922694075361,1.8667703594721434,0.9950980123472887
Pos3,ch11,863,886,71.75,73.66666666666667,23,0.36158206396937137,-23.121452395494426,1.9169844127519,0.9932281764347317
Pos3,ch11,886,910,73.66666666666667,75.66666666666667,21,0.36402260764192007,-24.104446308235588,1.9041322324732557,0.9975211832282874
Pos3,ch11,910,941,75.66666666666667,78.25,31,0.356048937162212,-24.271116529281112,1.9467750306586509,0.9960792010674838
Pos3,ch11,941,969,78.25,80.58333333333333,28,0.3400246555456273,-23.796275402649563,2.038520352142326,0.997629361473755
Pos3,ch11,969,993,80.58333333333333,82.58333333333333,24,0.34770564576235025,-25.16468861242643,1.9934884262238795,0.9943539897687076
Pos3,ch11,993,1018,82.58333333333333,84.66666666666667,25,0.34176024019073137,-25.43474905924304,2.0281679933660803,0.9980649685052987
Pos3,ch11,1018,1047,84.66666666666667,87.08333333333333,29,0.3420178040976989,-26.13721062987357,2.0266406375790447,0.9955883370606576
Pos3,ch11,1047,1072,87.08333333333333,89.16666666666667,24,0.34813584068335607,-27.46698041856306,1.991025052747704,0.9973823492785993
Pos3,ch11,1072,1094,89.16666666666667,91.0,22,0.34481268654630826,-27.87815073386228,2.0102136829784416,0.9957833571220799
Pos3,ch11,1094,1119,91.0,93.08333333333333,20,0.35552856591076426,-29.556273800303135,1.9496244381497083,0.9985882843552865
Pos3,ch11,1119,1147,93.08333333333333,95.41666666666667,26,0.3323151518357308,-28.114115210176788,2.0858127495269314,0.9963585118364007
Pos3,ch11,1147,1176,95.41666666666667,97.83333333333333,29,0.34417393789302936,-29.970099667565197,2.0139444166030325,0.9957821904260215
Pos3,ch11,1176,1200,97.83333333333333,99.83333333333333,24,0.36820439973119856,-33.078042513648576,1.8825065128661302,0.998077019992391
Pos4,ch02,6,34,0.3333333333333333,2.6666666666666665,28,0.3802848688965008,2.5695034902650264,1.8227051277935378,0.9971701207974868
Pos4,ch02,34,60,2.6666666666666665,4.833333333333333,26,0.3658499892471831,1.825910309824689,1.8946212954283481,0.9964363113880492
Pos4,ch02,60,82,4.833333333333333,6.666666666666667,22,0.3812257851997007,1.0105374255415913,1.8182064473861552,0.9953969939874165
Pos4,ch02,82,110,6.666666666666667,9.0,28,0.3769648254717891,0.20547000701310084,1.8387582440681014,0.9963537211579246
Pos4,ch02,110,132,9.0,10.833333333333334,22,0.3721199283073244,-0.5013663506298661,1.8626983610173458,0.9963658827253709
Pos4,ch02,132,154,10.833333333333334,12.666666666666666,22,0.3734048228801934,-1.2639559815137256,1.8562887731697588,0.9979854793132392
Pos4,ch02,154,180,12.666666666666666,14.833333333333334,26,0.3779143640557139,-2.1198973733470075,1.8341382241235962,0.9978700081504213
Pos4,ch02,180,209,14.833333333333334,17.25,29,0.37329814987536053,-2.8242787725510223,1.856819222895635,0.9970995786097612
Pos4,ch02,209,232,17.25,19.166666666666668,23,0.3580587823441665,-3.3392781518636787,1.9358474494662483,0.9942558227843372
Pos4,ch02,232,258,19.166666666666668,21.333333333333332,26,0.3777714027422756,-4.562902388338885,1.8348323232736237,0.9979558566889082
Pos4,ch02,258,281,21.333333333333332,23.25,23,0.3741887190000263,-5.201178708462143,1.8523999932769126,0.9966575993416293
Pos4,ch02,281,308,23.25,25.5,27,0.370491706196151,-5.868417601526949,1.8708844731681238,0.9973488055623537
Pos4,ch02,308,335,25.5,27.75,27,0.35449508026368504,-6.277692510575995,1.9553083220347085,0.9984312747158146
Pos4,ch02,335,361,27.75,29.916666666666668,26,0.36971337657948006,-7.43110407843306,1.8748231047867814,0.9963859385869743
Pos4,ch02,361,381,29.916666666666668,31.583333333333332,20,0.36802230674207065,-8.16930983775456,1.8834379543350321,0.9942344503086856
Pos4,ch02,381,411,31.583333333333332,34.083333333333336,29,0.3876689507939172,-9.599355604237223,1.787987351425569,0.9982424877041828
Pos4,ch02,411,438,34.083333333333336,36.333333333333336,27,0.3536465562284572,-9.228589875591368,1.9599998030580827,0.9974341501640949
Pos4,ch02,438,461,36.333333333333336,38.25,23,0.3400290705835489,-9.481439288695166,2.0384938833917476,0.995368522895307
Pos4,ch02,461,487,38.25,40.416666666666664,26,0.36935407708950374,-11.394949124543434,1.8766468913025653,0.9963551173221168
Pos4,ch02,487,514,40.416666666666664,42.666666666666664,27,0.3602484452347769,-11.854429895472748,1.9240809772495078,0.9974759538577802
Pos4,ch02,514,538,42.666666666666664,44.666666666666664,24,0.36553443707432254,-12.860032053250144,1.8962568509489317,0.9970763984709607
Pos4,ch02,538,566,44.666666666666664,47.0,28,0.38059051641236735,-14.260751531123649,1.8212413359478585,0.9973645660473174
Pos4,ch02,566,588,47.0,48.833333333333336,22,0.3970338155164861,-15.875293844151807,1.7458139671510262,0.9925473106656264
Pos4,ch02,588,613,48.833333333333336,50.916666666666664,25,0.373936372729847,-15.567431283558644,1.853650062174386,0.9970635193371461
Pos4,ch02,613,637,50.916666666666664,52.916666666666664,24,0.34856132663165235,-15.018812193231193,1.9885946248203246,0.9980559012678273
Pos4,ch02,637,666,52.916666666666664,55.333333333333336,29,0.35849587250715514,-16.207921898419123,1.933487199482641,0.9977950632671283
Pos4,ch02,666,692,55.333333333333336,57.5,26,0.36731481874868965,-17.42834822567408,1.8870656591564972,0.9957459407293366
Pos4,ch02,692,709,57.5,58.916666666666664,17,0.37192668215924396,-18.446227949181804,1.8636661842485602,0.9973990264755962
Pos4,ch02,709,734,58.916666666666664,61.0,25,0.3698672260057273,-19.033458506489943,1.8740432561310856,0.9955701701788681
Pos4,ch02,734,762,61.0,63.333333333333336,28,0.3715499164199689,-19.934815250579227,1.865556012604427,0.9959691279672404
Pos4,ch02,762,784,63.333333333333336,65.16666666666667,22,0.3650414472764213,-20.305649984216547,1.8988177527004806,0.9960079354556852
Pos4,ch02,784,810,65.16666666666667,67.33333333333333,26,0.3760806393495676,-21.736151928786498,1.843081265121079,0.9972748879619847
Pos4,ch02,810,831,67.33333333333333,69.08333333333333,21,0.3826949874748994,-23.009396985356275,1.811226180759444,0.997705184683428
Pos4,ch02,831,863,69.08333333333333,71.75,32,0.36713514954883575,-22.75823085156752,1.8879891544346503,0.9954877395756823
Pos4,ch02,863,890,71.75,74.0,27,0.357578463768657,-22.839094754711933,1.9384477836125826,0.995657159912104
Pos4,ch08,25,50,1.9166666666666667,4.0,25,0.3781581920764057,2.0368832389548084,1.8329556124488162,0.9986877256679467
Pos4,ch08,50,73,4.0,5.916666666666667,23,0.3828057748322048,1.2621415630795554,1.810701995976347,0.9975850925273713
Pos4,ch08,73,94,5.916666666666667,7.666666666666667,21,0.37480914856467346,0.5468581663462304,1.8493336761238166,0.9980303780513075
Pos4,ch08,94,126,7.666666666666667,10.333333333333334,32,0.38672795690615064,-0.3165348463224927,1.792337916568455,0.9961890838698539
Pos4,ch08,126,149,10.333333333333334,12.25,23,0.3662649278585162,-0.9298528697209288,1.8924748940955105,0.9972496384527721
Pos4,ch08,149,174,12.25,14.333333333333334,25,0.36969404175003234,-1.7129658407663382,1.8749211571784403,0.9963435413481488
Pos4,ch08,174,194,14.333333333333334,16.0,20,0.37051844560092373,-2.472431165166041,1.8707494560379243,0.9969741255774048
Pos4,ch08,194,220,16.0,18.166666666666668,26,0.3597734720166626,-3.0600537151350315,1.9266211504550363,0.998428715909423
Pos4,ch08,220,246,18.166666666666668,20.333333333333332,26,0.37522480706783773,-4.082497618482181,1.847285060858542,0.9960875945710427
Pos4,ch08,246,267,20.333333333333332,22.083333333333332,21,0.37001602389456956,-4.71666163161134,1.8732896301740896,0.9981947636247333
Pos4,ch08,267,290,22.083333333333332,24.0,23,0.3679765240724708,-5.46989745770301,1.8836722867229272,0.9980351595648297
Pos4,ch08,290,317,24.0,26.25,27,0.3899159238731512,-6.785597983368206,1.7776836956919007,0.9977114786654705
Pos4,ch08,317,343,26.25,28.416666666666668,26,0.3739944378465433,-7.1559151370697975,1.853362270709374,0.997086718499171
Pos4,ch08,343,367,28.416666666666668,30.416666666666668,24,0.38983926473189956,-8.372010562817957,1.7780332646498211,0.997747402526066
Pos4,ch08,367,388,30.416666666666668,32.166666666666664,21,0.35772348409809124,-8.10694177161421,1.9376619410591385,0.9944267415698197
Pos4,ch08,388,419,32.166666666666664,34.75,31,0.36869987078645694,-9.244801868092603,1.8799767384822363,0.9969601659085964
Pos4,ch08,419,441,34.75,36.583333333333336,22,0.37453279918721083,-10.223869924388548,1.8506982087127557,0.9975656378255917
Pos4,ch08,441,471,36.583333333333336,39.083333333333336,30,0.3650896581550516,-10.630178528301494,1.8985670097112677,0.9986124156674402
Pos4,ch08,471,491,39.083333333333336,40.75,20,0.38333690004619814,-12.15850057687807,1.808193211966837,0.99862976121671
Pos4,ch08,491,515,40.75,42.75,24,0.3521369565928566,-11.676666203045821,1.968402258219569,0.9974020929355469
Pos4,ch08,515,545,42.75,45.25,28,0.34825934292523725,-12.307305253064321,1.990318981072525,0.9973742632332955
Pos4,ch08,545,571,45.25,47.416666666666664,26,0.36068781101326935,-13.583403018867976,1.9217371904326566,0.998524828569164
Pos4,ch08,571,601,47.416666666666664,49.916666666666664,30,0.361488253446416,-14.405452331208439,1.9174818931224045,0.9901381979582901
Pos4,ch08,601,618,49.916666666666664,51.333333333333336,17,0.33956902938152606,-14.096483497976353,2.0412555933690677,0.992414514647847
Pos4,ch08,618,643,51.333333333333336,53.416666666666664,25,0.3598881207364141,-15.85448160980666,1.9260073912459414,0.9977386609469512
Pos4,ch08,643,671,53.416666666666664,55.75,28,0.3461183014464103,-15.855671675117588,2.0026308278508225,0.998561639557661
Pos4,ch08,671,693,55.75,57.583333333333336,22,0.34470134206994607,-16.51232856391407,2.010863016655425,0.994247226389171
Pos4,ch08,693,717,57.583333333333336,59.583333333333336,24,0.35768912288373966,-17.995256090407363,1.9378480815175365,0.9963092076675953
Pos4,ch08,717,741,59.583333333333336,61.583333333333336,24,0.3555692079752223,-18.66261387556264,1.9494015933130153,0.9977699693830285
Pos4,ch08,741,771,61.583333333333336,64.08333333333333,30,0.3525353351966519,-19.14598367069661,1.9661778873124665,0.9976611314056956
Pos4,ch08,771,794,64.08333333333333,66.0,23,0.36299797947164364,-20.578820640419252,1.9095069938649396,0.9977491963152423
Pos4,ch08,794,823,66.0,68.41666666666667,26,0.36636027715581954,-21.550988200135972,1.891982356660183,0.9973248216613525
Pos4,ch08,823,853,68.41666666666667,70.91666666666667,30,0.3483435443958073,-21.14500433203773,1.9898378819168039,0.9979600088471546
Pos4,ch08,853,876,70.91666666666667,72.83333333333333,23,0.37155061663680733,-23.57601565037472,1.8655524968149906,0.9969201618880016
Pos4,ch08,876,906,72.83333333333333,75.33333333333333,29,0.35574199768345016,-23.21388209934907,1.9484547370668568,0.9964044031670066
Pos4,ch08,906,931,75.33333333333333,77.41666666666667,25,0.38057007164019874,-25.839784782933332,1.8213391756545307,0.9968071690307573
Pos4,ch08,931,954,77.41666666666667,79.33333333333333,23,0.3437935041251733,-23.779641632726307,2.016172999905124,0.9966772883036364
Pos4,ch08,954,979,79.33333333333333,81.41666666666667,25,0.37030755774891955,-26.68436826280867,1.8718148362230334,0.9982347783639202
Pos4,ch08,979,1006,81.41666666666667,83.66666666666667,27,0.3840746626638155,-28.624526067048713,1.8047198837655796,0.9987608819002776
Pos4,ch08,1006,1034,83.66666666666667,86.0,28,0.35824503956621107,-27.35794760381457,1.9348409719762147,0.9979098867093799
Pos4,ch08,1034,1059,86.0,88.08333333333333,25,0.3796874239438381,-29.99833440578834,1.8255731869130145,0.9983747317585446
Pos4,ch08,1059,1086,88.08333333333333,90.33333333333333,26,0.3537513598835614,-28.5321372144266,1.9594191264398173,0.9979439346867381
Pos4,ch08,1086,1122,90.33333333333333,93.33333333333333,36,0.37605028909913035,-31.369802489402122,1.8432300164439581,0.9990773632847127
Pos4,ch08,1122,1142,93.33333333333333,95.0,20,0.3662113444617915,-31.24201842861888,1.892751797677487,0.9969593317268962
Pos4,ch08,1142,1168,95.0,97.16666666666667,26,0.34319114126850697,-29.868921507965293,2.0197117501283013,0.9985866649651486
Pos4,ch08,1168,1193,97.16666666666667,99.25,25,0.35997134524819807,-32.26872914942408,1.9255621029557908,0.9985172425144454
Pos4,ch09,12,37,0.8333333333333334,2.9166666666666665,25,0.3706457309527521,2.482267609747398,1.8701070123705374,0.9959186113021264
Pos4,ch09,37,65,2.9166666666666665,5.25,28,0.33881035503137785,1.818379352296676,2.0458264343654777,0.9982752371085878
Pos4,ch09,65,84,5.25,6.833333333333333,19,0.3122232242760246,1.2261287973239847,2.2200372255049174,0.9933664174954074
Pos4,ch09,84,112,6.833333333333333,9.166666666666666,28,0.3498689426379149,0.30030370074160584,1.9811623613511036,0.9966385921550438
Pos4,ch09,112,140,9.166666666666666,11.5,28,0.3359888101423077,-0.26557517131406416,2.0630067419994242,0.9969237415232742
Pos4,ch09,140,161,11.5,13.25,21,0.34889196108783127,-1.131920371015299,1.9867100932871595,0.9981839546036624
Pos4,ch09,161,186,13.25,15.333333333333334,25,0.34719746031473575,-1.8462141908799583,1.996406252314187,0.9965743237214819
Pos4,ch09,186,214,15.333333333333334,17.666666666666668,28,0.33505897460216766,-2.363316458156374,2.0687318743900347,0.9950235979825965
Pos4,ch09,214,240,17.666666666666668,19.833333333333332,26,0.3342213221579401,-3.0500916436423893,2.073916697129188,0.9985090425829847
Pos4,ch09,240,261,19.833333333333332,21.583333333333332,21,0.3254895072208062,-3.5377320786863855,2.1295530737023936,0.9945174446715482
Pos4,ch09,261,291,21.583333333333332,24.083333333333332,30,0.3241784260301815,-4.2218201600100915,2.138165667123735,0.9985791030401308
Pos4,ch09,291,312,24.083333333333332,25.833333333333332,21,0.3058915845184568,-4.495974035695334,2.265989702368299,0.9940591887390897
Pos4,ch09,312,340,25.833333333333332,28.166666666666668,28,0.3360341302734392,-5.961074814314095,2.062728509142552,0.9966126640989327
Pos4,ch09,340,365,28.166666666666668,30.25,25,0.34519639429731835,-7.010216517754768,2.007979202595425,0.9969831581272772
Pos4,ch09,365,388,30.25,32.166666666666664,23,0.36302206810443693,-8.243087267736016,1.9093802869321308,0.9973033455996531
Pos4,ch09,388,412,32.166666666666664,34.166666666666664,24,0.3321572022643594,-7.935201761970182,2.0868046088860024,0.9950112481905915
Pos4,ch09,412,435,34.166666666666664,36.083333333333336,23,0.3422849864788552,-9.027455967130427,2.0250586731555775,0.9959882533119477
Pos4,ch09,435,464,36.083333333333336,38.5,29,0.33161720617952173,-9.43429874606289,2.0902027025241523,0.9972204745777418
Pos4,ch09,464,493,38.5,40.916666666666664,20,0.31100187328931433,-9.336377122688388,2.2287556445524506,0.9941314293982008
Pos4,ch09,493,519,40.916666666666664,43.083333333333336,26,0.3159446613958189,-10.242662553962079,2.193887934354311,0.9932859565833498
Pos4,ch09,519,547,43.083333333333336,45.416666666666664,28,0.32335955157525825,-11.22228902457905,2.1435803494384276,0.9957652413215778
Pos4,ch09,547,568,45.416666666666664,47.166666666666664,21,0.33320411140174144,-12.346924327753776,2.080247982667367,0.9976225547844407
Pos4,ch09,568,592,47.166666666666664,49.166666666666664,24,0.3743313120261193,-14.99371492030566,1.851694363498986,0.9975882463128006
Pos4,ch09,592,621,49.166666666666664,51.583333333333336,29,0.30515695418345806,-12.355582707537913,2.2714448124397992,0.9980209064583584
Pos4,ch09,621,649,51.583333333333336,53.916666666666664,28,0.3194509432687106,-13.781070595337166,2.169807900604303,0.9966668958747461
Pos4,ch09,649,676,53.916666666666664,56.166666666666664,27,0.3353100665595612,-15.296731370533335,2.067182735287255,0.9951857239265052
Pos4,ch09,676,698,56.166666666666664,58.0,22,0.35681563566173324,-17.193379780109108,1.9425919474477837,0.9971736183949366
Pos4,ch09,698,718,58.0,59.666666666666664,20,0.3413299583638315,-16.968634979514274,2.030724709552461,0.9963527591834429
Pos4,ch09,718,746,59.666666666666664,62.0,28,0.3390101221870159,-17.51175488235196,2.044620898303351,0.9932227182251233
Pos4,ch09,746,769,62.0,63.916666666666664,23,0.3381888392813676,-18.244589079965035,2.049586207613605,0.9960641365360332
Pos4,ch09,769,797,63.916666666666664,66.25,28,0.3585946043761342,-20.29911317456177,1.932954852362739,0.9963265127789844
Pos4,ch09,797,824,66.25,68.5,27,0.33641279065769236,-19.60762773602539,2.06040673782002,0.9960022224481587
Pos4,ch09,824,851,68.5,70.75,27,0.33894167084091836,-20.578943785668585,2.045033822014976,0.99771858238387
Pos4,ch09,851,878,70.75,73.0,27,0.34344079386369075,-21.625835530812733,2.0182435894177746,0.9909824943139863
Pos4,ch09,878,902,73.0,75.0,24,0.35087456884930013,-22.92207574531464,1.9754842388068612,0.9968489684182156
Pos4,ch09,902,928,75.0,77.16666666666667,25,0.3722715842899533,-25.296641290516142,1.8619395350359855,0.9968354916962223
Pos4,ch09,928,954,77.16666666666667,79.33333333333333,26,0.3633186074288553,-25.395003690060786,1.9078218576946315,0.997804540060003
Pos4,ch09,954,981,79.33333333333333,81.58333333333333,27,0.34992813974071735,-25.05980833373319,1.9808272094766068,0.9988147153145018
Pos4,ch09,981,1005,81.58333333333333,83.58333333333333,24,0.3532329423618635,-26.05435602838618,1.9622948412604804,0.9969699323399939
Pos4,ch09,1005,1028,83.58333333333333,85.5,23,0.34810463967507804,-26.416204874367097,1.9912035105505375,0.9945093416373672
Pos4,ch09,1028,1051,85.5,87.41666666666667,23,0.3638143073307031,-28.53528055792908,1.9052224351635583,0.9951605881860128
Pos4,ch09,1051,1089,87.41666666666667,90.58333333333333,37,0.3258428377780406,-25.97242972963407,2.1272438740301762,0.9983325457216675
Pos4,ch09,1089,1111,90.58333333333333,92.41666666666667,22,0.32269811743516236,-26.376895796388265,2.147974044810518,0.9967530125362901
Pos4,ch09,1111,1136,92.41666666666667,94.5,25,0.2691631781459081,-22.11967706070732,2.5751931795968157,0.9969124930110034
Pos4,ch09,1136,1182,94.5,98.33333333333333,46,0.19122672393730822,-15.475376599741015,3.6247401319660044,0.9892110297938358
Pos5,ch01,26,50,2.0,4.0,24,0.3640350515324462,1.9578932930015387,1.9040671431008218,0.9943442153825713
Pos5,ch01,50,81,4.0,6.583333333333333,31,0.3636354847116913,1.189437641054972,1.9061593538086845,0.9986517952467572
Pos5,ch01,81,108,6.583333333333333,8.833333333333334,27,0.357867273954797,0.43788274765091945,1.9368833950642221,0.9989548279283288
Pos5,ch01,108,134,8.833333333333334,11.0,26,0.3515219309691113,-0.24762959450069363,1.9718461907881732,0.9976468897037241
Pos5,ch01,134,160,11.0,13.166666666666666,26,0.36175958628610516,-1.0895819387107937,1.9160437120020235,0.9968126934217648
Pos5,ch01,160,183,13.166666666666666,15.083333333333334,23,0.3526658956014003,-1.7161546893259187,1.965449988800088,0.9947550347013703
Pos5,ch01,183,209,15.083333333333334,17.25,26,0.37191338722425754,-2.787120337365446,1.863732805460937,0.9985919981112316
Pos5,ch01,209,231,17.25,19.083333333333332,22,0.34971466570919085,-3.2247382506301734,1.9820363528486953,0.9978460495252467
Pos5,ch01,231,256,19.083333333333332,21.166666666666668,25,0.3461672869701227,-3.8530197759874945,2.002347439085918,0.9943298518520626
Pos5,ch01,256,285,21.166666666666668,23.583333333333332,29,0.35568940335300037,-4.905209177989121,1.948742847062099,0.9974460263896205
Pos5,ch01,285,312,23.583333333333332,25.833333333333332,27,0.3481976188796927,-5.476299746093764,1.9906717995088807,0.9991364531478112
Pos5,ch01,312,334,25.833333333333332,27.666666666666668,22,0.38314135082366524,-7.215523622564045,1.809116084885746,0.9955974061069235
Pos5,ch01,334,368,27.666666666666668,30.5,34,0.3615383038531767,-7.435540800624447,1.9172164419995656,0.995930260790349
Pos5,ch01,368,387,30.5,32.083333333333336,19,0.37901617527713677,-8.82655664526273,1.8288063301074573,0.9931292947767006
Pos5,ch01,387,417,32.083333333333336,34.583333333333336,30,0.37916032329142435,-9.65420894988608,1.8281110600994745,0.9942500360876771
Pos5,ch01,417,442,34.583333333333336,36.666666666666664,25,0.3545626723452709,-9.53645015595418,1.9549355716863588,0.9958831857174572
Pos5,ch01,442,469,36.666666666666664,38.916666666666664,27,0.34787474415245356,-10.091231696858273,1.9925194116885319,0.9920981723528292
Pos5,ch01,469,494,38.916666666666664,41.0,25,0.36295619945754526,-11.384082396659299,1.909726797877776,0.9917637649641048
Pos5,ch01,494,525,41.0,43.583333333333336,31,0.36371826986825156,-12.180295123957883,1.905725496855084,0.9964209772581739
Pos5,ch01,525,547,43.583333333333336,45.416666666666664,22,0.38717929833999104,-13.969580160978078,1.790248558049911,0.998975566306431
Pos5,ch01,547,575,45.416666666666664,47.75,28,0.36161739864689596,-13.555450121202572,1.916797098683778,0.9987073385514355
Pos5,ch01,575,595,47.75,49.416666666666664,20,0.386942788223553,-15.560786780346126,1.7913428074009878,0.9931665841309901
Pos5,ch01,595,616,49.416666666666664,51.166666666666664,21,0.3684324825921168,-15.384934383673704,1.8813411230282666,0.9949457869536685
Pos5,ch01,616,639,51.166666666666664,53.083333333333336,23,0.37137527233346485,-16.280806446792752,1.8664333147564962,0.98990594467794
Pos5,ch01,639,666,53.083333333333336,55.333333333333336,27,0.37906054128799743,-17.429254439074093,1.8285922829232584,0.9918874988045694
Pos5,ch01,666,686,55.333333333333336,57.0,20,0.36420419570406926,-17.39700044868975,1.9031828538382782,0.9877024656403546
Pos5,ch01,686,714,57.0,59.333333333333336,28,0.34231759385571975,-16.793757647552177,2.0248657766976867,0.9956049041676278
Pos5,ch01,714,744,59.333333333333336,61.833333333333336,30,0.3531796476282529,-18.24602253562838,1.9625909511341175,0.9987118712162865
Pos5,ch01,744,767,61.833333333333336,63.75,23,0.3832856470769162,-20.907987463755074,1.8084350036223698,0.9961871279217401
Pos5,ch01,767,789,63.75,65.58333333333333,22,0.367207733662667,-20.6517671001977,1.887615965073057,0.9966508512555574
Pos5,ch01,789,813,65.58333333333333,67.58333333333333,24,0.4008773444566241,-23.67729276871302,1.72907546446528,0.9947334072781155
Pos5,ch01,813,843,67.58333333333333,70.08333333333333,30,0.3747704782626786,-22.832915161411073,1.8495244976956662,0.9937691177234398
Pos5,ch01,843,874,70.08333333333333,72.66666666666667,29,0.33953335124007916,-21.148826311213977,2.041470088367934,0.9952436987007032
Pos5,ch01,874,898,72.66666666666667,74.66666666666667,24,0.35990539957142575,-23.383088029070528,1.9259149248256426,0.9942807770876761
Pos5,ch01,898,919,74.66666666666667,76.41666666666667,21,0.34469712971693445,-23.025436899626346,2.0108875903003844,0.9949194611861782
Pos5,ch01,919,951,76.41666666666667,79.08333333333333,32,0.3832062714124145,-26.751598868096067,1.8088095949086545,0.9956528128843418
Pos5,ch01,951,977,79.08333333333333,81.25,26,0.3735456276467637,-26.805891650375965,1.855589061305803,0.9955920064131751
Pos5,ch01,977,1002,81.25,83.33333333333333,25,0.34728300064565093,-25.47604850301747,1.9959145114252101,0.9954972051722872
Pos5,ch01,1002,1031,83.33333333333333,85.75,29,0.35859573060626726,-27.22879534424157,1.9329487815933049,0.9975601646113923
Pos5,ch01,1031,1056,85.75,87.83333333333333,22,0.35416868178123356,-27.661661696945824,1.9571103155532406,0.9910823402387845
Pos5,ch03,4,31,0.16666666666666666,2.4166666666666665,27,0.3517942555441333,2.695819777003935,1.9703197810544937,0.9967753770251979
Pos5,ch03,31,55,2.4166666666666665,4.416666666666667,24,0.3515227396910687,1.971044559274571,1.9718416543097865,0.9969849729254884
Pos5,ch03,55,81,4.416666666666667,6.583333333333333,26,0.3329464307353736,1.2632332840872897,2.081857970451889,0.9969358839850033
Pos5,ch03,81,110,6.583333333333333,9.0,28,0.31550664800129513,0.7516378473479498,2.1969336777876705,0.9955568521963365
Pos5,ch03,110,132,9.0,10.833333333333334,22,0.34602892135105806,-0.17241509345555942,2.003148112168127,0.9977959312477828
Pos5,ch03,132,157,10.833333333333334,12.916666666666666,25,0.34409353671258724,-0.8287745095502388,2.0144149965214657,0.9976388472391184
Pos5,ch03,157,179,12.916666666666666,14.75,22,0.3439160138441909,-1.4976293385050718,2.015454799013725,0.9979196206977378
Pos5,ch03,179,201,14.75,16.583333333333332,22,0.35838199338899734,-2.4328707585528666,1.9341015825189212,0.9969830967049875
Pos5,ch03,201,225,16.583333333333332,18.583333333333332,24,0.35494994703199956,-3.090426563802544,1.952802603172262,0.9979604817182779
Pos5,ch03,225,251,18.583333333333332,20.75,26,0.3495370558154452,-3.7131323641218636,1.9830434828801828,0.9984809393185843
Pos5,ch03,251,277,20.75,22.916666666666668,24,0.3581922779194638,-4.6094759284503395,1.935125973641992,0.9980758093644451
Pos5,ch03,277,298,22.916666666666668,24.666666666666668,21,0.340409130007966,-4.9017704271301605,2.036217949100615,0.9977691459946343
Pos5,ch03,298,321,24.666666666666668,26.583333333333332,23,0.33887893571615463,-5.5622042915314225,2.045412409877627,0.9970650995709984
Pos5,ch03,321,349,26.583333333333332,28.916666666666668,28,0.33920530112654507,-6.296322926047454,2.0434444221771093,0.9981424805324911
Pos5,ch03,349,371,28.916666666666668,30.75,22,0.3355367027407053,-6.914213399828298,2.0657864695523123,0.997422414401078
Pos5,ch03,371,397,30.75,32.916666666666664,26,0.32984038853062986,-7.467917412975921,2.101462418376874,0.998014595068382
Pos5,ch03,397,423,32.916666666666664,35.083333333333336,26,0.3420751617666808,-8.555172207192703,2.026300819329058,0.9978559608897117
Pos5,ch03,423,445,35.083333333333336,36.916666666666664,22,0.3443587854349668,-9.30733600688832,2.0128633561197415,0.997462411528608
Pos5,ch03,445,469,36.916666666666664,38.916666666666664,24,0.3547732189391826,-10.381217882341867,1.9537753797553947,0.997021672415508
Pos5,ch03,469,496,38.916666666666664,41.166666666666664,27,0.33178986570099234,-10.189601205041788,2.089114985762123,0.9972689270699643
Pos5,ch03,496,519,41.166666666666664,43.083333333333336,23,0.3554775990357637,-11.90407303233276,1.9499039670575966,0.997348097931306
Pos5,ch03,519,547,43.083333333333336,45.416666666666664,28,0.3388032903160428,-11.879932368957924,2.045869093872622,0.9988213392775698
Pos5,ch03,547,569,45.416666666666664,47.25,21,0.32614166186430277,-12.084148091468506,2.1252948077769407,0.9979936265156131
Pos5,ch03,569,605,47.25,50.25,34,0.33055684654495915,-12.989210744881019,2.0969076508468873,0.9976480595120988
Pos5,ch03,605,625,50.25,51.916666666666664,20,0.316366724889887,-12.96449929195328,2.1909610778478634,0.9967856155400787
Pos5,ch03,625,649,51.916666666666664,53.916666666666664,24,0.33697462729591676,-14.676095561987628,2.0569714287457406,0.9977492823246463
Pos5,ch03,649,676,53.916666666666664,56.166666666666664,27,0.3003594665433798,-13.345916875625539,2.307725434915955,0.9980973807924112
Pos5,ch03,676,701,56.166666666666664,58.25,25,0.3118592745033353,-14.671673053495173,2.2226280801295593,0.9984439748183046
Pos5,ch03,701,723,58.25,60.083333333333336,22,0.31947318699935773,-15.850928489957813,2.1696568249445574,0.9965116937011737
Pos5,ch03,723,750,60.083333333333336,62.333333333333336,27,0.34487168623153863,-18.06116084990721,2.00986978123389,0.9974753630066885
Pos5,ch03,750,776,62.333333333333336,64.5,26,0.3446319275510984,-18.73043894656833,2.0112680374257335,0.9985632691894929
Pos5,ch03,776,803,64.5,66.75,27,0.3312322216231066,-18.57657492571129,2.0926321031310913,0.9982334439829318
Pos5,ch03,803,824,66.75,68.5,21,0.3151999223396841,-18.19172617001288,2.199071546131143,0.9913728345649324
Pos5,ch03,824,851,68.5,70.75,27,0.3248234263111579,-19.56981898540577,2.1339199220685496,0.9975903939835724
Pos5,ch03,851,882,70.75,73.33333333333333,31,0.32974326033923373,-20.65941539635529,2.1020814188797927,0.9988838336011383
Pos5,ch03,882,919,73.33333333333333,76.41666666666667,37,0.32214149751596316,-20.84020173502871,2.1516854733240245,0.9987155244853648
Pos5,ch03,919,937,76.41666666666667,77.91666666666667,18,0.3062330208788639,-20.266734793897292,2.2634632234325,0.9926103909541835
Pos5,ch03,937,956,77.91666666666667,79.5,19,0.32018292042431423,-21.96150359574069,2.1648474554525574,0.9972422939194383
Pos5,ch03,956,979,79.5,81.41666666666667,23,0.3300038125172652,-23.439767372293943,2.1004217353509547,0.9964511850919375
Pos5,ch03,979,1004,81.41666666666667,83.5,25,0.33696790667284493,-24.700258803186358,2.0570124538088645,0.9961421145693108
Pos5,ch03,1004,1028,83.5,85.5,24,0.3409709572343109,-25.747529503027717,2.032862816769533,0.9964488720790933
Pos5,ch03,1028,1054,85.5,87.66666666666667,26,0.33201721614560065,-25.65869870105242,2.087684453856685,0.9980692997226432
Pos5,ch03,1054,1085,87.66666666666667,90.25,27,0.3252775575330972,-25.834319538342616,2.130940682833359,0.9973194612829183
Pos5,ch03,1085,1109,90.25,92.25,24,0.33965645545492446,-27.851074085067527,2.040730183183379,0.9975613080153372
Pos5,ch03,1109,1132,92.25,94.16666666666667,23,0.31641275119504986,-26.374278445464224,2.1906423743734043,0.9975527596543343
Pos5,ch03,1132,1159,94.16666666666667,96.41666666666667,26,0.3260471286569042,-27.970877582286622,2.125911009905983,0.9952001934158488
Pos5,ch03,1159,1185,96.41666666666667,98.58333333333333,23,0.32544575984966956,-28.57088803725378,2.129839334456608,0.9969548043163159
Pos5,ch06,27,49,2.0833333333333335,3.9166666666666665,22,0.38647085654661195,2.0884214150682534,1.79353027225313,0.9976585784552562
Pos5,ch06,49,70,3.9166666666666665,5.666666666666667,21,0.38359878746473747,1.3750514556814988,1.8069587371249531,0.9993362911475958
Pos5,ch06,70,94,5.666666666666667,7.666666666666667,24,0.37580297031851384,0.6698311770415147,1.844443060076041,0.9970344112489997
Pos5,ch06,94,116,7.666666666666667,9.5,22,0.3893057076321049,-0.19129194245997652,1.7804701214783407,0.9974096048310919
Pos5,ch06,116,141,9.5,11.583333333333334,25,0.37228967506281585,-0.8150266381627448,1.8618490573046154,0.9984941223685783
Pos5,ch06,141,165,11.583333333333334,13.583333333333334,24,0.3939770517563633,-1.8433172099679778,1.7593592760539511,0.998545693300258
Pos5,ch06,165,192,13.583333333333334,15.833333333333334,27,0.38997232136608134,-2.6012158189180807,1.7774266084624568,0.9984802386994709
Pos5,ch06,192,218,15.833333333333334,18.0,26,0.38229708778223004,-3.24753447029672,1.813111328106131,0.9995630452648061
Pos5,ch06,218,242,18.0,20.0,24,0.36277541817697817,-3.649565590097225,1.9106784689082679,0.9990330523875426
Pos5,ch06,242,268,20.0,22.166666666666668,26,0.37023553402790665,-4.6088595014348845,1.8721789694764928,0.9979645607346286
Pos5,ch06,268,290,22.166666666666668,24.0,22,0.36392516202381614,-5.2317035628926645,1.9046420882395156,0.9992819141076329
Pos5,ch06,290,316,24.0,26.166666666666668,26,0.3717112066482797,-6.131542003987501,1.8647465240826449,0.9993497954056472
Pos5,ch06,316,340,26.166666666666668,28.166666666666668,24,0.39378418794297815,-7.465689423716773,1.7602209580348014,0.9980680047260203
Pos5,ch06,340,364,28.166666666666668,30.166666666666668,24,0.3792677359661848,-7.802073085901367,1.827593319516495,0.9989001370111208
Pos5,ch06,364,384,30.166666666666668,31.833333333333332,20,0.4012186684722193,-9.223977864046388,1.7276045085323324,0.9980578219695183
Pos5,ch06,384,409,31.833333333333332,33.916666666666664,25,0.38366525033008086,-9.430353575610752,1.8066457151477913,0.9982649388905982
Pos5,ch06,409,434,33.916666666666664,36.0,25,0.3812754962314876,-10.10872182924074,1.8179693880435157,0.9976741804624137
Pos5,ch06,434,455,36.0,37.75,21,0.3657393967832141,-10.287093097954516,1.895194191974885,0.9986376208553092
Pos5,ch06,455,480,37.75,39.833333333333336,25,0.3673597505000884,-11.129571875465913,1.8868348522568437,0.9984897567584293
Pos5,ch06,480,504,39.833333333333336,41.833333333333336,24,0.3525670841790058,-11.325814062892224,1.9660008312290995,0.9986237652199028
Pos5,ch06,504,528,41.833333333333336,43.833333333333336,24,0.371837979595898,-12.844493190999732,1.8641107648907629,0.998809823257766
Pos5,ch06,528,553,43.833333333333336,45.916666666666664,25,0.37859929739825254,-13.950540395371599,1.8308200393484,0.9994359140433747
Pos5,ch06,553,577,45.916666666666664,47.916666666666664,24,0.37832263275783523,-14.693865484890418,1.8321589049725968,0.9976658630870908
Pos5,ch06,577,601,47.916666666666664,49.916666666666664,24,0.36049305002851584,-14.595231088005123,1.9227754335489013,0.9936756192922382
Pos5,ch06,601,624,49.916666666666664,51.833333333333336,23,0.34843479692240725,-14.747429314883604,1.989316757919278,0.9974090347257617
Pos5,ch06,624,653,51.833333333333336,54.25,29,0.3696807926942116,-16.532696895875997,1.8749883528119757,0.9993061418801139
Pos5,ch06,653,677,54.25,56.25,24,0.360219208180533,-16.79124746375644,1.9242371445460427,0.998959449041068
Pos5,ch06,677,700,56.25,58.166666666666664,23,0.33957531234172195,-16.38277771047081,2.0412178252299342,0.9967887256535833
Pos5,ch06,700,729,58.166666666666664,60.583333333333336,29,0.3537172536778739,-17.929232957214204,1.959608057997607,0.9980625333159079
Pos5,ch06,729,752,60.583333333333336,62.5,23,0.3577722318658234,-18.921624763169127,1.9373979275728104,0.996756290614879
Pos5,ch06,752,778,62.5,64.66666666666667,26,0.38226028405627205,-21.153126705113706,1.8132858930694145,0.9978385266189119
Pos5,ch06,778,806,64.66666666666667,67.0,28,0.3628881403820089,-20.66015134810592,1.9100849640064728,0.9991126011089195
Pos5,ch06,806,828,67.0,68.83333333333333,22,0.356814214377522,-21.02926738260459,1.9425996852988912,0.9979579279700224
Pos5,ch06,828,849,68.83333333333333,70.58333333333333,21,0.3646613307279317,-22.35084967033617,1.9007970468826372,0.9971104225349035
Pos5,ch06,849,877,70.58333333333333,72.91666666666667,28,0.3552515799827066,-22.44895940752036,1.9511445398601384,0.9979004265138529
Pos5,ch06,877,910,72.91666666666667,75.66666666666667,33,0.3523399433620393,-23.01451477314905,1.9672682408526043,0.9987509689603256
Pos5,ch06,910,933,75.66666666666667,77.58333333333333,23,0.363464414610149,-24.63989111113702,1.9070565169451683,0.9967057550735599
Pos5,ch06,933,955,77.58333333333333,79.41666666666667,22,0.35515522777928316,-24.74760750108375,1.9516738776282707,0.9984792296155702
Pos5,ch06,955,984,79.41666666666667,81.83333333333333,29,0.3626167944017704,-26.11084365720889,1.9115142797053006,0.9978676844449383
Pos5,ch06,984,1009,81.83333333333333,83.91666666666667,25,0.37229208770850203,-27.746304139930736,1.8618369915577335,0.9980832753315977
Pos5,ch06,1009,1036,83.91666666666667,86.16666666666667,27,0.3882962884908955,-29.829964798408053,1.7850986504502675,0.9990903304407762
Pos5,ch06,1036,1067,86.16666666666667,88.75,30,0.3704143759137816,-29.14840517546651,1.871275052027904,0.9964052886455355
Pos5,ch06,1067,1091,88.75,90.75,23,0.3548125752036097,-28.600010167176347,1.9535586644926037,0.9971851480722508
Pos5,ch06,1091,1117,90.75,92.91666666666667,23,0.43822211654777293,-36.946896310970686,1.5817256920312956,0.8994050393992622
Pos5,ch06,1117,1143,92.91666666666667,95.08333333333333,25,0.37655271909962973,-32.15175873896718,1.8407706156453216,0.9984293898094946
Pos5,ch06,1143,1165,95.08333333333333,96.91666666666667,15,0.3609887650804863,-31.422480917417772,1.9201350502013568,0.9969521763382132
Pos5,ch06,1165,1191,96.91666666666667,99.08333333333333,22,0.355192248434917,-31.6591878718932,1.9514704603328439,0.9989086926219908
Pos7,ch04,16,37,1.1666666666666667,2.9166666666666665,21,0.3720536196395099,2.4263732116155587,1.8630303374861648,0.9984330223803367
Pos7,ch04,37,60,2.9166666666666665,4.833333333333333,23,0.37687471696451585,1.7002542242972754,1.8391978802473175,0.99621599462922
Pos7,ch04,60,84,4.833333333333333,6.833333333333333,24,0.37780248746527606,0.8751850853414899,1.8346813574742613,0.9967758575974138
Pos7,ch04,84,110,6.833333333333333,9.0,26,0.37683511801914626,0.14744013961712107,1.8393911485837895,0.9967140226928032
Pos7,ch04,110,138,9.0,11.333333333333334,28,0.363970118540555,-0.5934879983574894,1.9044068324600996,0.9953662844332337
Pos7,ch04,138,160,11.333333333333334,13.166666666666666,22,0.37694766597962154,-1.3919618272021215,1.8388419484136507,0.99712654778934
Pos7,ch04,160,185,13.166666666666666,15.25,25,0.3659841547841751,-1.9772653250719283,1.8939267492842737,0.9982050278300949
Pos7,ch04,185,208,15.25,17.166666666666668,23,0.3890286294641269,-3.07083331786687,1.7817382271189934,0.9956941003179255
Pos7,ch04,208,231,17.166666666666668,19.083333333333332,23,0.3981187985576275,-4.119288142621902,1.7410561447266415,0.9987818041044426
Pos7,ch04,231,258,19.083333333333332,21.333333333333332,27,0.3684552205583838,-4.355876640879987,1.8812250224314904,0.9980454459004667
Pos7,ch04,258,282,21.333333333333332,23.333333333333332,24,0.3539647523465348,-4.779973246646528,1.958237863981857,0.9954675050695623
Pos7,ch04,282,305,23.333333333333332,25.25,23,0.3759984887388116,-5.970288483003928,1.8434839535789782,0.9982196476027676
Pos7,ch04,305,328,25.25,27.166666666666668,23,0.39042006408424246,-7.09228253412391,1.7753882147060511,0.9978154960173469
Pos7,ch04,328,359,27.166666666666668,29.75,31,0.370347840459515,-7.304194842078276,1.8716112390446555,0.9987763922640271
Pos7,ch04,359,380,29.75,31.5,21,0.37794733378388423,-8.303618823515738,1.833978225538421,0.9947096976467538
Pos7,ch04,380,405,31.5,33.583333333333336,25,0.3936889237888178,-9.578125253190612,1.760646893209936,0.9985250633076759
Pos7,ch04,405,426,33.583333333333336,35.333333333333336,21,0.3787181146044071,-9.850140764069513,1.8302456466440151,0.993196122574039
Pos7,ch04,426,453,35.333333333333336,37.583333333333336,27,0.3794541402767028,-10.685529161095909,1.826695526512093,0.9988430012025922
Pos7,ch04,453,479,37.583333333333336,39.75,26,0.38016323385373574,-11.495564925206956,1.8232883110064957,0.9949277995394682
Pos7,ch04,479,504,39.75,41.833333333333336,24,0.4119893100475041,-13.591349312574625,1.6824397227200445,0.9127113214170303
Pos7,ch04,504,525,41.833333333333336,43.583333333333336,21,0.3684281634752011,-12.513572555919204,1.8813631781615985,0.9869415427265822
Pos7,ch04,525,553,43.583333333333336,45.916666666666664,28,0.37505878431436035,-13.568638428288688,1.8481027762809978,0.9961878891614919
Pos7,ch04,553,575,45.916666666666664,47.75,22,0.3860392926170205,-14.908742887981953,1.79553530901218,0.9970288101409079
Pos7,ch04,575,597,47.75,49.583333333333336,22,0.3818134103508226,-15.389922368904486,1.815408159506653,0.9952092786023833
Pos7,ch04,597,623,49.583333333333336,51.75,26,0.3831205196896141,-16.239028713238824,1.809214450642059,0.9961290845525658
Pos7,ch04,623,644,51.75,53.5,21,0.39334284904023153,-17.50249388987073,1.762195962761864,0.9960935680190453
Pos7,ch04,644,668,53.5,55.5,24,0.37213429713200064,-17.140044039383913,1.862626438632388,0.9950659492549749
Pos7,ch04,668,697,55.5,57.916666666666664,29,0.3541564347707483,-16.92769502698711,1.9571779939806306,0.998442912897547
Pos7,ch04,697,717,57.916666666666664,59.583333333333336,20,0.38358748183491886,-19.375535825549086,1.8070119943545209,0.9965079551900725
Pos7,ch04,717,743,59.583333333333336,61.75,26,0.40096239820940605,-21.18048991998489,1.7287086860397898,0.9990062143599908
Pos7,ch04,743,765,61.75,63.583333333333336,22,0.40922194143406293,-22.52681855493198,1.6938172428655824,0.9982154315116367
Pos7,ch04,765,793,63.583333333333336,65.91666666666667,28,0.37454046982409006,-21.134590304125506,1.8506603061759783,0.9972909744037055
Pos7,ch04,793,820,65.91666666666667,68.16666666666667,27,0.37973184451436726,-22.250578544894726,1.8253596335761613,0.9986578237597439
Pos7,ch04,820,843,68.16666666666667,70.08333333333333,23,0.3631443231668266,-21.863807790353036,1.908737480777077,0.9982020233978084
Pos7,ch04,843,864,70.08333333333333,71.83333333333333,21,0.3701981874165195,-23.117305886790554,1.872367840040415,0.9965614526454722
Pos7,ch04,864,895,71.83333333333333,74.41666666666667,31,0.35595275331928816,-22.90883055954476,1.9473010788546847,0.9970573133265219
Pos7,ch04,895,918,74.41666666666667,76.33333333333333,23,0.3598630207396419,-23.932019170069978,1.926141727858812,0.9985015199859179
Pos7,ch04,918,944,76.33333333333333,78.5,26,0.3662999393195884,-25.167057725169897,1.892294008695399,0.9948195998327565
Pos7,ch04,944,966,78.5,80.33333333333333,22,0.3782826714290689,-26.891801955140398,1.8323524520470034,0.997571065513871
Pos7,ch04,966,992,80.33333333333333,82.5,26,0.3632959951589962,-26.409639088806262,1.9079406043454732,0.996568612781195
Pos7,ch04,992,1017,82.5,84.58333333333333,25,0.38472197120027946,-28.94215561685948,1.8016833777322927,0.9982362920394454
Pos7,ch04,1017,1043,84.58333333333333,86.75,26,0.3504475973999287,-26.789144406159508,1.9778910904300762,0.9973353813690583
Pos7,ch04,1043,1066,86.75,88.66666666666667,23,0.3726149213604266,-29.448185888279575,1.8602238955682375,0.9965650965805044
Pos7,ch04,1066,1090,88.66666666666667,90.66666666666667,23,0.3548117505798625,-28.659447261679052,1.9535632047899971,0.9982989352709329
Pos7,ch04,1090,1113,90.66666666666667,92.58333333333333,23,0.35362152925521523,-29.30569249394451,1.9601385187712599,0.9961381549319455
Pos7,ch04,1113,1142,92.58333333333333,95.0,29,0.34255549681971575,-29.063461321382622,2.0234595182244095,0.9983135325133908
Pos7,ch04,1142,1176,95.0,97.83333333333333,34,0.34546789109448783,-30.094880125511626,2.0064011690463146,0.9979937722398566
Pos7,ch04,1176,1197,97.83333333333333,99.58333333333333,21,0.34352576580782795,-30.66720788959528,2.017744371895817,0.9968220149714654
Pos8,ch05,14,44,1.0,3.5,30,0.32432091513717287,2.3656259809531925,2.137226272523238,0.9968818699564385
Pos8,ch05,44,71,3.5,5.75,27,0.3379348045050133,1.6162237017309844,2.051126937265979,0.997787619979332
Pos8,ch05,71,94,5.75,7.666666666666667,23,0.3455223345812815,0.8681677389239449,2.006085023128621,0.9977371976371251
Pos8,ch05,94,119,7.666666666666667,9.75,25,0.31690277690679297,0.3644867565499794,2.1872549913433317,0.9986926720017938
Pos8,ch05,119,150,9.75,12.333333333333334,31,0.33131486949595135,-0.5099460966884685,2.092110087345221,0.9976605643496965
Pos8,ch05,150,172,12.333333333333334,14.166666666666666,22,0.33336786679636865,-1.2139575471042494,2.0792261330434134,0.9975723667100341
Pos8,ch05,172,195,14.166666666666666,16.083333333333332,23,0.3305633295079598,-1.8173014934361074,2.0968665265796056,0.9981039659204882
Pos8,ch05,195,217,16.083333333333332,17.916666666666668,22,0.32621089412148957,-2.4402467403833983,2.1248437530777218,0.9941300477878596
Pos8,ch05,217,245,17.916666666666668,20.25,28,0.3169293734107858,-2.981240717205169,2.1870714383470142,0.9982873375100405
Pos8,ch05,245,272,20.25,22.5,27,0.3169658557087737,-3.6895116993510717,2.1868197096813,0.998742835394184
Pos8,ch05,272,298,22.5,24.666666666666668,26,0.3364211491927592,-4.791365621926837,2.0603555460860545,0.9959641025728846
Pos8,ch05,298,323,24.666666666666668,26.75,25,0.327158664620356,-5.252023318750957,2.118688133674505,0.9981653529612801
Pos8,ch05,323,347,26.75,28.75,24,0.3400083056424804,-6.248463109707273,2.0386183780133633,0.9965954534816126
Pos8,ch05,347,368,28.75,30.5,21,0.3325366429859853,-6.750356039839068,2.0844234618353257,0.9972933327847523
Pos8,ch05,368,394,30.5,32.666666666666664,26,0.3179246165633922,-6.9290514362478675,2.1802249478273286,0.99679491841828
Pos8,ch05,394,420,32.666666666666664,34.833333333333336,26,0.32690374718715043,-8.007038369142236,2.12034027301352,0.9969815664512413
Pos8,ch05,420,446,34.833333333333336,37.0,26,0.32807420137158194,-8.714014046425214,2.1127756393587194,0.9975369575619871
Pos8,ch05,446,473,37.0,39.25,27,0.3343978459875945,-9.595322701531614,2.0728219062321944,0.9987915349504177
Pos8,ch05,473,498,39.25,41.333333333333336,25,0.36169055295685887,-11.361163342877088,1.9164094137748224,0.9984280913159405
Pos8,ch05,498,518,41.333333333333336,43.0,20,0.33367051099024225,-10.854338773828912,2.0773402435320856,0.9980237871877689
Pos8,ch05,518,544,43.0,45.166666666666664,26,0.35441117855916476,-12.454151401790316,1.9557712129111993,0.999253936157142
Pos8,ch05,544,564,45.166666666666664,46.833333333333336,20,0.3288475363825936,-12.007537019372997,2.107807126015722,0.9968963724034905
Pos8,ch05,564,593,46.833333333333336,49.25,29,0.3316575482320287,-12.838978708207645,2.0899484551306435,0.9978133113600153
Pos8,ch05,593,617,49.25,51.25,24,0.3194830271445446,-12.90162470568769,2.169589999052885,0.9981179220085442
Pos8,ch05,617,642,51.25,53.333333333333336,25,0.32666470270277254,-13.929688205727368,2.121891881262206,0.9975021657203822
Pos8,ch05,642,664,53.333333333333336,55.166666666666664,21,0.33199161548828504,-14.865518959229606,2.0878454401340276,0.9959534016518705
Pos8,ch05,664,688,55.166666666666664,57.166666666666664,24,0.33406500576308923,-15.661048838241076,2.074887128559369,0.9974081197955712
Pos8,ch05,688,715,57.166666666666664,59.416666666666664,27,0.325080232486868,-15.83504104064288,2.1322341726451968,0.9951497704315001
Pos8,ch05,715,741,59.416666666666664,61.583333333333336,26,0.3243503464277885,-16.430073754012973,2.1370323423232835,0.9965967375977276
Pos8,ch05,741,763,61.583333333333336,63.416666666666664,22,0.3251090987291425,-17.12186152696109,2.1320448528493063,0.9979780272176499
Pos8,ch05,763,786,63.416666666666664,65.33333333333333,23,0.35846473262760375,-19.92985696769001,1.9336551617757924,0.9986499251700335
Pos8,ch05,786,816,65.33333333333333,67.83333333333333,30,0.3359367669741691,-19.162373442147363,2.063326342047112,0.9989250413832511
Pos8,ch05,816,837,67.83333333333333,69.58333333333333,21,0.3279397483476874,-19.353841122858462,2.1136418627273525,0.9986661410898977
Pos8,ch05,837,865,69.58333333333333,71.91666666666667,28,0.327273980334935,-19.988878819543096,2.1179416092002565,0.9983693315090387
Pos8,ch05,865,889,71.91666666666667,73.91666666666667,24,0.34150496808492425,-21.711794009261588,2.0296840319686824,0.9974659996192647
Pos8,ch05,889,912,73.91666666666667,75.83333333333333,23,0.32064102044440784,-20.86455392157206,2.16175453658189,0.9962172353130985
Pos8,ch05,912,938,75.83333333333333,78.0,26,0.3292277201544999,-22.226814003908224,2.105373084121426,0.9929400124609565
Pos8,ch05,938,961,78.0,79.91666666666667,23,0.3229293593966332,-22.40367014264996,2.1464359321649584,0.9927009617830989
Pos8,ch05,961,987,79.91666666666667,82.08333333333333,26,0.3200114873546319,-22.81464160652274,2.1660071839602746,0.9979898505407673
Pos8,ch05,987,1013,82.08333333333333,84.25,26,0.3644540011597806,-27.116472814042453,1.9018783669658823,0.9987007831451677
Pos8,ch05,1013,1036,84.25,86.16666666666667,22,0.33944939822885056,-25.676846220619662,2.0419749870719706,0.9938660280042219
Pos8,ch05,1036,1062,86.16666666666667,88.33333333333333,26,0.33459161950876515,-25.913027752567846,2.071621463734202,0.9987594957767607
Pos8,ch05,1062,1081,88.33333333333333,89.91666666666667,19,0.3216472946241783,-25.42545237828172,2.1549914833570663,0.9957292164020236
Pos8,ch05,1081,1104,89.91666666666667,91.83333333333333,23,0.31907061442457085,-25.915286628283088,2.172394288988362,0.9962801198914728
Pos8,ch05,1104,1135,91.83333333333333,94.41666666666667,31,0.30858223049243894,-25.576287218955432,2.246231675277651,0.9989948019261058
Pos8,ch05,1135,1158,94.41666666666667,96.33333333333333,23,0.33616954364603785,-28.871083485736865,2.0618976158345235,0.9981608108555241
Pos8,ch05,1158,1185,96.33333333333333,98.58333333333333,27,0.31274216259100457,-27.281957163931395,2.2163534805072755,0.9955355188750862
Pos8,ch09,10,33,0.6666666666666666,2.5833333333333335,23,0.3744217375038524,2.5180508692319927,1.851247166312863,0.9975503116501059
Pos8,ch09,33,57,2.5833333333333335,4.583333333333333,24,0.3764437740986827,1.7765729199774807,1.8413033452858767,0.9969155886595986
Pos8,ch09,57,85,4.583333333333333,6.916666666666667,28,0.365430127472081,1.1031026203184664,1.896798124869718,0.9984958495574744
Pos8,ch09,85,107,6.916666666666667,8.75,22,0.3619376744197631,0.25107651421786414,1.9151009401581571,0.9976768830495284
Pos8,ch09,107,135,8.75,11.083333333333334,28,0.3602908724877926,-0.4559440706228901,1.9238544006785254,0.997435034608319
Pos8,ch09,135,164,11.083333333333334,13.5,29,0.383534526706253,-1.517667310223745,1.8072614909343558,0.9987717972277865
Pos8,ch09,164,184,13.5,15.166666666666666,20,0.3539057643044467,-1.9544531071260096,1.9585642576978963,0.9931026963849005
Pos8,ch09,184,209,15.166666666666666,17.25,25,0.37524080555234157,-3.0187754829743962,1.8472063014033253,0.9960091370781967
Pos8,ch09,209,233,17.25,19.25,24,0.36056073453241394,-3.5551621211566475,1.922414489916212,0.9937951368225396
Pos8,ch09,233,264,19.25,21.833333333333332,29,0.3767153008945891,-4.663092582438273,1.8399761807230093,0.9980368581395035
Pos8,ch09,264,287,21.833333333333332,23.75,23,0.3622694104440437,-5.154775410272037,1.9133472509046112,0.9965493392157119
Pos8,ch09,287,312,23.75,25.833333333333332,25,0.3620648017719405,-5.85524856194326,1.9144285143645332,0.9982259403761178
Pos8,ch09,312,337,25.833333333333332,27.916666666666668,25,0.3512881259291241,-6.343720844290805,1.973158582364935,0.9947038553900239
Pos8,ch09,337,364,27.916666666666668,30.166666666666668,27,0.3553895726574616,-7.29548657985463,1.9503869384148411,0.996223252077687
Pos8,ch09,364,391,30.166666666666668,32.416666666666664,27,0.36364675968381666,-8.325047192107705,1.9061002527909845,0.9935337975802261
Pos8,ch09,391,1182,32.416666666666664,98.33333333333333,777,-0.008441925160858808,3.5119419377255725,,0.32468090461609966
Pos8,ch09,1186,1194,98.66666666666667,99.33333333333333,6,0.22493654553110737,-18.903898683907634,3.0815231865650183,0.97507659283418
Pos9,ch05,11,30,0.75,2.3333333333333335,19,0.3662028567454365,2.598399316420642,1.8927956671888608,0.9971687931932786
Pos9,ch05,30,55,2.3333333333333335,4.416666666666667,25,0.3772850490483744,1.8407084373539746,1.8371975839177024,0.9980398245398328
Pos9,ch05,55,78,4.416666666666667,6.333333333333333,23,0.35759402674090623,1.200695683299235,1.938363419761939,0.9954810231156812
Pos9,ch05,78,104,6.333333333333333,8.5,26,0.37779657699562413,0.2897336191152584,1.8347100602978035,0.9977555060618322
Pos9,ch05,104,128,8.5,10.5,24,0.37752342171450703,-0.4919949698497754,1.8360375560595579,0.9985078409726894
Pos9,ch05,128,153,10.5,12.583333333333334,25,0.37157771266044304,-1.174252642884906,1.865416457830883,0.9975383537213485
Pos9,ch05,153,180,12.583333333333334,14.833333333333334,27,0.3304945963200032,-1.4352086554277492,2.0973026133498465,0.9992373588638352
Pos9,ch05,180,208,14.833333333333334,17.166666666666668,28,0.36939309907840046,-2.8702060302536667,1.8764486458715106,0.9976359409225394
Pos9,ch05,208,236,17.166666666666668,19.5,28,0.3412467912086982,-3.107834321571094,2.0312196287760353,0.9983812751228776
Pos9,ch05,236,258,19.5,21.333333333333332,21,0.3782718122025467,-4.612035295843101,1.8324050542491856,0.9984239282577629
Pos9,ch05,258,287,21.333333333333332,23.75,29,0.3646993333697771,-5.127762179775274,1.9005989787679356,0.9971914419525246
Pos9,ch05,287,312,23.75,25.833333333333332,24,0.3513531916291342,-5.618110674271229,1.972793180975532,0.997023895176557
Pos9,ch05,312,336,25.833333333333332,27.833333333333332,24,0.35547381473283224,-6.505306501301237,1.9499247253441223,0.9970634817702786
Pos9,ch05,336,370,27.833333333333332,30.666666666666668,34,0.3512222870018614,-7.241913424240285,1.973528463916277,0.9981074276627359
Pos9,ch05,370,390,30.666666666666668,32.333333333333336,20,0.35898988939649745,-8.25202010907893,1.9308264690273143,0.998139716371028
Pos9,ch05,390,420,32.333333333333336,34.833333333333336,30,0.36224374120128,-9.135067574382813,1.9134828341307337,0.9987163403450785
Pos9,ch05,420,448,34.833333333333336,37.166666666666664,28,0.3680521212096771,-10.135858952490167,1.8832853843683282,0.9976877235397548
Pos9,ch05,448,479,37.166666666666664,39.75,29,0.3595770371489175,-10.607888140725233,1.9276736525110223,0.997520379557748
Pos9,ch05,479,499,39.75,41.416666666666664,20,0.3867791240779172,-12.536223224845193,1.7921008074373472,0.9981421142458738
Pos9,ch05,499,526,41.416666666666664,43.666666666666664,27,0.35916871393993605,-12.165407309407613,1.9298651404138185,0.996480333896453
Pos9,ch05,526,556,43.666666666666664,46.166666666666664,30,0.3704889907966258,-13.489364495256511,1.870898185313252,0.9969652874363452
Pos9,ch05,556,582,46.166666666666664,48.333333333333336,26,0.37054321107230936,-14.317630687404336,1.870624423408156,0.9987091187808614
Pos9,ch05,582,605,48.333333333333336,50.25,23,0.37132541877631736,-15.146725321271468,1.8666838991097727,0.9967937486542808
Pos9,ch05,605,631,50.25,52.416666666666664,26,0.37970649185638433,-16.361362905440004,1.8254815111828877,0.9985662129079499
Pos9,ch05,631,653,52.416666666666664,54.25,22,0.3542561041304276,-15.737777720458855,1.9566273452404568,0.9982203833396296
Pos9,ch05,653,677,54.25,56.25,24,0.3583939441164511,-16.69103885626031,1.9340370894624395,0.9961713540513691
Pos9,ch05,677,706,56.25,58.666666666666664,29,0.3633151220356278,-17.74036513211141,1.9078401600139647,0.997655056509507
Pos9,ch05,706,727,58.666666666666664,60.416666666666664,21,0.37968049678531207,-19.454486871915545,1.8256064939566305,0.9842175933492677
Pos9,ch05,727,751,60.416666666666664,62.416666666666664,24,0.3655663539566519,-19.363988321423907,1.8960912924774727,0.9981718896543533
Pos9,ch05,751,775,62.416666666666664,64.41666666666667,24,0.3615876105875075,-19.853503401253207,1.916955006931017,0.9982994053036134
Pos9,ch05,775,802,64.41666666666667,66.66666666666667,27,0.36155708304068973,-20.622139038670866,1.9171168622409156,0.9945655872715313
Pos9,ch05,802,828,66.66666666666667,68.83333333333333,26,0.3707001536449059,-21.985132690786806,1.8698324609379897,0.9984063606685327
Pos9,ch05,828,857,68.83333333333333,71.25,29,0.3707658356485071,-22.822218905496804,1.8695012159023778,0.9960377886841387
Pos9,ch05,857,880,71.25,73.16666666666667,23,0.3745738708280451,-23.837266362533438,1.8504952815519453,0.997718297520657
Pos9,ch05,880,908,73.16666666666667,75.5,28,0.35764363704514635,-23.357905406131252,1.9380945409422938,0.998829750993416
Pos9,ch05,908,934,75.5,77.66666666666667,26,0.36746480331104764,-24.87978895082028,1.886295433778504,0.9939986154163118
Pos9,ch05,934,960,77.66666666666667,79.83333333333333,26,0.3574688673862183,-24.91392846161583,1.9390420923315028,0.9975221392821843
Pos9,ch05,960,983,79.83333333333333,81.75,23,0.3472817393358919,-24.81663087921583,1.9959217604860338,0.999375877459478
Pos9,ch05,983,1007,81.75,83.75,24,0.3624883470092686,-26.823830698739606,1.9121916229274591,0.9958757711869876
Pos9,ch05,1007,1033,83.75,85.91666666666667,22,0.359804520874826,-27.3608230173696,1.9264548952154144,0.9986442329815336
Pos9,ch05,1033,1058,85.91666666666667,88.0,25,0.33202790167097324,-25.781881642012003,2.0876172667164195,0.9923306259912771
Pos9,ch05,1058,1084,88.0,90.16666666666667,14,0.36114641089770694,-29.117156863408347,1.9192968824942194,0.9931032479989635
Pos9,ch05,1084,1115,90.16666666666667,92.75,30,0.3398464410905936,-27.94433467693019,2.0395893461046177,0.9981669354369774
Pos9,ch05,1115,1135,92.75,94.41666666666667,20,0.36981046744201745,-31.511331331142603,1.8743308845594635,0.9962925536010014
Pos9,ch05,1135,1167,94.41666666666667,97.08333333333333,32,0.3505858762266612,-30.494586801897317,1.9771109664207092,0.9981751815836821
Pos9,ch05,1167,1197,97.08333333333333,99.58333333333333,30,0.36212983352965966,-32.40020878302709,1.914084718742661,0.9964558663769078
Pos10,ch02,23,42,1.75,3.3333333333333335,19,0.3501973633510961,2.387559244753602,1.979304395461765,0.9975483178102564
Pos10,ch02,42,63,3.3333333333333335,5.083333333333333,21,0.37119548250610196,1.5873389788623151,1.8673373282460433,0.9969475854628178
Pos10,ch02,63,96,5.083333333333333,7.833333333333333,33,0.34389561758282544,0.9498806453295966,2.015574334537731,0.9980555238791458
Pos10,ch02,96,122,7.833333333333333,10.0,26,0.3476091071516214,0.1366949409815279,1.994042061324952,0.9982049888574662
Pos10,ch02,122,152,10.0,12.5,30,0.34118574652848327,-0.5938097933426085,2.0315830529634367,0.9986795571262402
Pos10,ch02,152,180,12.5,14.833333333333334,28,0.35512250034197534,-1.5502542497283571,1.9518537403078078,0.998480610723462
Pos10,ch02,180,201,14.833333333333334,16.583333333333332,21,0.3556792004826144,-2.3181447265073327,1.9487987479150508,0.999297952802721
Pos10,ch02,201,222,16.583333333333332,18.333333333333332,21,0.3566315344759576,-3.0922256068727667,1.9435947569203924,0.9986898513587782
Pos10,ch02,222,248,18.333333333333332,20.5,26,0.36276473120818914,-3.9345278463006896,1.9107347570735895,0.998620023841304
Pos10,ch02,248,276,20.5,22.833333333333332,28,0.35310096508507116,-4.548788428790506,1.963028281140348,0.9977071065644652
Pos10,ch02,276,301,22.833333333333332,24.916666666666668,25,0.35775154588382163,-5.455113535296821,1.93750995218632,0.9973124726082041
Pos10,ch02,301,325,24.916666666666668,26.916666666666668,24,0.3485823718668918,-6.010923451490811,1.988474565847029,0.99512786893691
Pos10,ch02,325,354,26.916666666666668,29.333333333333332,29,0.36049938442952256,-7.103089208722129,1.9227416481080155,0.9980684511650467
Pos10,ch02,354,380,29.333333333333332,31.5,26,0.35331351408396594,-7.675466097595683,1.9618473478351495,0.997345921888468
Pos10,ch02,380,407,31.5,33.75,27,0.37558759028018657,-9.185514889492998,1.8455007526815803,0.9959741064150794
Pos10,ch02,407,433,33.75,35.916666666666664,26,0.35081787992435276,-9.135098578597193,1.9758034587900974,0.9968193504660893
Pos10,ch02,433,462,35.916666666666664,38.333333333333336,29,0.34622213886841485,-9.729522408244033,2.002030207615876,0.9959286334780603
Pos10,ch02,462,485,38.333333333333336,40.25,23,0.3544291585540726,-10.731576239784538,1.9556719977208,0.9988778086182626
Pos10,ch02,485,510,40.25,42.333333333333336,25,0.3766892456503259,-12.365409731791242,1.840103450161627,0.9976177928934986
Pos10,ch02,510,535,42.333333333333336,44.416666666666664,25,0.36097306773535737,-12.451709630175312,1.9202185495681272,0.997797590615597
Pos10,ch02,535,564,44.416666666666664,46.833333333333336,29,0.36760978129930233,-13.492399415208437,1.8855515163661962,0.9976874758273725
Pos10,ch02,564,584,46.833333333333336,48.5,20,0.3829175430221491,-14.963354969431098,1.8101734777919318,0.9978358708537398
Pos10,ch02,584,610,48.5,50.666666666666664,26,0.33585315106773267,-13.457338280944777,2.0638400394824816,0.9962260384120416
Pos10,ch02,610,637,50.666666666666664,52.916666666666664,27,0.33092311666377644,-13.948486003959047,2.094586765493916,0.9985929152171147
Pos10,ch02,637,658,52.916666666666664,54.666666666666664,21,0.347818191499864,-15.49709625328294,1.9928433805343857,0.9976345084788809
Pos10,ch02,658,685,54.666666666666664,56.916666666666664,27,0.34058658210570825,-15.857371770939746,2.0351570407574435,0.9990004075617206
Pos10,ch02,685,706,56.916666666666664,58.666666666666664,21,0.2726595012950708,-12.714075531360674,2.5421713795692185,0.9864646417359703
Pos10,ch02,706,786,58.666666666666664,65.33333333333333,80,0.16633323068111,-7.037847790133618,4.167220090186489,0.9861476586500859
Pos10,ch03,7,30,0.4166666666666667,2.3333333333333335,23,0.32543100555781285,2.8114744443147295,2.1299358964639517,0.9957482083749888
Pos10,ch03,30,61,2.3333333333333335,4.916666666666667,31,0.3432480336045246,2.1011320007560723,2.019376988940188,0.9980479029215223
Pos10,ch03,61,80,4.916666666666667,6.5,19,0.3427718688039351,1.4190661605175439,2.0221822256844075,0.9973495984588067
Pos10,ch03,80,100,6.5,8.166666666666666,20,0.33930725350540475,0.765433328923885,2.042830424044867,0.9967497578028862
Pos10,ch03,100,126,8.166666666666666,10.333333333333334,26,0.30780464729357554,0.35210517161637295,2.2519061575403723,0.9967987799707848
Pos10,ch03,126,152,10.333333333333334,12.5,26,0.33199133017224897,-0.5931451150418757,2.0878472344452965,0.9978611646631458
Pos10,ch03,152,180,12.5,14.833333333333334,28,0.35048632896981446,-1.4946374140822902,1.9776725174910956,0.9977302819823053
Pos10,ch03,180,200,14.833333333333334,16.5,20,0.3423222318857453,-2.090845933545102,2.0248383423466714,0.9957075481234439
Pos10,ch03,200,221,16.5,18.25,21,0.32497465232513295,-2.429254759426917,2.1329269086084306,0.9946334141146157
Pos10,ch03,221,248,18.25,20.5,27,0.3137394737208374,-2.880998347853282,2.209308163679466,0.9974229789014778
Pos10,ch03,248,275,20.5,22.75,27,0.3302786259593536,-3.9155394225572944,2.0986740469401397,0.9982690971196299
Pos10,ch03,275,298,22.75,24.666666666666668,23,0.34624370598961907,-4.961918698879677,2.001905503462717,0.9975090749369748
Pos10,ch03,298,322,24.666666666666668,26.666666666666668,24,0.34475716084048985,-5.651808103259353,2.0105374428484937,0.9964570301875163
Pos10,ch03,322,346,26.666666666666668,28.666666666666668,24,0.3431217816443021,-6.297176871178715,2.0201200204727825,0.9976813152176117
Pos10,ch03,346,370,28.666666666666668,30.666666666666668,24,0.34963841303654264,-7.142969007663776,1.9824686153334663,0.9965038866351227
Pos10,ch03,370,392,30.666666666666668,32.5,22,0.348240726486274,-7.746848445269695,1.9904253806088525,0.9973386824381536
Pos10,ch03,392,417,32.5,34.583333333333336,25,0.3421313210820684,-8.30914291792261,2.0259682111760746,0.9971043540696926
Pos10,ch03,417,444,34.583333333333336,36.833333333333336,27,0.3496118650986084,-9.280628687659648,1.9826191550004812,0.9985904423774763
Pos10,ch03,444,464,36.833333333333336,38.5,20,0.3377489870920326,-9.525002800186536,2.05225539394755,0.9972713639990982
Pos10,ch03,464,493,38.5,40.916666666666664,29,0.3387336317627143,-10.27714353985304,2.0462898146632824,0.9977697279511943
Pos10,ch03,493,523,40.916666666666664,43.416666666666664,30,0.3316370441403261,-10.717868108088512,2.0900776701732178,0.9974463128693872
Pos10,ch03,523,544,43.416666666666664,45.166666666666664,21,0.3372196096359326,-11.622038739452812,2.0554770860101446,0.9919269920282202
Pos10,ch03,544,569,45.166666666666664,47.25,25,0.31445873074982955,-11.220748328156557,2.2042548442116074,0.9964495140475453
Pos10,ch03,569,592,47.25,49.166666666666664,23,0.33458047078473496,-12.817239812713911,2.071690493274211,0.9989354239589747
Pos10,ch03,592,614,49.166666666666664,51.0,22,0.3436141847229305,-13.941132095696174,2.0172251652499646,0.9967549822664376
Pos10,ch03,614,633,51.0,52.583333333333336,19,0.3459508530627005,-14.758843840758718,2.003600148470565,0.9873921101829631
Pos10,ch03,633,659,52.583333333333336,54.75,26,0.3324363275582339,-14.729111577203692,2.0850524539575916,0.9958570966923206
Pos10,ch03,659,687,54.75,57.083333333333336,28,0.3335264048625727,-15.466829177307673,2.0782377960316274,0.9973676393198198
Pos10,ch03,687,712,57.083333333333336,59.166666666666664,25,0.36417692315844635,-17.973216691224586,1.9033253797313519,0.996564662706361
Pos10,ch03,712,738,59.166666666666664,61.333333333333336,26,0.3530897752730337,-18.02074933531688,1.9630904917140561,0.9982755372366827
Pos10,ch03,738,761,61.333333333333336,63.25,23,0.3523136357944133,-18.71767032153524,1.9674151384944396,0.9971951450192297
Pos10,ch03,761,783,63.25,65.08333333333333,22,0.3631841542916034,-20.148314164321008,1.9085281457610401,0.9967661173154881
Pos10,ch03,783,809,65.08333333333333,67.25,26,0.35301546688396446,-20.193855696298463,1.963503714662399,0.9984506820752838
Pos10,ch03,809,836,67.25,69.5,27,0.3113762866783856,-18.057174988733045,2.2260756846775656,0.993430445640547
Pos10,ch03,836,859,69.5,71.41666666666667,23,0.2735512074729707,-16.128904081106185,2.5338845584457323,0.9924068004776686
Pos10,ch03,859,898,71.41666666666667,74.66666666666667,39,0.20869261836902678,-12.16114494772814,3.321378523002034,0.9897036628669884
Pos11,ch04,19,43,1.4166666666666667,3.4166666666666665,24,0.386637479698764,2.1810729137745852,1.7927573423559153,0.9968745444666163
Pos11,ch04,43,69,3.4166666666666665,5.583333333333333,23,0.3838572139208789,1.4004848915877621,1.8057422276368045,0.9983103164547716
Pos11,ch04,69,96,5.583333333333333,7.833333333333333,27,0.37568680146385053,0.6327037516829618,1.8450133937607642,0.998506748471686
Pos11,ch04,96,125,7.833333333333333,10.25,29,0.3798734066010557,-0.24525281173861488,1.8246794024407473,0.9981342687948029
Pos11,ch04,125,146,10.25,12.0,21,0.37448613758574373,-0.9464655718406161,1.8509288088166942,0.9987506759323663
Pos11,ch04,146,170,12.0,14.0,24,0.3852409212808835,-1.8276206515392737,1.7992563673020703,0.9967999819050847
Pos11,ch04,170,196,14.0,16.166666666666668,26,0.38857469711292647,-2.67010427305391,1.7838196509190223,0.9978933842374063
Pos11,ch04,196,221,16.166666666666668,18.25,25,0.35877015283620756,-3.0006925399489024,1.9320090455696122,0.9985003035964367
Pos11,ch04,221,245,18.25,20.25,22,0.38103592099595296,-4.204160468240308,1.8191124310490068,0.9990686546188116
Pos11,ch04,245,273,20.25,22.583333333333332,28,0.3847946093650618,-5.110375519903699,1.8013432716837872,0.9979615177878244
Pos11,ch04,273,296,22.583333333333332,24.5,23,0.3698237748190324,-5.591594778359876,1.8742634404700624,0.9979179475201474
Pos11,ch04,296,323,24.5,26.75,27,0.3509915797496732,-5.93554932276944,1.974825666912856,0.9982480819021783
Pos11,ch04,323,350,26.75,29.0,27,0.3622187168952918,-7.060498683677311,1.9136150293423864,0.9982618018465674
Pos11,ch04,350,373,29.0,30.916666666666668,23,0.35729815494806727,-7.7436562851370665,1.9399685415691361,0.9975059286912994
Pos11,ch04,373,403,30.916666666666668,33.416666666666664,30,0.35938744853088955,-8.567566303710198,1.9286905633276976,0.9979212137088059
Pos11,ch04,403,430,33.416666666666664,35.666666666666664,27,0.3838788767161819,-10.142024495930023,1.805640327202527,0.9975917802522994
Pos11,ch04,430,456,35.666666666666664,37.833333333333336,26,0.37633017633394805,-10.718272281118953,1.8418591549375514,0.9982094086021178
Pos11,ch04,456,485,37.833333333333336,40.25,29,0.37195890330594505,-11.320356213338957,1.8635047431296872,0.9947956749818054
Pos11,ch04,485,508,40.25,42.166666666666664,23,0.3865880501255292,-12.722019663941957,1.792986566281273,0.99819930911241
Pos11,ch04,508,531,42.166666666666664,44.083333333333336,23,0.3704237323396384,-12.777507784812581,1.8712277860329005,0.9976850458771319
Pos11,ch04,531,554,44.083333333333336,46.0,23,0.4022755130599458,-14.95694872742011,1.723065804546385,0.9981959127622833
Pos11,ch04,554,579,46.0,48.083333333333336,25,0.3895267570193222,-15.158623905860603,1.7794597368970013,0.9988245334481443
Pos11,ch04,579,601,48.083333333333336,49.916666666666664,22,0.3725434214752563,-15.1069750746863,1.8605809164878326,0.9950806949541713
Pos11,ch04,601,625,49.916666666666664,51.916666666666664,24,0.36580326563082094,-15.54334475699014,1.8948632931546574,0.9971471929206661
Pos11,ch04,625,652,51.916666666666664,54.166666666666664,27,0.3654343549249793,-16.301518854163135,1.8967761821469764,0.9988657295439162
Pos11,ch04,652,670,54.166666666666664,55.666666666666664,18,0.40208741501432993,-19.04935810318528,1.7238718613842772,0.9918250525959428
Pos11,ch04,670,697,55.666666666666664,57.916666666666664,27,0.3785582585240888,-18.459311449934404,1.8310185155182348,0.9981673734936328
Pos11,ch04,697,723,57.916666666666664,60.083333333333336,26,0.39965541354100553,-20.512547619169784,1.7343620455896236,0.9978631413056753
Pos11,ch04,723,749,60.083333333333336,62.25,26,0.36724212237302817,-19.354850367681355,1.8874392079018574,0.9936285983544385
Pos11,ch04,749,772,62.25,64.16666666666667,23,0.399025136736417,-22.138540556754545,1.737101542597342,0.9977793999709003
Pos11,ch04,772,800,64.16666666666667,66.5,28,0.3930726661496074,-22.56428593873289,1.763407227853708,0.9980876073220358
Pos11,ch04,800,829,66.5,68.91666666666667,29,0.37758519089540166,-22.404981235987357,1.8357371985808637,0.9988691220714421
Pos11,ch04,829,853,68.91666666666667,70.91666666666667,24,0.3763144365439168,-23.091961630200583,1.8419361928440219,0.9985340201894447
Pos11,ch04,853,875,70.91666666666667,72.75,22,0.3954714385866155,-25.251999314543152,1.7527111010524552,0.9983119883756174
Pos11,ch04,875,897,72.75,74.58333333333333,22,0.3651552119835313,-23.845373203421598,1.8982261729053633,0.9967226929337595
Pos11,ch04,897,928,74.58333333333333,77.16666666666667,31,0.38593627306374056,-26.158186319470424,1.7960145986212244,0.996940853234956
Pos11,ch04,928,947,77.16666666666667,78.75,19,0.3685653140578262,-25.625616698117184,1.8806630849998913,0.9973234053326528
Pos11,ch04,947,976,78.75,81.16666666666667,29,0.3886720414493501,-27.92674898189668,1.7833728867536076,0.9983450450165507
Pos11,ch04,976,999,81.16666666666667,83.08333333333333,23,0.3904102066232643,-28.893100474911936,1.7754330414543036,0.9988443138859475
Pos11,ch04,999,1023,83.08333333333333,85.08333333333333,22,0.3777611134348378,-28.626093423057192,1.8348822997089937,0.9969863315605747
Pos11,ch04,1023,1050,85.08333333333333,87.33333333333333,27,0.35953213718619703,-27.95023606791237,1.9279143889186556,0.9972822517881771
Pos11,ch04,1050,1076,87.33333333333333,89.5,26,0.3750664287146592,-30.048576484161966,1.8480651092536828,0.996340949429595
Pos11,ch04,1076,1102,89.5,91.66666666666667,22,0.35910860207856776,-29.454387558432725,1.9301881841535355,0.9980448326794445
Pos11,ch04,1102,1127,91.66666666666667,93.75,24,0.36756576905826605,-31.02482135986852,1.8857772918730866,0.9972338610664039
Pos11,ch04,1127,1156,93.75,96.16666666666667,29,0.36252753583870523,-31.39329657151292,1.9119849171080303,0.995855583260821
Pos11,ch04,1156,1181,96.16666666666667,98.25,25,0.36385071019227333,-32.27671226146924,1.9050318197638214,0.9992452426785703
Pos11,ch05,26,49,2.0,3.9166666666666665,23,0.38321069634787314,1.9736732141887918,1.8087887085769554,0.9985680495384417
Pos11,ch05,49,76,3.9166666666666665,6.166666666666667,27,0.3743867459024273,1.2421120769269074,1.8514201908755428,0.9960752423486025
Pos11,ch05,76,98,6.166666666666667,8.0,22,0.3757895004993547,0.430941081691687,1.8445091723927383,0.9967617704310714
Pos11,ch05,98,128,8.0,10.5,30,0.34883412243139245,-0.055479912280759436,1.9870395009773483,0.9974689096742565
Pos11,ch05,128,151,10.5,12.416666666666666,23,0.33791848510788064,-0.6298253527680199,2.0512259941584956,0.9974176914019494
Pos11,ch05,151,176,12.416666666666666,14.5,25,0.3625596695315263,-1.6986616185606394,1.911815457730256,0.9948282811919064
Pos11,ch05,176,200,14.5,16.5,24,0.3464997068883951,-2.235283543740925,2.000426455723389,0.9963177235038008
Pos11,ch05,200,223,16.5,18.416666666666668,23,0.35987354964384616,-3.2205693728091624,1.926085374281961,0.9990928082205449
Pos11,ch05,223,249,18.416666666666668,20.583333333333332,26,0.3517224292978511,-3.8398066202248273,1.9707221457092905,0.996257782483591
Pos11,ch05,249,275,20.583333333333332,22.75,26,0.3688033113967636,-4.925728060746721,1.8794494494498943,0.9982815460123734
Pos11,ch05,275,306,22.75,25.333333333333332,31,0.34254083305053934,-5.01338068347195,2.0235461401405437,0.9944659802152115
Pos11,ch05,306,326,25.333333333333332,27.0,20,0.3652492864938391,-6.331736879178028,1.8977372610737107,0.9923486823099849
Pos11,ch05,326,349,27.0,28.916666666666668,23,0.36536926826779687,-7.062067649684896,1.8971140726918063,0.9946231336078117
Pos11,ch05,349,377,28.916666666666668,31.25,28,0.3619636404539851,-7.762790214027436,1.9149635573633317,0.9970873629719536
Pos11,ch05,377,401,31.25,33.25,24,0.3588419882077338,-8.383078484785829,1.9316222831723975,0.9973641736200614
Pos11,ch05,401,426,33.25,35.333333333333336,25,0.3582329621638658,-9.09491938708335,1.9349062028604735,0.9962356508435793
Pos11,ch05,426,452,35.333333333333336,37.5,26,0.33202957961752666,-8.903164966909415,2.087606716722044,0.9971830375402634
Pos11,ch05,452,473,37.5,39.25,21,0.3751988735313803,-11.217809704970039,1.8474127441695873,0.9917235238186282
Pos11,ch05,473,498,39.25,41.333333333333336,25,0.34907754252499246,-10.87077156258376,1.9856538909555286,0.9957371731976701
Pos11,ch05,498,520,41.333333333333336,43.166666666666664,22,0.3826628465693079,-13.049889147911658,1.8113783106309551,0.9962738148536988
Pos11,ch05,520,546,43.166666666666664,45.333333333333336,26,0.35978913473304636,-12.828129012916088,1.9265372787709152,0.9963431089079734
Pos11,ch05,546,571,45.333333333333336,47.416666666666664,25,0.3442128093798536,-12.855871080086988,2.013716984585044,0.994738416561092
Pos11,ch05,571,599,47.416666666666664,49.75,28,0.3476752917390561,-13.797191370967292,1.9936624690608713,0.9957403720762026
Pos11,ch05,599,628,49.75,52.166666666666664,29,0.34107809402505734,-14.276813551452326,2.0322242697563073,0.9972407104285788
Pos11,ch05,628,650,52.166666666666664,54.0,22,0.32134105512392136,-13.888549682115562,2.1570452001305633,0.9937558550830098
Pos11,ch05,650,676,54.0,56.166666666666664,26,0.36787093390809633,-17.182365321737052,1.8842129580509652,0.9933040393455621
Pos11,ch05,676,698,56.166666666666664,58.0,22,0.3818883170617317,-18.772712472067244,1.8150520704405289,0.9937313124801651
Pos11,ch05,698,725,58.0,60.25,27,0.3512482986121673,-17.793102833961896,1.9733823147291243,0.9965018956666292
Pos11,ch05,725,758,60.25,63.0,33,0.31175119725091843,-16.15953592425741,2.2233986161793426,0.9925831785303032
Pos11,ch05,758,781,63.0,64.91666666666667,23,0.35673218541923607,-19.74813810612441,1.9430463773414506,0.993643041673953
Pos11,ch05,781,806,64.91666666666667,67.0,25,0.37639064870667366,-21.78281787098902,1.8415632347447726,0.9955001676031144
Pos11,ch05,806,833,67.0,69.25,25,0.35106620003713335,-20.842714495783905,1.974405911154731,0.9924468407749413
Pos11,ch05,833,862,69.25,71.66666666666667,27,0.35282602944424274,-21.67699272646678,1.9645579484364082,0.9950330294514993
Pos11,ch05,862,884,71.66666666666667,73.5,17,0.32699396423043864,-20.528795826891113,2.1197552749673134,0.9859569853445692
Pos11,ch05,884,909,73.5,75.58333333333333,24,0.35858527087303016,-23.602938372425985,1.9330051646359414,0.9848620471031658
Pos11,ch05,909,936,75.58333333333333,77.83333333333333,27,0.3515602569052669,-23.842777680237823,1.9716312266398306,0.9880077290407769
Pos11,ch05,936,965,77.83333333333333,80.25,29,0.30020590224371907,-20.513793837074637,2.3089059055115473,0.9915815262581985
Pos11,ch05,965,987,80.25,82.08333333333333,22,0.34702622518040405,-24.977684663063084,1.9973913504652503,0.9976822704408773
Pos11,ch05,987,1016,82.08333333333333,84.5,29,0.32741009504134316,-24.1046293241399,2.1170611140515363,0.9902277747132151
Pos11,ch05,1016,1043,84.5,86.75,27,0.33327990765948434,-25.278116881068733,2.0797748818033797,0.9888072997498255
Pos11,ch05,1043,1067,86.75,88.75,24,0.34038049387175134,-26.656083293716176,2.0363892556695964,0.9977947212651495
Pos11,ch05,1067,1103,88.75,91.75,36,0.3251346892886984,-26.02839425358727,2.1318770447913535,0.9955854508854152
Pos11,ch05,1103,1131,91.75,94.08333333333333,28,0.2766004893043352,-22.30120648430365,2.505950666621187,0.9943342193940305
Pos11,ch05,1131,1153,94.08333333333333,95.91666666666667,22,0.3143584560011284,-26.524023922239884,2.2049579622488578,0.9920808086854177
Pos11,ch05,1153,1183,95.91666666666667,98.41666666666667,30,0.2815190663053068,-24.136045083635224,2.4621678014810855,0.9908205900101443
Pos12,ch01,17,42,1.25,3.3333333333333335,25,0.3527602333787627,2.423686220186422,1.9649243734786432,0.9937181159926232
Pos12,ch01,42,69,3.3333333333333335,5.583333333333333,27,0.3495651432557628,1.7057627399346706,1.9828841460110833,0.991525966124949
Pos12,ch01,69,90,5.583333333333333,7.333333333333333,21,0.3518792918557083,0.9200117402073738,1.9698436270702095,0.9875340468398457
Pos12,ch01,90,115,7.333333333333333,9.416666666666666,25,0.3576172111583475,0.20773576199070903,1.9382377551538765,0.996309404773204
Pos12,ch01,115,141,9.416666666666666,11.583333333333334,25,0.3287708279659895,-0.25238861779508176,2.1082989170549205,0.9929045954096465
Pos12,ch01,141,165,11.583333333333334,13.583333333333334,24,0.32549469447063595,-0.9260238755086685,2.129519136056077,0.9893708520951027
Pos12,ch01,165,190,13.583333333333334,15.666666666666666,25,0.3472300295515854,-1.8766884757632307,1.9962189948118227,0.994255539205896
Pos12,ch01,190,214,15.666666666666666,17.666666666666668,24,0.31599262619783863,-2.105908720517021,2.193554922151808,0.9928141410385196
Pos12,ch01,214,240,17.666666666666668,19.833333333333332,26,0.3213886647731661,-2.9167870409297016,2.156725661277332,0.9939792527589167
Pos12,ch01,240,270,19.833333333333332,22.333333333333332,30,0.3377622529939853,-3.935952142250649,2.0521747898581446,0.9923071229972377
Pos12,ch01,270,294,22.333333333333332,24.333333333333332,24,0.3114875974727423,-4.0469550246103365,2.225280191519026,0.9928790785089285
Pos12,ch01,294,316,24.333333333333332,26.166666666666668,22,0.31754079447603084,-4.8868464660948385,2.182860258014082,0.9883380728955431
Pos12,ch01,316,341,26.166666666666668,28.25,25,0.3688461772786216,-6.946933222059736,1.8792310270748742,0.9882369948781298
Pos12,ch01,341,364,28.25,30.166666666666668,23,0.35215415687203294,-7.133729210902369,1.9683061154715367,0.986473480853219
Pos12,ch01,364,393,30.166666666666668,32.583333333333336,29,0.33274879374075544,-7.216817270510721,2.0830944953025923,0.9951273470157357
Pos12,ch01,393,414,32.583333333333336,34.333333333333336,21,0.2927963628497197,-6.613805007129029,2.3673353514835465,0.9856969095835237
Pos12,ch01,414,438,34.333333333333336,36.333333333333336,24,0.35159230451956136,-9.218247863404232,1.9714515125895795,0.9883325121561634
Pos12,ch01,438,466,36.333333333333336,38.666666666666664,28,0.35412604467028835,-10.116627088073551,1.9573459534875641,0.9957060395465208
Pos12,ch01,466,490,38.666666666666664,40.666666666666664,24,0.35424804551797495,-10.815270215919135,1.9566718555819786,0.9849618166452938
Pos12,ch01,490,515,40.666666666666664,42.75,25,0.35973113094745157,-11.81932868553312,1.926847917594316,0.9918160835052127
Pos12,ch01,515,538,42.75,44.666666666666664,23,0.3278971350240198,-11.122098703042843,2.1139165504119743,0.9718567052428412
Pos12,ch01,538,566,44.666666666666664,47.0,16,0.35093713359141115,-12.879545470809292,1.9751320513347619,0.9880877227443731
Pos12,ch01,566,595,47.0,49.416666666666664,22,0.3268960376374421,-12.486187873442095,2.120390279336177,0.9709660222685941
Pos12,ch01,595,614,49.416666666666664,51.0,17,0.35332157624459465,-14.50158882568185,1.9618025820197826,0.97516758521093
Pos12,ch01,614,638,51.0,53.0,23,0.3511729220600596,-15.070144805144778,1.9738058859828584,0.9813149707723805
Pos12,ch01,638,661,53.0,54.916666666666664,23,0.33169559654460207,-14.847902210295322,2.0897087202263775,0.9806113001299254
Pos12,ch01,661,698,54.916666666666664,58.0,37,0.32202013921042655,-15.069054518074312,2.152496369511234,0.993147134219822
Pos12,ch01,698,723,58.0,60.083333333333336,25,0.3261832140926236,-16.111133895850493,2.1250240681089063,0.9899860866501539
Pos12,ch01,723,752,60.083333333333336,62.5,29,0.34083533166353974,-17.65088397272533,2.0336717357817675,0.9941958763195113
Pos12,ch01,752,773,62.5,64.25,21,0.3588649831572758,-19.432860714217078,1.9314985108373401,0.9913894853511627
Pos12,ch01,773,792,64.25,65.83333333333333,19,0.3573592942515282,-20.01882234715536,1.9396366393987559,0.9812916959255097
Pos12,ch01,792,815,65.83333333333333,67.75,23,0.3565649794195344,-20.668357644602736,1.9439575408901506,0.9865453888089679
Pos12,ch01,815,839,67.75,69.75,24,0.325330295920605,-19.279984884456344,2.1305952419786442,0.9903745746223804
Pos12,ch01,839,864,69.75,71.83333333333333,25,0.3413504019867847,-21.082108413299117,2.0306030885728394,0.9797916123092695
Pos12,ch01,864,901,71.83333333333333,74.91666666666667,37,0.3137387024879579,-19.874527391735036,2.209313594603618,0.9947864219445949
Pos12,ch01,901,922,74.91666666666667,76.66666666666667,21,0.35416290275268403,-23.66239062835943,1.9571422505647855,0.9944322041523755
Pos12,ch01,922,948,76.66666666666667,78.83333333333333,26,0.3414193942696002,-23.483238917042932,2.030192754699239,0.994376433660605
Pos12,ch01,948,976,78.83333333333333,81.16666666666667,27,0.33914715499446363,-24.09115613889536,2.0437947668210885,0.9930975062233566
Pos12,ch01,976,997,81.16666666666667,82.91666666666667,21,0.3381481129367316,-24.626497457187252,2.04983305847883,0.9920329569910566
Pos12,ch01,997,1028,82.91666666666667,85.5,31,0.3653774043777434,-27.641990125468084,1.8970718283480357,0.997333552214813
Pos12,ch01,1028,1049,85.5,87.25,21,0.34968449072818947,-27.056914064963753,1.9822073867689205,0.9983911868122949
Pos12,ch01,1049,1077,87.25,89.58333333333333,28,0.3319350574288915,-26.2030628987042,2.088201185885387,0.9943947811722851
Pos12,ch01,1077,1104,89.58333333333333,91.83333333333333,27,0.333120012772606,-27.04587359506711,2.080773156769481,0.9977976752910755
Pos12,ch01,1104,1129,91.83333333333333,93.91666666666667,25,0.3173318968863512,-26.301038362815568,2.1842972211778258,0.9972554042186087
Pos12,ch01,1129,1161,93.91666666666667,96.58333333333333,32,0.3511944458756939,-30.20357496279613,1.9736849164331216,0.9970752847714333
Pos12,ch01,1161,1183,96.58333333333333,98.41666666666667,22,0.3461021947073658,-30.43586553559218,2.00272402533018,0.99889679127093
Pos12,ch03,18,42,1.3333333333333333,3.3333333333333335,24,0.39579127630340377,2.2754698933305426,1.751294740585934,0.9920979592307934
Pos12,ch03,42,78,3.3333333333333335,6.333333333333333,36,0.35945363955232273,1.621155042411887,1.9283354076570687,0.9903213310395372
Pos12,ch03,78,95,6.333333333333333,7.75,17,0.38130776652037923,0.7174348743874411,1.8178155322805354,0.9869559232367381
Pos12,ch03,95,119,7.75,9.75,21,0.4093407928167449,-0.24829311585300062,1.6933254459939833,0.9962910201077007
Pos12,ch03,119,142,9.75,11.666666666666666,23,0.3457459563778145,-0.45412212502922633,2.004787526141036,0.9885227318581341
Pos12,ch03,142,165,11.666666666666666,13.583333333333334,23,0.36404407006070266,-1.3561590446133274,1.9040199733080838,0.9889872748225222
Pos12,ch03,165,192,13.583333333333334,15.833333333333334,27,0.36137484071213616,-2.0792861753988867,1.9180836695604169,0.9954673329927579
Pos12,ch03,192,215,15.833333333333334,17.75,23,0.36040139959385503,-2.856406381301628,1.9232643972555863,0.9904042581256235
Pos12,ch03,215,243,17.75,20.083333333333332,28,0.33954142505890356,-3.2509940147002663,2.0414215450727355,0.9942959556089543
Pos12,ch03,243,268,20.083333333333332,22.166666666666668,20,0.3446123941955239,-4.0958930192530145,2.0113820403298437,0.9904853188066239
Pos12,ch03,268,296,22.166666666666668,24.5,28,0.33836497408806204,-4.730023158303154,2.048519302058577,0.9950026857138187
Pos12,ch03,296,321,24.5,26.583333333333332,25,0.34264697163602753,-5.586165638540697,2.0229193249553425,0.9915962374171705
Pos12,ch03,321,346,26.583333333333332,28.666666666666668,25,0.3368474718382534,-6.150464925832185,2.05774790820689,0.9859214881872012
Pos12,ch03,346,372,28.666666666666668,30.833333333333332,26,0.36171596458311794,-7.61751449796651,1.9162747802928906,0.9941039657537103
Pos12,ch03,372,400,30.833333333333332,33.166666666666664,28,0.36026398401982174,-8.400734372448621,1.9239979884356364,0.9913081551992715
Pos12,ch03,400,426,33.166666666666664,35.333333333333336,26,0.3618327995333471,-9.302779110753715,1.9156560197248333,0.9880080061476446
Pos12,ch03,426,453,35.333333333333336,37.583333333333336,27,0.34808443648591597,-9.483643900022907,1.9913190821100992,0.9917950631235273
Pos12,ch03,453,478,37.583333333333336,39.666666666666664,25,0.37404413582791934,-11.193209025665816,1.8531160207222999,0.9928610373910962
Pos12,ch03,478,502,39.666666666666664,41.666666666666664,24,0.3578206289637404,-11.35098089020431,1.9371358844438928,0.9893636393418296
Pos12,ch03,502,530,41.666666666666664,44.0,28,0.39188426285515104,-13.565479876997403,1.7687548244726214,0.9841362790745721
Pos12,ch03,530,557,44.0,46.25,24,0.3714545132680484,-13.547449407069966,1.8660351558570445,0.9762672545782478
Pos12,ch04,15,39,1.0833333333333333,3.0833333333333335,24,0.3764835266170317,2.3904105717418873,1.841108923910585,0.992290785729058
Pos12,ch04,39,64,3.0833333333333335,5.166666666666667,25,0.3823388151921982,1.6028374198864845,1.8129134501070905,0.9881545413234759
Pos12,ch04,64,87,5.166666666666667,7.083333333333333,23,0.36362960341241796,0.8567259517444814,1.9061901837892945,0.9896700488397948
Pos12,ch04,87,115,7.083333333333333,9.416666666666666,28,0.36081770231709637,0.03994208559972483,1.921045381389821,0.9914279111891787
Pos12,ch04,115,145,9.416666666666666,11.916666666666666,30,0.3537025377809712,-0.7244935455049785,1.959689588060501,0.9932832878553207
Pos12,ch04,145,171,11.916666666666666,14.083333333333334,26,0.3829609113777085,-1.8404134074434608,1.8099684849462478,0.9955718570754574
Pos12,ch04,171,193,14.083333333333334,15.916666666666666,22,0.36324945642078255,-2.3160455227509966,1.9081850455875544,0.9929726493024821
Pos12,ch04,193,219,15.916666666666666,18.083333333333332,26,0.35566137021617034,-3.030292979223268,1.9488964464671878,0.9829725229459573
Pos12,ch04,219,246,18.083333333333332,20.333333333333332,27,0.3341112968019667,-3.3938071404972794,2.0745996534525593,0.9835965611015369
Pos12,ch04,246,280,20.333333333333332,23.166666666666668,34,0.3481263994151926,-4.478052407143607,1.991079049805884,0.9864925248851361
Pos12,ch04,280,302,23.166666666666668,25.0,22,0.3765054718819733,-5.954435677024113,1.8410016117301813,0.9880022341380771
Pos12,ch04,302,328,25.0,27.166666666666668,26,0.3643800032701286,-6.405601215030113,1.9022645983294786,0.989348917361681
Pos12,ch04,328,355,27.166666666666668,29.416666666666668,27,0.37149988627403135,-7.3852427427108145,1.8658072483194668,0.9921531963157028
Pos12,ch04,355,379,29.416666666666668,31.416666666666668,24,0.34993498224325575,-7.481174691441647,1.9807884770951738,0.9881486326591569
Pos12,ch04,379,403,31.416666666666668,33.416666666666664,24,0.37899002621186345,-9.156734190590944,1.8289325117291118,0.9926049144431155
Pos12,ch04,403,429,33.416666666666664,35.583333333333336,26,0.35627040462123927,-9.210015574184572,1.9455648618830657,0.9845655995944713
Pos12,ch04,429,455,35.583333333333336,37.75,26,0.33706020029422673,-9.260368220162277,2.056449203895574,0.9892559937978972
Pos12,ch04,455,484,37.75,40.166666666666664,29,0.36021849207376583,-10.88205020625443,1.9242409698889142,0.9878290671776266
Pos12,ch04,484,506,40.166666666666664,42.0,22,0.36143539224855686,-11.70669065596486,1.9177623315961052,0.9895567062270307
Pos12,ch04,506,535,42.0,44.416666666666664,29,0.36090720639132046,-12.451879218981711,1.9205689669947663,0.980844378073801
Pos12,ch04,535,559,44.416666666666664,46.416666666666664,16,0.37735684775495343,-13.984649223207875,1.836848025108739,0.9946343920064434
Pos12,ch10,8,34,0.5,2.6666666666666665,26,0.3784886270694385,2.5538563750531544,1.8313553723578033,0.991379700622328
Pos12,ch10,34,58,2.6666666666666665,4.666666666666667,24,0.3728845821863806,1.7508337245540406,1.8588786280616085,0.9904783435995894
Pos12,ch10,58,86,4.666666666666667,7.0,28,0.3817553627481804,0.8405274509181552,1.815684200400271,0.9908224392323098
Pos12,ch10,86,113,7.0,9.25,27,0.38889064633090065,-0.051317371498612915,1.7823704095216468,0.9915796378122701
Pos12,ch10,113,139,9.25,11.416666666666666,26,0.37421725982337706,-0.7591388332717258,1.8522587143284002,0.9977439828148372
Pos12,ch10,139,167,11.416666666666666,13.75,28,0.40393845067775797,-1.960964252791194,1.7159722710153773,0.9890682650064042
Pos12,ch10,167,192,13.75,15.833333333333334,25,0.35052963898727657,-2.0430488478224538,1.9774281643131038,0.9950373357018149
Pos12,ch10,192,218,15.833333333333334,18.0,26,0.3914841259022699,-3.4870647190096036,1.7705626734223767,0.9930502946538582
Pos12,ch10,218,243,18.0,20.083333333333332,25,0.316829253147377,-2.9896181892218423,2.1877625682421424,0.9862484618223777
Pos12,ch10,243,289,20.083333333333332,23.916666666666668,46,0.24694263022559934,-2.3503094599739103,2.806915840844114,0.9865947932680049
Pos13,ch01,19,42,1.4166666666666667,3.3333333333333335,23,0.3690883141749982,2.2967409267430194,1.8779981753399513,0.9967228098710087
Pos13,ch01,42,74,3.3333333333333335,6.0,31,0.36041572194235577,1.491801283720306,1.9231879697823115,0.9940552997866527
Pos13,ch01,74,98,6.0,8.0,22,0.39219201244667373,0.4343086290441812,1.7673668982592867,0.995236822243591
Pos13,ch01,98,125,8.0,10.25,27,0.37634305929292594,-0.19816080785596227,1.8417961044963378,0.9963526596664852
Pos13,ch01,125,147,10.25,12.083333333333334,22,0.3807960789322135,-1.0639115598307232,1.820258187803804,0.9976603077039528
Pos13,ch01,147,174,12.083333333333334,14.333333333333334,27,0.3700958169895828,-1.658374263341136,1.8728857467185462,0.9955919868193731
Pos13,ch01,174,199,14.333333333333334,16.416666666666668,25,0.3675164000337916,-2.4754531914655447,1.8860306111406546,0.9947675894010386
Pos13,ch01,199,237,16.416666666666668,19.583333333333332,38,0.3281573757451183,-2.6025699595498564,2.112240137787781,0.995003979365478
Pos13,ch01,237,259,19.583333333333332,21.416666666666668,22,0.3133231002876453,-3.059302458001227,2.212244101770995,0.9972906881136787
Pos13,ch01,259,279,21.416666666666668,23.083333333333332,20,0.3722213308689996,-5.085214270739705,1.862190914587571,0.9970378402329516
Pos13,ch01,279,304,23.083333333333332,25.166666666666668,25,0.36001662404331775,-5.56438509771794,1.9253199276612982,0.9970867228045293
Pos13,ch01,304,331,25.166666666666668,27.416666666666668,27,0.3814521469716577,-6.917706910802697,1.8171274852241082,0.9965901032400083
Pos13,ch01,331,352,27.416666666666668,29.166666666666668,21,0.37020748342053716,-7.388104190618835,1.8723208244079843,0.9956528664170516
Pos13,ch01,352,376,29.166666666666668,31.166666666666668,24,0.37811785420338184,-8.369409060651378,1.8331511534155582,0.9973741753120868
Pos13,ch01,376,405,31.166666666666668,33.583333333333336,29,0.39052162083757475,-9.556619176599344,1.7749265177003815,0.9962363293293871
Pos13,ch01,405,429,33.583333333333336,35.583333333333336,24,0.3708734099512448,-9.68354689297413,1.8689589546229985,0.9976624857553936
Pos13,ch01,429,453,35.583333333333336,37.583333333333336,24,0.40570659974171985,-11.719082072044054,1.7084937267503544,0.997327976206779
Pos13,ch01,453,479,37.583333333333336,39.75,26,0.3830551048421052,-11.772699304109404,1.8095234126840827,0.998051119082657
Pos13,ch01,479,504,39.75,41.833333333333336,25,0.38643491953576536,-12.78826818049846,1.7936970639005438,0.9979257768444735
Pos13,ch01,504,534,41.833333333333336,44.333333333333336,30,0.39352436566154525,-13.894383417399919,1.7613831341668276,0.9979584270251358
Pos13,ch01,534,561,44.333333333333336,46.583333333333336,27,0.3876808951322529,-14.477127744102713,1.7879322640427924,0.9962746432148456
Pos13,ch01,561,582,46.583333333333336,48.333333333333336,21,0.3862525659366499,-15.219398445547885,1.7945438857579779,0.9976005215926524
Pos13,ch01,582,605,48.333333333333336,50.25,23,0.3872122245915458,-16.013272967924824,1.7900963258355742,0.9972442899265004
Pos13,ch01,605,634,50.25,52.666666666666664,29,0.3745089024825689,-16.12917578105969,1.8508162982646508,0.9968093795774315
Pos13,ch01,634,656,52.666666666666664,54.5,22,0.35914018100993245,-16.121753079974024,1.930018464129402,0.996427379604866
Pos13,ch01,656,684,54.5,56.833333333333336,28,0.3814408740900225,-18.178320454807736,1.8171811875524335,0.9977609264338201
Pos13,ch01,684,708,56.833333333333336,58.833333333333336,24,0.39166825001201483,-19.55394460817438,1.7697303279974372,0.9918729551204409
Pos13,ch01,708,732,58.833333333333336,60.833333333333336,24,0.39263420271765126,-20.4494934229231,1.7653764643076628,0.9964845819165157
Pos13,ch01,732,762,60.833333333333336,63.333333333333336,30,0.38420953482004744,-20.764144840678252,1.8040863584621742,0.9983410560155663
Pos13,ch01,762,789,63.333333333333336,65.58333333333333,27,0.3780103368993642,-21.229908466518868,1.8336725557440996,0.9969455428123435
Pos13,ch01,789,819,65.58333333333333,68.08333333333333,28,0.369416650049339,-21.454348112547397,1.8763290189204225,0.9954524544899345
Pos13,ch01,819,841,68.08333333333333,69.91666666666667,22,0.3680956306259597,-22.10756854588805,1.8830627774125541,0.9979226484608633
Pos13,ch01,841,863,69.91666666666667,71.75,22,0.3601183198364426,-22.342012923799416,1.9247762259769419,0.9921010751425929
Pos13,ch01,863,890,71.75,74.0,27,0.363453666018319,-23.319610414678685,1.907112915253987,0.9947504658655097
Pos13,ch01,890,915,74.0,76.08333333333333,21,0.3713209720717446,-24.688563503509904,1.8667062533328154,0.9988823999417596
Pos13,ch01,915,938,76.08333333333333,78.0,18,0.3784484267313638,-26.014514236134143,1.8315499064076328,0.9859124159831371
Pos13,ch01,938,966,78.0,80.33333333333333,28,0.38626089995857377,-27.422596636505936,1.7945051664154588,0.9959700859422113
Pos13,ch01,966,990,80.33333333333333,82.33333333333333,24,0.3862846118270488,-28.230777688889304,1.7943950117026355,0.9972969068799363
Pos13,ch01,990,1011,82.33333333333333,84.08333333333333,21,0.4105839248211973,-31.043812472896935,1.6881985354438795,0.9978786424718356
Pos13,ch01,1011,1037,84.08333333333333,86.25,26,0.3877340124316987,-29.920177862927158,1.7876873277451941,0.9960002571924053
Pos13,ch01,1037,1064,86.25,88.5,27,0.3949299496130831,-31.42661626344606,1.7551142455491884,0.9926009329261137
Pos13,ch01,1064,1092,88.5,90.83333333333333,28,0.3593006592923951,-29.08511972983364,1.9291564394149063,0.9919677421994691
Pos13,ch01,1092,1119,90.83333333333333,93.08333333333333,27,0.36775945894619555,-30.63779138504811,1.8847840992211027,0.9973763360725174
Pos13,ch01,1119,1144,93.08333333333333,95.16666666666667,25,0.3845382763041769,-33.02629024913199,1.8025440463868232,0.9945834488968172
Pos13,ch01,1144,1167,95.16666666666667,97.08333333333333,23,0.37106336813265717,-32.519195651167074,1.868002179919149,0.9960112248466021
Pos13,ch01,1167,1191,97.08333333333333,99.08333333333333,24,0.3943725348481275,-35.63572444449459,1.7575949624049647,0.9972622301157718
Pos13,ch04,23,47,1.75,3.75,24,0.35673308752933686,2.1415944007349195,1.9430414637468765,0.9944037576886164
Pos13,ch04,47,72,3.75,5.833333333333333,25,0.3719070285764968,1.3822928434247386,1.863764670468908,0.9948295078296654
Pos13,ch04,72,97,5.833333333333333,7.916666666666667,25,0.363388350147708,0.6462146672251514,1.9074557020834566,0.9958489340391133
Pos13,ch04,97,123,7.916666666666667,10.083333333333334,26,0.3425986297937349,0.07638342621761081,2.023204765813751,0.9935519296698511
Pos13,ch04,123,147,10.083333333333334,12.083333333333334,24,0.3407761101580545,-0.6556893057400324,2.0340251558081888,0.9937548226035081
Pos13,ch04,147,174,12.083333333333334,14.333333333333334,27,0.33606187480532723,-1.28882436921804,2.0625582147974066,0.987159325976014
Pos13,ch04,174,196,14.333333333333334,16.166666666666668,22,0.366636270978986,-2.478896532527149,1.8905581237478644,0.9857627464850792
Pos13,ch04,196,220,16.166666666666668,18.166666666666668,24,0.3831230918915118,-3.541449649790893,1.8092023039849094,0.9916361024219842
Pos13,ch04,220,248,18.166666666666668,20.5,28,0.36585292893847915,-4.013994886861187,1.8946060718199227,0.987402019068973
Pos13,ch04,248,271,20.5,22.416666666666668,23,0.37121418204994366,-4.83511007851132,1.8672432629922753,0.9835845184841677
Pos13,ch04,271,298,22.416666666666668,24.666666666666668,27,0.3404901830646643,-4.930991112084106,2.035733231193647,0.993966498858529
Pos13,ch04,298,325,24.666666666666668,26.916666666666668,27,0.39896784662316076,-7.1175494527719545,1.7373509831097926,0.9968828489396686
Pos13,ch04,325,354,26.916666666666668,29.333333333333332,29,0.37776659315122046,-7.49373325213311,1.834855683711761,0.998431027277854
Pos13,ch04,354,376,29.333333333333332,31.166666666666668,22,0.40088402641121235,-8.973051456669065,1.7290466441507448,0.9954763436223236
Pos13,ch04,376,404,31.166666666666668,33.5,28,0.37779237801245413,-9.08908785585307,1.8347304522302865,0.9977308686292524
Pos13,ch04,404,430,33.5,35.666666666666664,26,0.4042996057158952,-10.823537267347966,1.7144394176011781,0.9911949526772919
Pos13,ch04,430,451,35.666666666666664,37.416666666666664,21,0.39682818993097974,-11.304640441229107,1.7467186005119855,0.9935187450580074
Pos13,ch04,451,476,37.416666666666664,39.5,25,0.3887752968552249,-11.784076488346038,1.7828992381119955,0.9955669903262663
Pos13,ch04,476,506,39.5,42.0,30,0.3634193106893386,-11.558961053132958,1.9072932014679531,0.9979369708448717
Pos13,ch04,506,526,42.0,43.666666666666664,20,0.3937755760617662,-13.69516884188263,1.7602594541090093,0.9913540456724383
Pos13,ch04,526,556,43.666666666666664,46.166666666666664,30,0.3434738634011257,-12.335959289427192,2.0180492736661417,0.9962926857843918
Pos13,ch04,556,581,46.166666666666664,48.25,25,0.35816203334730906,-13.73521044293091,1.9352893830815443,0.9907880360488643
Pos13,ch04,581,605,48.25,50.25,24,0.3447948786841743,-13.894499232474061,2.0103175058897995,0.9909319626657768
Pos13,ch04,605,629,50.25,52.25,24,0.3834162241883089,-16.695449181116242,1.8078191188370705,0.9897818864395682
Pos13,ch04,629,661,52.25,54.916666666666664,32,0.3426179717612751,-15.394826855429649,2.0230905489187454,0.992721594193483
Pos13,ch04,661,687,54.916666666666664,57.083333333333336,26,0.36668312336450354,-17.459193293763875,1.890316560522253,0.9857318887320141
Pos13,ch04,687,713,57.083333333333336,59.25,26,0.372832868363733,-18.617326883537604,1.8591364640193577,0.9971330059585188
Pos13,ch04,713,741,59.25,61.583333333333336,28,0.3462743255391569,-17.789258741767785,2.0017284835677596,0.9927376929385692
Pos13,ch04,741,765,61.583333333333336,63.583333333333336,24,0.33681362116999564,-18.00129023908027,2.057954717366083,0.991432323614617
Pos13,ch04,765,793,63.583333333333336,65.91666666666667,28,0.3612401379593546,-20.261082495380517,1.9187989033431707,0.9949569937269035
Pos13,ch04,793,820,65.91666666666667,68.16666666666667,27,0.3658116755802808,-21.351735822838865,1.8948197305633225,0.9926874959250327
Pos13,ch04,820,845,68.16666666666667,70.25,25,0.3656834371179933,-22.133245434816644,1.8954842090271944,0.9945955014029125
Pos13,ch04,845,870,70.25,72.33333333333333,25,0.36691506909172567,-22.94787369073176,1.8891215950213927,0.993963325163106
Pos13,ch04,870,893,72.33333333333333,74.25,23,0.38149604239757656,-24.824563747455827,1.8169184041956092,0.9955444024728706
Pos13,ch04,893,916,74.25,76.16666666666667,23,0.34909828714522,-23.2584178470191,1.9855358965757564,0.9959334517335832
Pos13,ch04,916,944,76.16666666666667,78.5,28,0.3821886529347384,-26.56976195983791,1.813625745394135,0.9921667320139813
Pos13,ch04,944,968,78.5,80.5,24,0.40150282681308913,-28.876313024081167,1.7263818191811258,0.9910187662007353
Pos13,ch04,968,990,80.5,82.33333333333333,22,0.38083051694455383,-28.022211286111457,1.820093584204184,0.9957755905201926
Pos13,ch04,990,1020,82.33333333333333,84.83333333333333,30,0.3767030371814654,-28.467025828291465,1.8400360818594685,0.9985724519920852
Pos13,ch04,1020,1049,84.83333333333333,87.25,26,0.3367825969172336,-25.862271454543308,2.0581442951765423,0.9874988775770281
Pos13,ch04,1049,1070,87.25,89.0,21,0.3360701280109779,-26.496412763808475,2.0625075625207105,0.9860787223705401
Pos13,ch04,1070,1097,89.0,91.25,26,0.36850719084650385,-30.161117240109512,1.8809597147011043,0.9926782264919389
Pos13,ch04,1097,1121,91.25,93.25,24,0.32342235970597744,-26.794813173947365,2.1431640693923693,0.983658810508313
Pos13,ch04,1121,1153,93.25,95.91666666666667,31,0.32175280019813457,-27.34091671586091,2.154284842690124,0.9878536258128053
Pos13,ch04,1153,1178,95.91666666666667,98.0,16,0.30986095358405014,-26.88043155656846,2.236962006805186,0.9913121102687616
Pos14,ch07,13,36,0.9166666666666666,2.8333333333333335,23,0.3756526450165599,2.396383479102868,1.8451811527358983,0.996431568780313
Pos14,ch07,36,62,2.8333333333333335,5.0,26,0.3650699077249712,1.7116000650828427,1.8986697229565526,0.9947745424226365
Pos14,ch07,62,89,5.0,7.25,27,0.3683048660433702,0.9303467885317063,1.8819930021731586,0.9981420480606634
Pos14,ch07,89,111,7.25,9.083333333333334,22,0.35927465878406983,0.22531713856287308,1.9292960513993238,0.9972031646791308
Pos14,ch07,111,136,9.083333333333334,11.166666666666666,25,0.3423449900810263,-0.35553118968027897,2.0247037364148106,0.9968686928265145
Pos14,ch07,136,167,11.166666666666666,13.75,31,0.3618915403386521,-1.3643837609237788,1.915345078006824,0.9976291441849741
Pos14,ch07,167,188,13.75,15.5,17,0.3788270887213499,-2.3853846097206692,1.8297191547191514,0.9979926453860309
Pos14,ch07,188,215,15.5,17.75,27,0.36515042194547076,-2.921039465010637,1.8982510738093998,0.9969373780743859
Pos14,ch07,215,241,17.75,19.916666666666668,26,0.37117716099935155,-3.75565999279468,1.8674295010332174,0.9965384641158078
Pos14,ch07,241,265,19.916666666666668,21.916666666666668,24,0.3462201286244748,-4.034634832588859,2.002041831922957,0.9964448429254185
Pos14,ch07,265,288,21.916666666666668,23.833333333333332,23,0.3658036740065545,-5.253794385112129,1.8948611777680653,0.997152326804703
Pos14,ch07,288,316,23.833333333333332,26.166666666666668,28,0.3660977901663322,-6.017674289633784,1.8933388815185748,0.9972792135047371
Pos14,ch07,316,340,26.166666666666668,28.166666666666668,24,0.3537006085992784,-6.45031945750644,1.9597002767536642,0.9978276612802623
Pos14,ch07,340,367,28.166666666666668,30.416666666666668,27,0.3798479590102362,-7.939870873694217,1.8248016452847815,0.9969814234382305
Pos14,ch07,367,387,30.416666666666668,32.083333333333336,20,0.3464241668041107,-7.662628039239219,2.000862661962879,0.9982318476882874
Pos14,ch07,387,410,32.083333333333336,34.0,23,0.3958041520523007,-9.992427468978585,1.7512377699068562,0.999127145020466
Pos14,ch07,410,440,34.0,36.5,30,0.35096968572448534,-9.214903571985827,1.9749488595549891,0.9957933731709357
Pos14,ch07,440,464,36.5,38.5,24,0.36455619793593536,-10.499936514304604,1.901345209557387,0.997638302263178
Pos14,ch07,464,484,38.5,40.166666666666664,18,0.35145281356304564,-10.765049355201683,1.972233977963601,0.9950257030645757
Pos14,ch07,484,510,40.166666666666664,42.333333333333336,26,0.3662655652165082,-12.125194108523567,1.8924716009003184,0.9963595391473266
Pos14,ch07,510,544,42.333333333333336,45.166666666666664,34,0.36389665885013794,-12.819976853428635,1.9047912743969468,0.9967688068632362
Pos14,ch07,544,562,45.166666666666664,46.666666666666664,18,0.37244014515431506,-13.933934786075321,1.8610968489252147,0.9984498821855521
Pos14,ch07,562,589,46.666666666666664,48.916666666666664,27,0.3776739076189549,-14.909463181632702,1.8353059784561014,0.9961694908617703
Pos14,ch07,589,611,48.916666666666664,50.75,22,0.3481328183381968,-14.250181074372918,1.991042338003828,0.9975805696764687
Pos14,ch07,611,641,50.75,53.25,30,0.34674263115349496,-14.974976063895541,1.999024977846191,0.9976884681598743
Pos14,ch07,641,663,53.25,55.083333333333336,22,0.3524908747414089,-16.02214630851922,1.9664258856869572,0.9949631989681144
Pos14,ch07,663,688,55.083333333333336,57.166666666666664,25,0.3820566488407261,-18.439306339608205,1.814252369807359,0.9964012407419248
Pos14,ch07,688,719,57.166666666666664,59.75,31,0.3640658597173772,-18.187312776021958,1.9039060160654244,0.9970592178743377
Pos14,ch07,719,746,59.75,62.0,27,0.35250826459349716,-18.292164307866823,1.9663288784427893,0.9955798928751536
Pos14,ch07,746,772,62.0,64.16666666666667,26,0.3404955660852602,-18.250289835977746,2.0357010475325277,0.9925929910652784
Pos14,ch07,772,799,64.16666666666667,66.41666666666667,27,0.36094790850546965,-20.33612840219154,1.920352394975691,0.9958556691083048
Pos14,ch07,799,821,66.41666666666667,68.25,22,0.35516082278415684,-20.67263712843589,1.9516431320500518,0.9976615199679463
Pos14,ch07,821,844,68.25,70.16666666666667,23,0.36730310232603136,-22.261351378213615,1.8871258537443092,0.9963565457940852
Pos14,ch07,844,872,70.16666666666667,72.5,28,0.35342282602871294,-22.10443798170707,1.9612405580833432,0.9938434242610243
Pos14,ch07,872,919,72.5,76.41666666666667,38,0.3411769527358802,-21.92394647147727,2.0316354167584714,0.9984933312936931
Pos14,ch07,919,948,76.41666666666667,78.83333333333333,29,0.32610390522527943,-21.511504976245032,2.1255408765531483,0.9961770709065298
Pos14,ch07,948,964,78.83333333333333,80.16666666666667,16,0.3301428923031664,-22.521231595914095,2.099536887571204,0.9862735347812014
Pos14,ch07,964,978,80.16666666666667,81.33333333333333,14,0.35363418508730554,-25.130269034160193,1.9600683694898458,0.9885526903705936
Pos14,ch07,978,1004,81.33333333333333,83.5,26,0.36553519971024573,-26.833462780050876,1.8962528946853618,0.9925381968754526
Pos14,ch07,1004,1032,83.5,85.83333333333333,28,0.34372655794125373,-25.836521431537797,2.016565681486884,0.9977311740715944
Pos14,ch07,1032,1051,85.83333333333333,87.41666666666667,19,0.36119221116200184,-28.033132864590723,1.9190535098472958,0.9944944599080673
Pos14,ch07,1051,1075,87.41666666666667,89.41666666666667,20,0.3620841909803627,-28.85095580322652,1.9143259988325132,0.9958259231580265
Pos14,ch07,1075,1106,89.41666666666667,92.0,31,0.33549427503191664,-27.286500383396763,2.0660477156994825,0.9968258345910612
Pos14,ch07,1106,1136,92.0,94.5,26,0.3385913480905577,-28.44950920500331,2.0471497114998938,0.9975093794041822
Pos14,ch07,1136,1166,94.5,97.0,30,0.34063472688574603,-29.411791325919786,2.0348693948413463,0.9979036099113303
Pos14,ch07,1166,1196,97.0,99.5,30,0.35056836062559044,-31.13765602244766,1.977209749684831,0.993185498145585
Pos15,ch06,20,44,1.5,3.5,24,0.35938548429617784,2.196815906927968,1.9287011046576015,0.9982021313896994
Pos15,ch06,44,71,3.5,5.75,27,0.35732243177993267,1.4549689293359729,1.9398367382287378,0.9955903140336518
Pos15,ch06,71,94,5.75,7.666666666666667,23,0.355741539627237,0.7192615605443828,1.9484572459158356,0.9981376865348951
Pos15,ch06,94,116,7.666666666666667,9.5,22,0.34552379907870945,0.08199513871646343,2.0060765203674094,0.9966715672558264
Pos15,ch06,116,147,9.5,12.083333333333334,31,0.3541520331924043,-0.7926437425911489,1.9572023187662209,0.9982553519268574
Pos15,ch06,147,173,12.083333333333334,14.25,26,0.3482958643135639,-1.451122171465769,1.990110281458635,0.9989984786602752
Pos15,ch06,173,196,14.25,16.166666666666668,23,0.3611430684061346,-2.3781120967999305,1.919314646184612,0.9972773011001969
Pos15,ch06,196,223,16.166666666666668,18.416666666666668,27,0.3828931119670806,-3.4788110244321198,1.810288978558431,0.9978249037411723
Pos15,ch06,223,247,18.416666666666668,20.416666666666668,24,0.3531172806952471,-3.6830515948072398,1.9629375803846774,0.9969779799827424
Pos15,ch06,247,271,20.416666666666668,22.416666666666668,24,0.3494448702903535,-4.3375049466011175,1.9835666209208045,0.9950197183905847
Pos15,ch06,271,296,22.416666666666668,24.5,25,0.3655084361950068,-5.492704747157875,1.896391743445659,0.9975130038291776
Pos15,ch06,296,319,24.5,26.416666666666668,23,0.3620609931035767,-6.212308580347487,1.9144486530247489,0.998545716621573
Pos15,ch06,319,345,26.416666666666668,28.583333333333332,26,0.35235130758326416,-6.67573776633528,1.9672047914740536,0.9985005541639522
Pos15,ch06,345,374,28.583333333333332,31.0,29,0.3513756762376466,-7.432630487440643,1.9726669414963935,0.996932312674197
Pos15,ch06,374,400,31.0,33.166666666666664,26,0.36674771597342776,-8.708511128671406,1.8899836328092263,0.9974258117407893
Pos15,ch06,400,429,33.166666666666664,35.583333333333336,29,0.36689622297167573,-9.523026797402187,1.8892186323037075,0.9967551003169262
Pos15,ch06,429,454,35.583333333333336,37.666666666666664,25,0.3459585386168224,-9.532977821546375,2.0035556379999133,0.9959401303310859
Pos15,ch06,454,480,37.666666666666664,39.833333333333336,26,0.3599675747199496,-10.829498887180147,1.9255822725121987,0.9978693087600958
Pos15,ch06,480,510,39.833333333333336,42.333333333333336,30,0.36091736129048796,-11.65165389892439,1.9205149291836334,0.998759235006878
Pos15,ch06,510,530,42.333333333333336,44.0,20,0.34787921398551175,-11.872422872068006,1.9924938101901455,0.9943785551096938
Pos15,ch06,530,554,44.0,46.0,24,0.3873405055975907,-14.358211972291427,1.7895034744444158,0.9975159798637461
Pos15,ch06,554,582,46.0,48.333333333333336,27,0.36663165447660906,-14.181201262354667,1.8905819290193553,0.9980195059046604
Pos15,ch06,582,603,48.333333333333336,50.083333333333336,21,0.34206536245218244,-13.755494211775613,2.0263588677641713,0.9958966779886629
Pos15,ch06,603,630,50.083333333333336,52.333333333333336,27,0.3627273610202244,-15.544507244973934,1.9109316115838801,0.9966013410728328
Pos15,ch06,630,655,52.333333333333336,54.416666666666664,25,0.3578362914724337,-16.024333702425885,1.9370510959292755,0.9961932000238986
Pos15,ch06,655,679,54.416666666666664,56.416666666666664,24,0.3637749177521801,-17.095298589731325,1.9054287328082042,0.9988086402867955
Pos15,ch06,679,702,56.416666666666664,58.333333333333336,23,0.380175842511022,-18.795798148401083,1.8232278410479217,0.9972289382948452
Pos15,ch06,702,733,58.333333333333336,60.916666666666664,31,0.361686749288012,-18.478464550221915,1.9164295676422214,0.9982342140654409
Pos15,ch06,733,754,60.916666666666664,62.666666666666664,21,0.3558622783302366,-18.880365851601166,1.947796163763982,0.9969484323708374
Pos15,ch06,754,778,62.666666666666664,64.66666666666667,24,0.38224365184072917,-21.285604545468622,1.8133647929063879,0.9952826571520755
Pos15,ch06,778,804,64.66666666666667,66.83333333333333,26,0.3706336429928893,-21.399586704919287,1.8701680046170106,0.9990272693969756
Pos15,ch06,804,831,66.83333333333333,69.08333333333333,27,0.3651598280367101,-21.798781669828323,1.8982021770759026,0.998019348780278
Pos15,ch06,831,858,69.08333333333333,71.33333333333333,27,0.37334598027176635,-23.21518027211268,1.8565813405983076,0.9960233432828638
Pos15,ch06,858,891,71.33333333333333,74.08333333333333,33,0.34824505297686664,-22.192083086072266,1.990400652169465,0.998148105622905
Pos15,ch06,891,914,74.08333333333333,76.0,23,0.35674880490465033,-23.582849061691697,1.942955858661406,0.9921909116635067
Pos15,ch06,914,940,76.0,78.16666666666667,26,0.3612491244294537,-24.73997761901016,1.9187511711057614,0.9976823009002578
Pos15,ch06,940,965,78.16666666666667,80.25,25,0.36255743729119977,-25.585114134457474,1.9118272286419038,0.9969688291597155
Pos15,ch06,965,989,80.25,82.25,24,0.36305283254928783,-26.336168932059294,1.9092184894765807,0.9943998934291045
Pos15,ch06,989,1015,82.25,84.41666666666667,26,0.37340569691220216,-27.99568096672555,1.8562844281481947,0.9979642500450607
Pos15,ch06,1015,1037,84.41666666666667,86.25,22,0.3555198247163041,-27.216444971702945,1.949672373722223,0.9932949823568088
Pos15,ch06,1037,1067,86.25,88.75,30,0.34901427023084575,-27.40086209579751,1.9860138672882413,0.9972091489753048
Pos15,ch06,1067,1087,88.75,90.41666666666667,20,0.35162924798958983,-28.34766681683076,1.9712443845981387,0.9967714255780601
Pos15,ch06,1087,1111,90.41666666666667,92.41666666666667,24,0.3417557232309396,-28.15902350805255,2.028194799510511,0.9968008097120855
Pos15,ch06,1111,1138,92.41666666666667,94.66666666666667,27,0.3440671454722911,-29.15302483080823,2.0145695097056766,0.9963267805965225
Pos15,ch06,1138,1168,94.66666666666667,97.16666666666667,30,0.3387839362741363,-29.424427249182173,2.0459859702411225,0.9987561079094258
Pos15,ch06,1168,1198,97.16666666666667,99.66666666666667,30,0.325818675985294,-28.887827599053335,2.1274016244275415,0.9963075262921891
Pos17,ch09,25,52,1.9166666666666667,4.166666666666667,25,0.35497939722927163,2.0845507757276627,1.952640592581378,0.9976944335865566
Pos17,ch09,52,74,4.166666666666667,6.0,22,0.35305814026630045,1.308685257925782,1.9632663901677117,0.9969208381079626
Pos17,ch09,74,99,6.0,8.083333333333334,25,0.36490108129635496,0.5517069422926816,1.899548168225363,0.998313357407919
Pos17,ch09,99,120,8.083333333333334,9.833333333333334,21,0.3562026871853195,-0.09690482222175334,1.9459347318155567,0.9977124400205398
Pos17,ch09,120,148,9.833333333333334,12.166666666666666,28,0.3409700053348833,-0.6800220101828548,2.032868491992929,0.997081570748091
Pos17,ch09,148,173,12.166666666666666,14.25,25,0.34887433210867175,-1.525567608622108,1.9868104837934455,0.9972070405854518
Pos17,ch09,173,201,14.25,16.583333333333332,28,0.3486578806523864,-2.2463746209833393,1.9880439222052646,0.99569007342036
Pos17,ch09,201,226,16.583333333333332,18.666666666666668,25,0.34117295682617066,-2.860183678140533,2.0316592118205525,0.9950959075851374
Pos17,ch09,226,250,18.666666666666668,20.666666666666668,24,0.3494483441134035,-3.7640805852474726,1.9835469025287589,0.9984231139562575
Pos17,ch09,250,277,20.666666666666668,22.916666666666668,27,0.34471794771940334,-4.353506577462679,2.010766149966057,0.9956950025025878
Pos17,ch09,277,302,22.916666666666668,25.0,25,0.32662770515106243,-4.670040738923701,2.1221322307590866,0.9914031174798499
Pos17,ch09,302,324,25.0,26.833333333333332,22,0.32217701775943575,-5.226250756599791,2.1514482484827853,0.9791828516652966
Pos17,ch09,324,349,26.833333333333332,28.916666666666668,25,0.3603676031336746,-6.901902705047649,1.9234447673222987,0.9884561846027657
Pos17,ch09,349,368,28.916666666666668,30.5,19,0.35510175012264905,-7.516518852840553,1.9519677960487052,0.9839005712595852
Pos17,ch09,368,398,30.5,33.0,30,0.34504730729234123,-8.012204037610394,2.0088468042229253,0.9842747715789674
Pos17,ch09,398,424,33.0,35.166666666666664,22,0.34218033997823444,-8.603311208275326,2.0256779819788457,0.9865991853070867
Pos17,ch09,424,447,35.166666666666664,37.083333333333336,23,0.36022869552578446,-9.903164871835251,1.924186465901163,0.9889871881510376
Pos17,ch09,447,470,37.083333333333336,39.0,23,0.3622542145184408,-10.702672984162058,1.9134275124483338,0.9839595369377674
Pos17,ch09,470,496,39.0,41.166666666666664,26,0.36192807689871914,-11.48640171045714,1.9151517243408378,0.9908726205490348
Pos17,ch09,496,524,41.166666666666664,43.5,28,0.3490565455087029,-11.697529842439037,1.985773335233627,0.9894551918971279
Pos17,ch09,524,549,43.5,45.583333333333336,25,0.3644840424452517,-13.114111895194053,1.9017216114860813,0.9918205891694188
Pos17,ch09,549,576,45.583333333333336,47.833333333333336,27,0.34217664205485493,-12.811599766678624,2.0256998736016167,0.9900234423412282
Pos17,ch09,576,599,47.833333333333336,49.75,22,0.3688417168902456,-14.824509379700196,1.8792537525417758,0.9881693006504835
Pos17,ch09,599,624,49.75,51.833333333333336,25,0.34716488986323346,-14.509603305127957,1.9965935519372724,0.992025995036567
Pos17,ch09,624,651,51.833333333333336,54.083333333333336,27,0.35784996616978676,-15.800995699830015,1.936977074439829,0.9890780527770987
Pos17,ch09,651,669,54.083333333333336,55.583333333333336,18,0.3431773871602684,-15.770693776436616,2.019792697577234,0.9800187840186951
Pos17,ch09,669,700,55.583333333333336,58.166666666666664,31,0.33107359087559796,-15.80015347343617,2.093634767807251,0.9918570417114767
Pos17,ch09,700,724,58.166666666666664,60.166666666666664,24,0.34217176875044925,-17.224067737744495,2.0257287241761532,0.9886122478521508
Pos17,ch09,724,748,60.166666666666664,62.166666666666664,24,0.34230544275173475,-17.87120691861791,2.0249376550599196,0.9839837716564858
Pos17,ch09,748,776,62.166666666666664,64.5,28,0.3704048775271619,-20.329173432732773,1.8713230376106929,0.9932404514851307
Pos17,ch09,776,798,64.5,66.33333333333333,22,0.3875206033582948,-22.222087635638815,1.7886718139708135,0.989539163372961
Pos17,ch09,798,823,66.33333333333333,68.41666666666667,25,0.36209906739020575,-21.2481321787142,1.9142473510239533,0.9933365136167727
Pos17,ch09,823,845,68.41666666666667,70.25,22,0.36270295997368723,-22.052560510594045,1.9110601705876085,0.9833491220285782
Pos17,ch09,845,872,70.25,72.5,27,0.33920220725816147,-21.13520767631411,2.0434630604641137,0.9885642592260864
Pos17,ch09,872,896,72.5,74.5,24,0.32325970047399466,-20.676374669716033,2.144242476076003,0.9894598873478235
Pos17,ch09,896,924,74.5,76.83333333333333,23,0.33586512410471825,-22.365574007169037,2.063766466993552,0.9891374576916272
Pos17,ch09,924,952,76.83333333333333,79.16666666666667,28,0.30818660571630163,-20.98652409597827,2.249115203916473,0.9826565359456719
Pos17,ch09,952,978,79.16666666666667,81.33333333333333,26,0.3481492350008081,-24.885956041709022,1.9909484522013567,0.9925067270420613
Pos17,ch09,978,1006,81.33333333333333,83.66666666666667,28,0.3263446598784004,-23.82895639993841,2.1239727986301955,0.989880509968951
Pos17,ch09,1006,1028,83.66666666666667,85.5,20,0.34073406536918716,-25.74532924016804,2.034276143798292,0.9883160475428036
Pos17,ch09,1028,1055,85.5,87.75,27,0.3527861174585104,-27.54161539639586,1.964780206073339,0.9926024539022971
Pos17,ch09,1055,1083,87.75,90.08333333333333,28,0.3424925693970494,-27.420718450948584,2.0238312959029026,0.9681749090284294
Pos17,ch09,1083,1111,90.08333333333333,92.41666666666667,28,0.33335045765067045,-27.300370306974873,2.0793347201170436,0.9852032013122907
Pos17,ch09,1111,1135,92.41666666666667,94.41666666666667,22,0.35016170372868116,-29.624539093923758,1.9795059630422136,0.9907621932457343
Pos17,ch09,1135,1157,94.41666666666667,96.25,20,0.3205302273350388,-27.539230458635764,2.1625017594219695,0.9917613521102112
Pos17,ch09,1157,1183,96.25,98.41666666666667,26,0.3585673395084931,-31.921779433471283,1.9331018310537655,0.9947460598276503
Pos21,ch04,27,54,2.0833333333333335,4.333333333333333,27,0.33224250292731417,1.956469670526323,2.086268838131127,0.996541506930092
Pos21,ch04,54,84,4.333333333333333,6.833333333333333,30,0.34422956515734643,1.158368020471922,2.013618964550908,0.9983238232373561
Pos21,ch04,84,106,6.833333333333333,8.666666666666666,22,0.3660877924588602,0.24542312861071297,1.8933905878269324,0.997905080497898
Pos21,ch04,106,134,8.666666666666666,11.0,28,0.3502467550294846,-0.3995728114747651,1.9790252746284387,0.9957638473657485
Pos21,ch04,134,159,11.0,13.083333333333334,25,0.3555296700125538,-1.2086826906050754,1.949618383566891,0.9951019429739582
Pos21,ch04,159,186,13.083333333333334,15.333333333333334,27,0.350516314260949,-1.8677235430064907,1.9775033353908822,0.995205009084265
Pos21,ch04,186,211,15.333333333333334,17.416666666666668,25,0.34286997717275375,-2.4883116983339866,2.0216036010954253,0.9981012984481231
Pos21,ch04,211,237,17.416666666666668,19.583333333333332,26,0.33938932591293836,-3.140273185576205,2.0423364190827686,0.9965674429935638
Pos21,ch04,237,266,19.583333333333332,22.0,29,0.34452707946998606,-3.9785752143734867,2.011880115856988,0.9978045027329927
Pos21,ch04,266,287,22.0,23.75,21,0.34179564166790116,-4.663219353230984,2.027957925904239,0.9978016286505875
Pos21,ch04,287,317,23.75,26.25,30,0.34275073268444783,-5.411098455454519,2.0223069258850823,0.9977182351194512
Pos21,ch04,317,338,26.25,28.0,21,0.33386085080544226,-5.8965474164934015,2.076155916118112,0.997476612726439
Pos21,ch04,338,361,28.0,29.916666666666668,23,0.3675146488518201,-7.511153606473435,1.8860395979465254,0.9982855830322752
Pos21,ch04,361,387,29.916666666666668,32.083333333333336,26,0.3661227547014834,-8.264300963897403,1.8932097818533562,0.996477086721051
Pos21,ch04,387,417,32.083333333333336,34.583333333333336,30,0.34898386639104784,-8.481309420141823,1.9861868908955556,0.9964145609490533
Pos21,ch04,417,439,34.583333333333336,36.416666666666664,22,0.34401007747453816,-9.04116373486807,2.0149037076137644,0.9979493243222659
Pos21,ch04,439,464,36.416666666666664,38.5,25,0.35102667070191496,-10.079163635704273,1.9746282502521082,0.997009416260872
Pos21,ch04,464,493,38.5,40.916666666666664,29,0.36923764412254856,-11.623299138834208,1.8772386607739604,0.9967737436156586
Pos21,ch04,493,521,40.916666666666664,43.25,28,0.3757266346665241,-12.71937919444478,1.8448177919969595,0.9975897977243215
Pos21,ch04,521,551,43.25,45.75,30,0.36119498000185957,-12.897864242080066,1.9190387988126987,0.9957472142448651
Pos21,ch04,551,571,45.75,47.416666666666664,20,0.3616555612108429,-13.694657423391442,1.9165948347075046,0.9944484007235922
Pos21,ch04,571,595,47.416666666666664,49.416666666666664,24,0.37355765885261283,-15.009198814985316,1.8555292981783744,0.99485777375034
Pos21,ch04,595,620,49.416666666666664,51.5,25,0.3201393666627079,-13.207984520538622,2.165141974839447,0.9971422076238191
Pos21,ch04,620,649,51.5,53.916666666666664,29,0.34222642687041377,-15.006097645729644,2.0254051883094637,0.9969109074683844
Pos21,ch04,649,676,53.916666666666664,56.166666666666664,27,0.37018658626058126,-17.30748333922532,1.8724265175616763,0.9983305157681549
Pos21,ch04,676,696,56.166666666666664,57.833333333333336,20,0.36638737419773193,-17.858116674210848,1.8918424306451882,0.9992419790886824
Pos21,ch04,696,722,57.833333333333336,60.0,26,0.36356737869731554,-18.374208634472748,1.9065164290688967,0.9968919259716205
Pos21,ch04,722,750,60.0,62.333333333333336,28,0.3321725818178993,-17.20280155445271,2.0867079900650447,0.9952476955130957
Pos21,ch04,750,776,62.333333333333336,64.5,26,0.3524073168817753,-19.126482264688054,1.9668921368976018,0.9962103870986276
Pos21,ch04,776,798,64.5,66.33333333333333,22,0.36486367583234225,-20.631340066879705,1.8997429080291672,0.9958110341821649
Pos21,ch04,798,822,66.33333333333333,68.33333333333333,24,0.3775694402156108,-22.16586479942393,1.8358137781599169,0.9954962331649387
Pos21,ch04,822,843,68.33333333333333,70.08333333333333,21,0.3599693555872166,-21.73950827966683,1.9255727461278391,0.9973837314114126
Pos21,ch04,843,868,70.08333333333333,72.16666666666667,25,0.3500468584859121,-21.73270296766049,1.9801554099301866,0.9968783289448618
Pos21,ch04,868,894,72.16666666666667,74.33333333333333,26,0.35184213937174164,-22.665136470214893,1.9700516311026492,0.9962386619895904
Pos21,ch04,894,933,74.33333333333333,77.58333333333333,39,0.33102802135341436,-21.868722110468877,2.0939229788644473,0.9983693998838132
Pos21,ch04,933,952,77.58333333333333,79.16666666666667,19,0.31201925005923836,-21.1439584766202,2.221488515302655,0.9828201276840401
Pos21,ch04,952,974,79.16666666666667,81.0,22,0.3338027835113233,-23.450073554693432,2.0765170777445965,0.995976720758533
Pos21,ch04,974,993,81.0,82.58333333333333,19,0.3577060364241637,-26.08288478837878,1.9377564535646228,0.9972143926063332
Pos21,ch04,993,1018,82.58333333333333,84.66666666666667,24,0.35205126381243507,-26.332346116249184,1.9688813869142603,0.9967313840999943
Pos21,ch04,1018,1048,84.66666666666667,87.16666666666667,30,0.3219841530505848,-24.475136751422717,2.152736940600457,0.9939842288452413
Pos21,ch04,1048,1075,87.16666666666667,89.41666666666667,27,0.3112880794729398,-24.25426140807823,2.226706469883311,0.994930234201191
Pos21,ch04,1075,1100,89.41666666666667,91.5,25,0.32492963799393215,-26.142647220663797,2.133222394975522,0.9978847557672937
Pos21,ch04,1100,1121,91.5,93.25,21,0.34228603447226513,-28.419459425472166,2.02505247293725,0.9961908564927072
Pos21,ch04,1121,1144,93.25,95.16666666666667,23,0.3699409630331307,-31.80006013271144,1.8736697198300512,0.996862545236694
Pos21,ch04,1144,1179,95.16666666666667,98.08333333333333,35,0.32363872177002645,-28.196349586710678,2.1417313007820087,0.9972091681997001
Pos21,ch04,1179,1201,98.08333333333333,99.91666666666667,22,0.3441644413454405,-30.92953076082976,2.0139999874775794,0.9973288674985937
Pos22,ch02,18,43,1.3333333333333333,3.4166666666666665,25,0.35242342963357026,2.4407436833271445,1.9668022108536884,0.9985269054194506
Pos22,ch02,43,66,3.4166666666666665,5.333333333333333,23,0.3353903134383955,1.8103790329528326,2.0666881325636814,0.9969847644063542
Pos22,ch02,66,92,5.333333333333333,7.5,26,0.3308114279148419,1.1041984653136263,2.0952939411100893,0.9945941199479879
Pos22,ch02,92,121,7.5,9.916666666666666,29,0.3316548577225211,0.3760728277684814,2.08996540958211,0.9986098992541664
Pos22,ch02,121,142,9.916666666666666,11.666666666666666,21,0.33024631265639226,-0.25093535907395464,2.0988793939423527,0.9973694025135751
Pos22,ch02,142,168,11.666666666666666,13.833333333333334,26,0.3408601362403932,-1.1260379134420309,2.033523744387346,0.9971799035857433
Pos22,ch02,168,192,13.833333333333334,15.833333333333334,24,0.34869625879723426,-1.9590502779019199,1.9878251144730754,0.9972833875971502
Pos22,ch02,192,220,15.833333333333334,18.166666666666668,28,0.3398936276206268,-2.5510970739090055,2.039306195330038,0.9982863406776267
Pos22,ch02,220,241,18.166666666666668,19.916666666666668,21,0.340475244707534,-3.278269447772839,2.0358225490236572,0.9951127456561202
Pos22,ch02,241,266,19.916666666666668,22.0,25,0.33011469779304,-3.7677636345711805,2.0997162052884497,0.9965046553470476
Pos22,ch02,266,298,22.0,24.666666666666668,32,0.3400259067505002,-4.693494525016239,2.038512850929779,0.9981659573558264
Pos22,ch02,298,319,24.666666666666668,26.416666666666668,21,0.3409684951468386,-5.433319283866695,2.032877495797494,0.9967129472280758
Pos22,ch02,319,341,26.416666666666668,28.25,22,0.34208412771440744,-6.099933307633104,2.0262477104422296,0.9979007892184457
Pos22,ch02,341,370,28.25,30.666666666666668,29,0.341420741162032,-6.89330165168051,2.030184745662509,0.9978959524977654
Pos22,ch02,370,397,30.666666666666668,32.916666666666664,27,0.31998980476993877,-7.0103703408591045,2.166153953118267,0.9978983681189303
Pos22,ch02,397,425,32.916666666666664,35.25,28,0.326316836238382,-7.9600994291775065,2.124153900700316,0.9982110936790162
Pos22,ch02,425,449,35.25,37.25,24,0.3497424415398905,-9.460033051772335,1.981878943567926,0.9979992421110917
Pos22,ch02,449,474,37.25,39.333333333333336,25,0.33989539590812634,-9.823330971592686,2.03929558594934,0.9963430642908957
Pos22,ch02,474,499,39.333333333333336,41.416666666666664,25,0.3620115260382132,-11.449010587793534,1.9147102528629933,0.9960381973382906
Pos22,ch02,499,522,41.416666666666664,43.333333333333336,23,0.36601222236518927,-12.371597940183776,1.893781513854356,0.9955963300490296
Pos22,ch02,522,551,43.333333333333336,45.75,29,0.3474658392858358,-12.327499055393897,1.9948642490571329,0.9978986668417233
Pos22,ch02,551,575,45.75,47.75,24,0.31851297858491656,-11.650073240344035,2.176197603122631,0.9890097879563353
Pos22,ch02,575,600,47.75,49.833333333333336,25,0.32391032997272673,-12.607220573022806,2.139935396991841,0.9914546827244626
Pos22,ch02,600,624,49.833333333333336,51.833333333333336,24,0.3252584615076639,-13.391306018692777,2.131065791023589,0.9960723086077471
Pos22,ch02,624,648,51.833333333333336,53.833333333333336,24,0.3343123428607214,-14.538309263108037,2.07335204745557,0.9949569083825032
Pos22,ch02,648,677,53.833333333333336,56.25,29,0.33096174814606516,-15.099283362225533,2.094342275029424,0.993973738451621
Pos22,ch02,677,702,56.25,58.333333333333336,25,0.36094731167513555,-17.516309073373993,1.920355570299414,0.995205695210349
Pos22,ch02,702,723,58.333333333333336,60.083333333333336,21,0.35001279013585,-17.56617445867622,1.9803481475374514,0.9978047330546352
Pos22,ch02,723,747,60.083333333333336,62.083333333333336,24,0.3418320698823064,-17.7944779021969,2.0277418113478864,0.9962428060017126
Pos22,ch02,747,775,62.083333333333336,64.41666666666667,28,0.3574684389723034,-19.49034390722609,1.9390444162083083,0.9984914926878568
Pos22,ch02,775,800,64.41666666666667,66.5,25,0.32996237022346586,-18.384155469991637,2.100685542083219,0.9969409835607257
Pos22,ch02,800,822,66.5,68.33333333333333,22,0.3491037428116388,-20.317585972452672,1.985504867342363,0.9974596631236192
Pos22,ch02,822,849,68.33333333333333,70.58333333333333,27,0.3528684140316961,-21.29602884543974,1.9643219766835915,0.9967694901338844
Pos22,ch02,849,873,70.58333333333333,72.58333333333333,24,0.3463402946312949,-21.662357627433817,2.0013472047711116,0.9980266858674303
Pos22,ch02,873,901,72.58333333333333,74.91666666666667,26,0.3366974136897351,-21.66771481442278,2.058664998236894,0.9975375278173876
Pos22,ch02,901,927,74.91666666666667,77.08333333333333,26,0.33924298402989655,-22.593585539612363,2.043217437619462,0.9975692067800687
Pos22,ch02,927,956,77.08333333333333,79.5,29,0.3220436514405891,-21.946509281058592,2.152339216933198,0.9986526498247438
Pos22,ch02,956,977,79.5,81.25,21,0.3593259570930242,-25.573670427894932,1.929020620073099,0.9971535704108315
Pos22,ch02,977,1002,81.25,83.33333333333333,25,0.33248364216529025,-24.11679358531636,2.0847557372923493,0.9972181476957056
Pos22,ch02,1002,1028,83.33333333333333,85.5,26,0.351109710890108,-26.39059223395432,1.9741612352524474,0.9949080308558175
Pos22,ch02,1028,1053,85.5,87.58333333333333,25,0.33096476931667873,-25.36144018080288,2.0943231570872056,0.9974851447075055
Pos22,ch02,1053,1077,87.58333333333333,89.58333333333333,24,0.3342283031687797,-26.34665061797204,2.0738733793287323,0.9961989580616761
Pos22,ch02,1077,1103,89.58333333333333,91.75,26,0.32815183043226553,-26.569131405100006,2.1122758317297246,0.9976168112378628
Pos22,ch02,1103,1134,91.75,94.33333333333333,31,0.32224616663155814,-26.781629676490123,2.1509865821071465,0.9962371801708361
Pos22,ch02,1134,1160,94.33333333333333,96.5,26,0.32546859393596544,-27.784965805869728,2.129689910100263,0.9965100096235406
Pos22,ch02,1160,1185,96.5,98.58333333333333,25,0.33106698541006535,-29.031223105248813,2.0936765401158954,0.9987622203457822
Pos37,ch10,17,41,1.25,3.25,24,0.34241183769641925,2.2377830919446264,2.024308462064581,0.9988830898576555
Pos37,ch10,41,67,3.25,5.416666666666667,26,0.34306515668538357,1.4859505269234012,2.0204534533817817,0.9987177573324928
Pos37,ch10,67,95,5.416666666666667,7.75,28,0.34410731494702673,0.7050105895229818,2.014334338305628,0.9965894462092375
Pos37,ch10,95,119,7.75,9.75,24,0.3571903209516627,-0.11015430734725322,1.9405542085048448,0.9966049147259791
Pos37,ch10,119,148,9.75,12.166666666666666,28,0.34740532137931757,-0.8182681358629171,1.9952117538324246,0.9975985915650792
Pos37,ch10,148,176,12.166666666666666,14.5,28,0.344129895025446,-1.5279017381252982,2.014202167785196,0.9990399321704957
Pos37,ch10,176,202,14.5,16.666666666666668,26,0.3531376965671677,-2.427728867462731,1.9628240975064153,0.9977156903901611
Pos37,ch10,202,225,16.666666666666668,18.583333333333332,23,0.34033189925287477,-2.9005358215847012,2.036680023475908,0.9988515829657028
Pos37,ch10,225,250,18.583333333333332,20.666666666666668,25,0.3472362513842179,-3.7668045079693906,1.9961832262524226,0.9971755892120978
Pos37,ch10,250,279,20.666666666666668,23.083333333333332,26,0.36352210145837593,-4.8644037715400765,1.9067538886334043,0.9956588733657418
Pos37,ch10,279,300,23.083333333333332,24.833333333333332,21,0.33659256566226925,-4.9998697387395605,2.059306268978728,0.9956880021718402
Pos37,ch10,300,325,24.833333333333332,26.916666666666668,25,0.3463884454256842,-6.015929947100107,2.001069001329192,0.9976903984484654
Pos37,ch10,325,350,26.916666666666668,29.0,25,0.343507969895535,-6.676159036971252,2.017848903973727,0.9931636026705464
Pos37,ch10,350,380,29.0,31.5,30,0.35239929281621835,-7.759054993901564,1.966936922661284,0.996188335981988
Pos37,ch10,380,407,31.5,33.75,27,0.3618656054834376,-8.87491466912163,1.9154823505094636,0.989783580991091
Pos37,ch10,407,432,33.75,35.833333333333336,25,0.33763226646047567,-8.823664742964713,2.0529648656701696,0.9956352449905951
Pos37,ch10,432,463,35.833333333333336,38.416666666666664,31,0.352586009428385,-10.161542410580186,1.9658953050453718,0.9975985072151354
Pos37,ch10,463,491,38.416666666666664,40.75,23,0.3163555340240111,-9.51421180020625,2.1910385816337135,0.9953891880642457
Pos37,ch10,491,512,40.75,42.5,21,0.32682176961172493,-10.621071427141018,2.1208721236147365,0.9970038588439256
Pos37,ch10,512,541,42.5,44.916666666666664,29,0.35575413366368713,-12.585123263203375,1.9483882686665093,0.9985578523015085
Pos37,ch10,541,565,44.916666666666664,46.916666666666664,24,0.3521537940924038,-13.107308432660378,1.9683081431690215,0.9810072169354033
Pos37,ch10,565,588,46.916666666666664,48.833333333333336,23,0.3655956978437546,-14.466841414296447,1.8959391060891997,0.9971185144778053
Pos37,ch10,588,611,48.833333333333336,50.75,23,0.3293237307687267,-13.427324719956461,2.104759286377452,0.9982454299649368
Pos37,ch10,611,637,50.75,52.916666666666664,26,0.3456899917432316,-14.95540902338913,2.0051120863076495,0.9944662825485574
Pos37,ch10,637,659,52.916666666666664,54.75,22,0.3802313338745869,-17.542091609662982,1.8229617572458365,0.9941811743502128
Pos37,ch10,659,685,54.75,56.916666666666664,25,0.3465263688678457,-16.403544722340534,2.0002725415227776,0.9889180106031755
Pos37,ch10,685,710,56.916666666666664,59.0,24,0.32418240144336374,-15.811981072872777,2.1381394470330046,0.9922499925595184
Pos37,ch10,710,739,59.0,61.416666666666664,29,0.29132403669586454,-14.56296044207018,2.3792996569094456,0.9904889777444099
Pos37,ch10,739,761,61.416666666666664,63.25,22,0.3281430455494694,-17.48357748716193,2.1123323805302148,0.9974976813922166
Pos37,ch10,761,787,63.25,65.41666666666667,26,0.36792080188783727,-20.686708057885294,1.8839575718560624,0.9968132777706081
Pos37,ch10,787,810,65.41666666666667,67.33333333333333,23,0.3734779491148577,-21.764677783553065,1.8559253155446078,0.9981859912387419
Pos37,ch10,810,835,67.33333333333333,69.41666666666667,25,0.36046377173225547,-21.660606962815486,1.9229316089906525,0.9977229326356226
Pos37,ch10,835,860,69.41666666666667,71.5,25,0.33851821221891665,-20.908606618441905,2.0475919922195893,0.9930270488512988
Pos37,ch10,860,890,71.5,74.0,30,0.3674402014515373,-23.726803133062848,1.8864217301801323,0.9961431397195128
Pos37,ch10,890,915,74.0,76.08333333333333,24,0.34967936333337973,-23.161402771676382,1.9822364521383202,0.9974346123249292
Pos37,ch10,915,940,76.08333333333333,78.16666666666667,25,0.34926956152038463,-23.893843965959896,1.9845622319409895,0.9940188849905621
Pos37,ch10,940,966,78.16666666666667,80.33333333333333,26,0.3531987596835222,-24.912120863489285,1.9624847527240132,0.9979385870630136
Pos51,ch00,9,36,0.5833333333333334,2.8333333333333335,27,0.3631722964647433,2.8139209101191813,1.9085904605260438,0.9941511036791393
Pos51,ch00,36,55,2.8333333333333335,4.416666666666667,19,0.3782269706958079,1.9805994947627812,1.8326222989460328,0.9964390944259417
Pos51,ch00,55,79,4.416666666666667,6.416666666666667,24,0.3705252697216808,1.2205907532280298,1.8707150016531968,0.9957729881129146
Pos51,ch00,79,107,6.416666666666667,8.75,28,0.34016132996308296,0.6462257288309482,2.037701289077072,0.9961180477396987
Pos51,ch00,107,135,8.75,11.083333333333334,27,0.37718228816268873,-0.46580491174994176,1.8376981165694941,0.9958639083239529
Pos51,ch00,135,157,11.083333333333334,12.916666666666666,22,0.3510935239970063,-1.000558194618771,1.974252252416526,0.9921773001013898
Pos51,ch00,157,195,12.916666666666666,16.083333333333332,38,0.3558293628280195,-1.7856099327528745,1.9479763419494955,0.9950511458910721
Pos51,ch00,195,218,16.083333333333332,18.0,23,0.36287041662517333,-2.737961608173378,1.9101782586920857,0.9929754579852617
Pos51,ch00,218,240,18.0,19.833333333333332,22,0.3800504213157814,-3.8619330071700873,1.8238295280930998,0.9950741882059564
Pos51,ch00,240,271,19.833333333333332,22.416666666666668,31,0.3672590919884527,-4.447577417306123,1.887351996670893,0.9940157597100852
Pos51,ch00,271,292,22.416666666666668,24.166666666666668,21,0.38343851583066885,-5.644307444642066,1.8077140191781036,0.9911172941570392
Pos51,ch00,292,314,24.166666666666668,26.0,22,0.3898835768573115,-6.56247268330878,1.7778311827010382,0.9949478879421171
Pos51,ch00,314,342,26.0,28.333333333333332,28,0.3789139790163463,-7.072607853118765,1.8292995744293798,0.9939279372972188
Pos51,ch00,342,365,28.333333333333332,30.25,23,0.37561575344231657,-7.757468000403974,1.8453623795264809,0.9975709449793557
Pos51,ch00,365,389,30.25,32.25,24,0.3959557863389431,-9.159427141061103,1.750567120053658,0.996574339003035
Pos51,ch00,389,415,32.25,34.416666666666664,26,0.3788445559053345,-9.429026936311804,1.8296347928334717,0.9974784742891332
Pos51,ch00,415,443,34.416666666666664,36.75,28,0.3621618845476921,-9.671511522076043,1.9139153238768467,0.9972405196059114
Pos51,ch00,443,465,36.75,38.583333333333336,22,0.37316205308356004,-10.858894447042024,1.8574964277108124,0.9969669150551925
Pos51,ch00,465,489,38.583333333333336,40.583333333333336,24,0.3699787150791877,-11.496066524680733,1.873478533519391,0.9942708869414079
Pos51,ch00,489,517,40.583333333333336,42.916666666666664,28,0.3843495819241769,-12.852723790220598,1.8034289957851102,0.9972619309406682
Pos51,ch00,517,544,42.916666666666664,45.166666666666664,27,0.3841350755126022,-13.57297394198899,1.8044360558196553,0.9985872680042286
Pos51,ch00,544,561,45.166666666666664,46.583333333333336,17,0.3696063863529542,-13.624186892277068,1.875365811179537,0.9844545628705031
Pos51,ch00,561,586,46.583333333333336,48.666666666666664,25,0.3679639426026372,-14.354983832017258,1.8837366934848618,0.9925605840857409
Pos51,ch00,586,610,48.666666666666664,50.666666666666664,24,0.3454020286401038,-13.99856817102215,2.0067837565661177,0.9975513681488238
Pos51,ch00,610,636,50.666666666666664,52.833333333333336,26,0.35305134126411536,-15.159013788864543,1.9633041984151718,0.9963600441745089
Pos51,ch00,636,664,52.833333333333336,55.166666666666664,28,0.3775730939023429,-17.22094630810874,1.8357960134183284,0.9985828198986649
Pos51,ch00,664,689,55.166666666666664,57.25,25,0.3806107123751367,-18.2228158773829,1.821144697253731,0.995715801560737
Pos51,ch00,689,712,57.25,59.166666666666664,23,0.40746179477308025,-20.612330224293977,1.7011341663234125,0.9968794679922935
Pos51,ch00,712,739,59.166666666666664,61.416666666666664,27,0.38738845881349293,-20.18161689560792,1.7892819592068927,0.9946218436016482
Pos51,ch00,739,762,61.416666666666664,63.333333333333336,23,0.4115654354096309,-22.518490598604,1.684172481272768,0.9924411556620842
Pos51,ch00,762,787,63.333333333333336,65.41666666666667,25,0.4168551408336131,-23.67093594841267,1.6628010852254635,0.9943249125391356
Pos51,ch00,787,809,65.41666666666667,67.25,22,0.4034040822089979,-23.585713470255236,1.7182453304992475,0.9936248465143617
Pos51,ch00,809,834,67.25,69.33333333333333,23,0.39951380018616994,-24.146200164093134,1.734976814910886,0.9959666593319417
Pos51,ch00,834,861,69.33333333333333,71.58333333333333,26,0.38958967762727054,-24.309206362544685,1.7791723455853345,0.997013935189756
Pos51,ch00,861,888,71.58333333333333,73.83333333333333,22,0.3854248744654312,-24.852404356317354,1.798397629424703,0.9966855489116471
Pos51,ch00,888,914,73.83333333333333,76.0,26,0.3879581395798488,-25.8967504552021,1.7866545635841287,0.9965774344496579
Pos51,ch00,914,941,76.0,78.25,27,0.3598716494803797,-24.60529774538203,1.9260955442330165,0.998219986128345
Pos51,ch00,941,968,78.25,80.5,27,0.34545004561806675,-24.289769997518967,2.0065048169838606,0.994291922402758
Pos51,ch00,968,995,80.5,82.75,27,0.3733272789039481,-27.22688753029248,1.8566743437419218,0.9966606261697598
Pos51,ch00,995,1020,82.75,84.83333333333333,22,0.38279362886271173,-28.842998892412854,1.8107594492084436,0.994983792161053
Pos51,ch00,1020,1045,84.83333333333333,86.91666666666667,25,0.3765300469035289,-29.123187954628158,1.8408814549069363,0.9973734563158617
Pos51,ch00,1045,1073,86.91666666666667,89.25,27,0.40291770986601755,-32.321985942075294,1.7203194686836623,0.9970093390844651
Pos51,ch00,1073,1101,89.25,91.58333333333333,28,0.39396934692691843,-32.385552328264154,1.7593936837134807,0.998813966234963
Pos51,ch00,1101,1128,91.58333333333333,93.83333333333333,22,0.37230585990820214,-31.19759082256738,1.8617681191772044,0.997856626385801
Pos51,ch00,1128,1187,93.83333333333333,98.75,45,0.1581936930609786,-12.040317793699247,4.3816360004488875,0.6091752236004497
Pos52,ch06,10,34,0.6666666666666666,2.6666666666666665,24,0.39621474862616796,2.3635141915663516,1.749422965609833,0.9963379259906772
Pos52,ch06,34,60,2.6666666666666665,4.833333333333333,26,0.4045377883524271,1.507494516708836,1.7134299947180365,0.9967868920629374
Pos52,ch06,60,87,4.833333333333333,7.083333333333333,22,0.3842861905898657,0.6742092945043654,1.8037264870121639,0.9960567080620334
Pos52,ch06,87,112,7.083333333333333,9.166666666666666,23,0.8241239947216318,-3.5166193283212785,0.8410714710400743,0.8491126470493329
Pos52,ch06,115,143,9.416666666666666,11.75,25,0.387622279536787,-1.0527952389799953,1.7882026321816795,0.9945568936185947
Pos52,ch06,143,168,11.75,13.833333333333334,25,0.409562743135061,-2.1048471245509925,1.69240779875177,0.9984161401620401
Pos52,ch06,168,196,13.833333333333334,16.166666666666668,28,0.37670060919428455,-2.521191179726112,1.8400479416332782,0.9968553882045306
Pos52,ch06,196,218,16.166666666666668,18.0,22,0.3640982886104643,-3.163631763413534,1.9037364421713023,0.995877082529112
Pos52,ch06,218,245,18.0,20.25,27,0.3650939810027267,-3.9719215672383457,1.8985445299761556,0.9942310711328215
Pos52,ch06,245,276,20.25,22.833333333333332,31,0.3707878668999802,-4.879720112853555,1.8693901349984607,0.9977050738377667
Pos52,ch06,276,296,22.833333333333332,24.5,20,0.3861490574494693,-6.0719274769736,1.7950249189735472,0.9956390367840848
Pos52,ch06,296,334,24.5,27.666666666666668,37,0.3571469868865398,-6.229683904600248,1.9407896636690587,0.9972968677520372
Pos52,ch06,334,350,27.666666666666668,29.0,16,0.400725117676986,-8.27114172198236,1.7297323027269607,0.991960816721756
Pos52,ch06,350,374,29.0,31.0,24,0.4039264656841315,-9.19047607083769,1.716023186017187,0.9968104043224575
Pos52,ch06,374,404,31.0,33.5,30,0.38161223231701413,-9.37262266886843,1.8163652049395833,0.9955413225326166
Pos52,ch06,404,425,33.5,35.25,21,0.37218095527614936,-9.906034215317463,1.8623929320769428,0.994442566309922
Pos52,ch06,425,454,35.25,37.666666666666664,29,0.3865281774494894,-11.16123481944768,1.7932642974017698,0.9971468330393093
Pos52,ch06,454,482,37.666666666666664,40.0,28,0.4098965629315851,-12.881377626965342,1.6910295016931793,0.9963168215552635
Pos52,ch06,482,509,40.0,42.25,27,0.3821772627835354,-12.58910650231669,1.8136797974623171,0.995765645601204
Pos52,ch06,509,532,42.25,44.166666666666664,23,0.40763678020682054,-14.495824870775477,1.7004039238271553,0.9970897497705147
Pos52,ch06,532,561,44.166666666666664,46.583333333333336,29,0.38493970313184,-14.32806906667527,1.800664298643535,0.9975190463103288
Pos52,ch06,561,588,46.583333333333336,48.833333333333336,27,0.3730909952311824,-14.630814202943984,1.8578502012101445,0.9984212626371061
Pos52,ch06,588,610,48.833333333333336,50.666666666666664,22,0.374716159160704,-15.5214382536566,1.8497926059886738,0.9967090019965767
Pos52,ch06,610,637,50.666666666666664,52.916666666666664,27,0.37823795155482004,-16.549830615233407,1.8325690949589541,0.9975988876257902
Pos52,ch06,637,665,52.916666666666664,55.25,28,0.35927240398935184,-16.413510946279587,1.929308159667306,0.9969442051419768
Pos52,ch06,665,695,55.25,57.75,30,0.37585474328688273,-18.225204555216738,1.8441889930623525,0.9967052817845027
Pos52,ch06,695,716,57.75,59.5,21,0.39313931403713387,-20.050919228119408,1.7631082820032449,0.9941251449629868
Pos52,ch06,716,741,59.5,61.583333333333336,25,0.39866423336127244,-21.152407148822224,1.7386741085744961,0.9979760713885247
Pos52,ch06,741,768,61.583333333333336,63.833333333333336,27,0.4289244353747439,-23.943247569087244,1.6160123401558004,0.9946821998312656
Pos52,ch06,768,800,63.833333333333336,66.5,32,0.4082310144741333,-23.504426182752276,1.6979287608826819,0.9951728647353928
Pos52,ch06,800,819,66.5,68.08333333333333,19,0.412364997258411,-24.653963595343193,1.6809069275236772,0.9978775999780144
Pos52,ch06,819,867,68.08333333333333,72.08333333333333,40,0.10158597515833971,-4.293183154212435,6.823256650138494,0.292661423269163
Pos52,ch06,867,897,72.08333333333333,74.58333333333333,19,0.3965873755776982,-26.147650820704193,1.747779236669489,0.9941603119442315
Pos52,ch06,897,926,74.58333333333333,77.0,29,0.3923890874636477,-26.68336661784388,1.76647924905445,0.9965215465991172
Pos52,ch06,926,953,77.0,79.25,26,0.37216011850404457,-25.995356820327544,1.8624972050905348,0.9913205759763504
Pos52,ch06,953,978,79.25,81.33333333333333,25,0.4098290103164494,-29.792185807543934,1.6913082361464158,0.995864294716898
Pos52,ch06,978,1001,81.33333333333333,83.25,23,0.4093308006935081,-30.641992235679513,1.6933667815507207,0.9916068331818719
Pos52,ch06,1001,1029,83.25,85.58333333333333,28,0.37460771807074755,-28.657797368372268,1.850328082212762,0.9976800082142371
Pos52,ch06,1029,1053,85.58333333333333,87.58333333333333,24,0.4037693152754434,-32.016155379544585,1.7166910766537424,0.9969957714813876
Pos52,ch06,1053,1085,87.58333333333333,90.25,32,0.37974669491765384,-30.770775885112943,1.8252882509227653,0.9956514417732617
Pos52,ch06,1085,1116,90.25,92.83333333333333,29,0.3850305163813144,-32.114053897699556,1.8002395941870954,0.9956271067591259
Pos52,ch06,1116,1141,92.83333333333333,94.91666666666667,25,0.39142696477441924,-33.63191292603217,1.7708212334308866,0.995410692769882
Pos52,ch06,1141,1165,94.91666666666667,96.91666666666667,22,0.39235722004108586,-34.53646750964704,1.7666227232606095,0.9939845312334415
Pos52,ch06,1165,1195,96.91666666666667,99.41666666666667,27,0.4044258228974708,-36.57698501137759,1.7139043585148876,0.9956123333350906
Pos56,ch10,13,40,0.9166666666666666,3.1666666666666665,27,0.3753123321077265,2.500270884271742,1.8468542631340719,0.9973572508153423
Pos56,ch10,40,61,3.1666666666666665,4.916666666666667,21,0.3839002575263898,1.7049641939406874,1.8055397644850433,0.9973640252976579
Pos56,ch10,61,86,4.916666666666667,7.0,25,0.38315937795308813,0.901396111977,1.8090309684259125,0.9962140538757658
Pos56,ch10,86,118,7.0,9.666666666666666,32,0.36121310304472637,0.2846051656308339,1.9189425154217563,0.998561168577151
Pos56,ch10,118,134,9.666666666666666,11.0,16,0.3732244360180033,-0.5914741596207812,1.8571859547977447,0.9965075976838277
Pos56,ch10,134,159,11.0,13.083333333333334,25,0.37550734627069093,-1.3835593500640484,1.8458951268034,0.9986238010194763
Pos56,ch10,159,184,13.083333333333334,15.166666666666666,25,0.3696134968597637,-2.1388036956316174,1.8753297334889656,0.9978967465098485
Pos56,ch10,184,212,15.166666666666666,17.5,23,0.451654159424979,-4.232967228173496,1.5346857016492925,0.9260263337359744
Pos56,ch10,212,236,17.5,19.5,20,0.3831610070687684,-3.977232496760135,1.809023276827179,0.9985005965239017
Pos56,ch10,236,263,19.5,21.75,27,0.3817100482006143,-4.780441758362822,1.8158997485852135,0.996431219613652
Pos56,ch10,263,285,21.75,23.583333333333332,22,0.369478399689624,-5.2831930387761,1.8760154345753783,0.9966676745272935
Pos56,ch10,285,306,23.583333333333332,25.333333333333332,21,0.38777980563733827,-6.529026325632082,1.7874762184191575,0.9981079049138212
Pos56,ch10,306,336,25.333333333333332,27.833333333333332,29,0.3771887680523297,-7.009109833324342,1.8376665459555273,0.9960763921040388
Pos56,ch10,336,356,27.833333333333332,29.5,20,0.376385376484575,-7.799735187331175,1.8415890304610487,0.997432522344956
Pos56,ch10,356,384,29.5,31.833333333333332,28,0.3632507269973155,-8.188860322746015,1.9081783711476725,0.9977697542310294
Pos56,ch10,384,408,31.833333333333332,33.833333333333336,24,0.3713104025487402,-9.213126340607904,1.8667593899930102,0.9951134052788587
Pos56,ch10,408,434,33.833333333333336,36.0,24,0.3812532588490393,-10.35359686702582,1.8180754248566389,0.9975216895959131
Pos56,ch10,434,467,36.0,38.75,33,0.3627460719285499,-10.530547645125411,1.9108330432768257,0.998277641790074
Pos56,ch10,467,490,38.75,40.666666666666664,23,0.3586682692469188,-11.165903045205834,1.932557853571263,0.9962404974091313
Pos56,ch10,490,516,40.666666666666664,42.833333333333336,26,0.38797028850883547,-13.09816603041071,1.7865986161570717,0.9991357665903574
Pos56,ch10,516,540,42.833333333333336,44.833333333333336,23,0.36265975131644296,-12.788558649384143,1.9112878615392082,0.9974149618637148
Pos56,ch10,540,565,44.833333333333336,46.916666666666664,25,0.3890183147607346,-14.763972337366312,1.7817854693711912,0.9937597412907859
Pos56,ch10,565,585,46.916666666666664,48.583333333333336,17,0.39073202181855654,-15.667981866315166,1.7739707570776493,0.9962001452706333
Pos56,ch10,585,608,48.583333333333336,50.5,23,0.3664235747938622,-15.238307932680568,1.8916555272129723,0.9959988531662047
Pos56,ch10,608,645,50.5,53.583333333333336,37,0.3231779477540931,-13.80244995262082,2.1447848944426204,0.9980480998396325
Pos58,ch09,4,24,0.16666666666666666,1.8333333333333333,20,0.4050974288479072,2.7405827132950895,1.7110628979582727,0.9984190243213148
Pos58,ch09,24,56,1.8333333333333333,4.5,29,0.38558428173801096,1.9015799091727126,1.7976541404530357,0.9957641226547144
Pos58,ch09,56,82,4.5,6.666666666666667,26,0.3856183344688395,1.0515397109374163,1.7974953953232122,0.9961019017590309
Pos58,ch09,82,102,6.666666666666667,8.333333333333334,20,0.42454941953641284,-0.044365162763879445,1.6326654770057818,0.9979901690947677
Pos58,ch09,102,137,8.333333333333334,11.25,30,0.37230708176070515,-0.45787930604535737,1.861762009150971,0.9922897329788056
Pos58,ch09,137,158,11.25,13.0,21,0.38253924521514965,-1.3942882248438966,1.8119635808088186,0.9974349938363354
Pos58,ch09,158,189,13.0,15.583333333333334,31,0.367572341561946,-1.994720862984683,1.8857435725836051,0.9947187467481658
Pos58,ch09,189,210,15.583333333333334,17.333333333333332,21,0.35917331647350226,-2.68929502764053,1.929840410656123,0.9962191773875373
Pos58,ch09,210,234,17.333333333333332,19.333333333333332,24,0.3877475544996203,-3.918587466612866,1.7876248928363623,0.9936416637603498
Pos58,ch09,234,268,19.333333333333332,22.166666666666668,30,0.37256392125713095,-4.510522625064866,1.8604785407590734,0.9916949781588409
Pos58,ch09,268,292,22.166666666666668,24.166666666666668,23,0.34731067772725327,-4.715815662124686,1.9957554576087093,0.9949249161220075
Pos58,ch09,292,316,24.166666666666668,26.166666666666668,24,0.3560080148573797,-5.6808647508951005,1.946998807983654,0.9958291005286539
Pos58,ch09,316,340,26.166666666666668,28.166666666666668,24,0.390743926761762,-7.3652750542758865,1.7739167088387267,0.9952557962442998
Pos58,ch09,340,360,28.166666666666668,29.833333333333332,20,0.3928646646254033,-8.175559388391033,1.7643408607920021,0.9958772297194945
Pos58,ch09,360,383,29.833333333333332,31.75,23,0.4259975006670919,-10.006288866419663,1.627115603904975,0.9960786306122368
Pos58,ch09,383,404,31.75,33.5,21,0.423283051822473,-10.678488729419719,1.6375500450007496,0.9911902583190523
Pos58,ch09,404,428,33.5,35.5,24,0.3992694525165155,-10.633357490996556,1.7360385979723147,0.9928093806056764
Pos58,ch09,428,456,35.5,37.833333333333336,28,0.41456974584493095,-12.047510175931821,1.6719675941312315,0.9903285583486093
Pos58,ch09,456,480,37.833333333333336,39.833333333333336,24,0.3679322540766964,-11.038051254359306,1.8838989321535726,0.9940731404741538
Pos58,ch09,480,506,39.833333333333336,42.0,26,0.3666979437650521,-11.767777711954091,1.8902401618157239,0.9959134595429283
Pos58,ch09,506,529,42.0,43.916666666666664,23,0.38181511796307316,-13.175644241893353,1.8154000403592774,0.9980079294707362
Pos58,ch09,529,553,43.916666666666664,45.916666666666664,24,0.3878067665335393,-14.236322437548463,1.7873519504461735,0.9968359605316606
Pos58,ch09,553,576,45.916666666666664,47.833333333333336,23,0.3860192658650025,-14.907554425351051,1.795628461721262,0.9937563020168274
Pos58,ch09,576,609,47.833333333333336,50.583333333333336,33,0.3489954178326021,-13.86162643318786,1.9861211498553768,0.9842967144518484
Pos58,ch09,609,630,50.583333333333336,52.333333333333336,21,0.3571964300028806,-15.091905385658398,1.9405210196371656,0.9942726818892177
Pos58,ch09,630,656,52.333333333333336,54.5,26,0.37521474238769165,-16.80826949705477,1.8473346120386418,0.9954719974721526
Pos58,ch09,656,677,54.5,56.25,21,0.36938175966439585,-17.261092080401138,1.8765062497663896,0.9951691237161346
Pos58,ch09,677,699,56.25,58.083333333333336,22,0.40666465821637865,-20.126851100374946,1.704468698116212,0.9979694885583208
Pos58,ch09,699,725,58.083333333333336,60.25,26,0.393073345318474,-20.11841211069789,1.7634041809635983,0.9966940054891276
Pos58,ch09,725,750,60.25,62.333333333333336,25,0.38355892895703575,-20.36173209220918,1.8071465118664674,0.9932957408203245
Pos58,ch09,750,773,62.333333333333336,64.25,23,0.3938343899208844,-21.829177908804844,1.7599965830794728,0.992836823563158
Pos58,ch09,773,800,64.25,66.5,27,0.40065344182965773,-23.05563935325351,1.730041747288033,0.9943938532442919
Pos58,ch09,800,824,66.5,68.5,24,0.353480972375093,-20.691626086239758,1.9609179410777977,0.9898535044344542
Pos58,ch09,824,848,68.5,70.5,24,0.39533479561488094,-24.371563614857692,1.75331690569221,0.9985582745988367
Pos58,ch09,848,875,70.5,72.75,27,0.38860856666693316,-24.707484186718645,1.7836641803988451,0.9976399909055431
Pos58,ch09,875,897,72.75,74.58333333333333,22,0.41398827535885674,-27.338754884138208,1.674315969357117,0.9913320418186901
Pos58,ch09,897,933,74.58333333333333,77.58333333333333,34,0.36485606024124945,-24.541567207160213,1.8997825611053953,0.9931780485741769
Pos58,ch09,933,952,77.58333333333333,79.16666666666667,19,0.35998172786086974,-24.918361888940197,1.9255065657883657,0.9958341803820776
Pos58,ch09,952,978,79.16666666666667,81.33333333333333,26,0.37756430290580756,-27.05448572976064,1.8358387570682693,0.9919288572798055
Pos58,ch09,978,1000,81.33333333333333,83.16666666666667,22,0.3977399645463566,-29.5190302760874,1.7427144424637244,0.9916580781411001
Pos58,ch09,1000,1027,83.16666666666667,85.41666666666667,27,0.3811215749691342,-28.944306990309965,1.8187036003303698,0.9915037167974501
Pos58,ch09,1027,1050,85.41666666666667,87.33333333333333,23,0.3873536216784597,-30.301450785399123,1.7894428805297793,0.9877766389525089
Pos58,ch09,1050,1078,87.33333333333333,89.66666666666667,28,0.37788836327459674,-30.257450851753408,1.834264422840304,0.9964103710286182
Pos58,ch09,1078,1104,89.66666666666667,91.83333333333333,26,0.3884361569863953,-32.09121002713826,1.7844558702711661,0.9938254251957565
Pos58,ch09,1104,1128,91.83333333333333,93.83333333333333,24,0.3920217747541701,-33.299699036350546,1.7681343874191824,0.997331945135424
Pos58,ch09,1128,1156,93.83333333333333,96.16666666666667,26,0.43012430869222174,-37.77839849405097,1.611504317594687,0.9578330863775721
Pos58,ch09,1158,1183,96.33333333333333,98.41666666666667,25,0.38688940483596096,-34.55730403101802,1.791589978675782,0.9945148326733931
Pos58,ch10,16,40,1.1666666666666667,3.1666666666666665,24,0.3521954997587095,2.3744325716991463,1.9680750635224558,0.9965699694725998
Pos58,ch10,40,64,3.1666666666666665,5.166666666666667,24,0.3661675682473756,1.584142006156887,1.8929780807121308,0.9968561575939607
Pos58,ch10,64,88,5.166666666666667,7.166666666666667,24,0.36606965286483045,0.809945797996506,1.8934844096893404,0.9973763352891856
Pos58,ch10,88,116,7.166666666666667,9.5,28,0.3787585784790549,-0.03292032093592246,1.8300501162068752,0.9960164148158701
Pos58,ch10,116,139,9.5,11.416666666666666,21,0.3761289920754434,-0.7256952268535622,1.8428443304389437,0.9978981714371571
Pos58,ch10,139,161,11.416666666666666,13.25,22,0.3713693330910142,-1.3952747474792013,1.8664631642862946,0.9971252271399987
Pos58,ch10,161,187,13.25,15.416666666666666,26,0.35851440434861553,-1.9856264910968853,1.9333872562786527,0.9980147317015045
Pos58,ch10,187,212,15.416666666666666,17.5,25,0.37194467061060144,-2.98192294766149,1.8635760513036606,0.9977941104093927
Pos58,ch10,212,234,17.5,19.333333333333332,22,0.3782286601518792,-3.8977331402369155,1.8326141130648568,0.9958339055376535
Pos58,ch10,234,263,19.333333333333332,21.75,29,0.3613650388267735,-4.3340820738026045,1.9181356968298673,0.9965794818404639
Pos58,ch10,263,289,21.75,23.916666666666668,26,0.3733064848864921,-5.354163811358985,1.8567777647117603,0.9985959066845087
Pos58,ch10,289,309,23.916666666666668,25.583333333333332,20,0.3724365551998942,-5.997621925286837,1.8611147882299557,0.996085657996837
Pos58,ch10,309,333,25.583333333333332,27.583333333333332,24,0.39113489917753286,-7.296548653665689,1.7721435290419625,0.998473736643581
Pos58,ch10,333,357,27.583333333333332,29.583333333333332,24,0.38310629726815937,-7.831690214756495,1.8092816158403406,0.9966480478543767
Pos58,ch10,357,382,29.583333333333332,31.666666666666668,25,0.35868087664360315,-7.807308044516384,1.932489925434967,0.9960089170842367
Pos58,ch10,382,403,31.666666666666668,33.416666666666664,21,0.36955698132154674,-8.850477282905038,1.8756165235499824,0.9966945349902815
Pos58,ch10,403,424,33.416666666666664,35.166666666666664,21,0.3911635020026255,-10.270885566565354,1.7720139456039865,0.9972114171917136
Pos58,ch10,424,450,35.166666666666664,37.333333333333336,26,0.3553223495776141,-9.74982186466874,1.9507559301685276,0.9952149265027378
Pos58,ch10,450,475,37.333333333333336,39.416666666666664,23,0.3663122273136219,-10.924502150637519,1.892230531432685,0.9949323062572211
Pos58,ch10,475,497,39.416666666666664,41.25,22,0.357504974027338,-11.29237636257044,1.9388462564633888,0.9962338789401791
Pos58,ch10,497,522,41.25,43.333333333333336,25,0.3437217251402608,-11.478999829926906,2.0165940348317997,0.9955720249848307
Pos58,ch10,522,547,43.333333333333336,45.416666666666664,25,0.3738062753419795,-13.431994976314495,1.8542951958894063,0.9977725681504878
Pos58,ch10,547,567,45.416666666666664,47.083333333333336,20,0.36919489447331616,-13.992055762797033,1.8774560291489704,0.9937387249621223
Pos58,ch10,567,594,47.083333333333336,49.333333333333336,27,0.38503332518325933,-15.475738116102525,1.8002264615148234,0.9954957624897411
Pos58,ch10,594,615,49.333333333333336,51.083333333333336,21,0.3816501330681502,-16.105498945935217,1.816184826106616,0.9955588491713394
Pos58,ch10,615,639,51.083333333333336,53.083333333333336,24,0.3883573383428152,-17.164720966826092,1.7848180325823597,0.9960762107263635
Pos58,ch10,639,662,53.083333333333336,55.0,23,0.3681034220616835,-16.83691647836309,1.8830229196940034,0.9914543336229469
Pos58,ch10,662,692,55.0,57.5,30,0.3339835236509233,-15.736481800262043,2.0753933397158137,0.9948875209502651
Pos58,ch10,692,716,57.5,59.5,24,0.34217743480312984,-16.873784298393385,2.0256951805099135,0.9932732814549072
Pos58,ch10,716,742,59.5,61.666666666666664,26,0.3367865000010025,-17.24995728749656,2.0581204429449578,0.994346123435423
Pos58,ch10,742,764,61.666666666666664,63.5,22,0.366532743148066,-19.82248130170461,1.8910921152818776,0.9917875399409061
Pos58,ch10,764,785,63.5,65.25,21,0.34366724308905705,-19.12629598400629,2.016913728319242,0.989926432344435
Pos58,ch10,785,825,65.25,68.58333333333333,40,0.37679105177913297,-22.090579913034244,1.8396062679488834,0.9946349619953948
Pos58,ch10,825,843,68.58333333333333,70.08333333333333,18,0.34577250283335753,-20.74640963637315,2.0046336099027586,0.9970058222949233
Pos58,ch10,843,870,70.08333333333333,72.33333333333333,27,0.3471627284181548,-21.523599571136998,1.9966059827858447,0.996812437010937
Pos58,ch10,870,890,72.33333333333333,74.0,20,0.36525280557899,-23.549016681340373,1.8977189770279383,0.9973561690585917
Pos58,ch10,890,914,74.0,76.0,24,0.338394267100418,-22.272197348151515,2.048341972514135,0.9969571774954311
Pos58,ch10,914,938,76.0,78.0,24,0.36542793769491694,-25.09578509601493,1.8968094911742346,0.9892114945347156
Pos58,ch10,938,960,78.0,79.83333333333333,22,0.35900990016653733,-25.260122299503013,1.9307188471359942,0.9937352342498225
Pos58,ch10,960,984,79.83333333333333,81.83333333333333,24,0.37580071983648483,-27.329156914432357,1.844454105520451,0.9927681671776449
Pos58,ch10,984,1013,81.83333333333333,84.25,29,0.35004506175019257,-25.94092179146004,1.9801655738100523,0.9979783739825704
Pos58,ch10,1013,1036,84.25,86.16666666666667,23,0.35044712839463715,-26.70549511241968,1.9778937374524437,0.9953195270091856
Pos58,ch10,1036,1066,86.16666666666667,88.66666666666667,30,0.34290124375952774,-26.82020978574307,2.0214192662597648,0.9968362393714175
Pos58,ch10,1066,1089,88.66666666666667,90.58333333333333,23,0.32813483460519144,-26.212270383841574,2.1123852375927505,0.9975271954855376
Pos58,ch10,1089,1110,90.58333333333333,92.33333333333333,21,0.3408766077080286,-28.067161367736542,2.033425482670983,0.9953461890540083
Pos58,ch10,1110,1138,92.33333333333333,94.66666666666667,28,0.3359227920552371,-28.263499271732098,2.0634121796831466,0.9981640165304835
Pos58,ch10,1138,1163,94.66666666666667,96.75,23,0.3399898140073439,-29.39805029770711,2.038729256003455,0.9971770821345345
Pos58,ch10,1163,1192,96.75,99.16666666666667,29,0.3416480557331883,-30.28895023425879,2.028833967962815,0.9976170647485089
Pos59,ch09,20,45,1.5,3.5833333333333335,25,0.3728142772636077,2.099094538440062,1.8592291734306037,0.9980758628520205
Pos59,ch09,45,68,3.5833333333333335,5.5,23,0.374481208158187,1.3291275314487356,1.8509531732421367,0.9980986992465553
Pos59,ch09,68,93,5.5,7.583333333333333,25,0.40066212165910775,0.4434967295073788,1.7300042681591208,0.9973777941910771
Pos59,ch09,93,116,7.583333333333333,9.5,23,0.38009924605786344,-0.17278852604037465,1.8235952524210632,0.9983308628763942
Pos59,ch09,116,141,9.5,11.583333333333334,25,0.37685437164445723,-0.8721527262426054,1.8392971734288228,0.9974864379160296
Pos59,ch09,141,163,11.583333333333334,13.416666666666666,22,0.37356817720024615,-1.632512430363609,1.8554770530906146,0.9966513419633273
Pos59,ch09,163,191,13.416666666666666,15.75,28,0.3702719569846368,-2.4849546644832494,1.8719948067487735,0.9971153305738599
Pos59,ch09,191,216,15.75,17.833333333333332,24,0.39023132908027747,-3.5863933355694813,1.7762468794947848,0.9927160668525498
Pos59,ch09,216,241,17.833333333333332,19.916666666666668,25,0.3567236869451559,-3.730947989892602,1.9430926678735312,0.9971117232504341
Pos59,ch09,241,266,19.916666666666668,22.0,25,0.37044364617152115,-4.767011248504663,1.8711271949823305,0.9961400213045564
Pos59,ch09,266,295,22.0,24.416666666666668,28,0.3674454618447892,-5.519237579770019,1.8863947239406487,0.9949774295815484
Pos59,ch09,295,315,24.416666666666668,26.083333333333332,20,0.38527797500806993,-6.718199276027857,1.7990833256051733,0.9931559538268018
Pos59,ch09,315,340,26.083333333333332,28.166666666666668,24,0.4137453448858751,-8.271793920298508,1.6752990435484867,0.9934907706408554
Pos59,ch09,340,365,28.166666666666668,30.25,25,0.3996266876419491,-8.667122941176382,1.7344867147135574,0.9942257287419702
Pos59,ch09,365,392,30.25,32.5,27,0.3703606126921426,-8.676564650133077,1.8715466947780293,0.9971728430304214
Pos59,ch09,392,418,32.5,34.666666666666664,26,0.39958244003593646,-10.412993186037106,1.7346787824249912,0.9964505098010209
Pos59,ch09,418,439,34.666666666666664,36.416666666666664,21,0.372886808814337,-10.264007027093125,1.8588675280950155,0.9983378634124793
Pos59,ch09,439,468,36.416666666666664,38.833333333333336,29,0.39904072628735965,-12.103707636381603,1.7370336782636866,0.9919153300742546
Pos59,ch09,468,494,38.833333333333336,41.0,21,0.3922595208816477,-12.710339247309568,1.7670627318414565,0.996831882167837
Pos59,ch09,494,520,41.0,43.166666666666664,24,0.40072353306744296,-13.860742828870805,1.7297391427303237,0.9955183407211967
Pos59,ch09,520,540,43.166666666666664,44.833333333333336,20,0.40536833950197093,-14.911135222067065,1.7099193819910425,0.9949627581651894
Pos59,ch09,540,565,44.833333333333336,46.916666666666664,25,0.3922191199230218,-15.098524711902133,1.7672447500672193,0.9949070082060304
Pos59,ch09,565,593,46.916666666666664,49.25,28,0.4062184463010292,-16.617675614993185,1.7063409770571738,0.996689049807411
Pos59,ch09,593,619,49.25,51.416666666666664,26,0.3502564170953287,-14.634126002604642,1.9789706818456165,0.9972365596437639
Pos59,ch09,619,643,51.416666666666664,53.416666666666664,24,0.37267604210908994,-16.577414944641333,1.8599188094764805,0.9922855629646475
Pos59,ch09,643,671,53.416666666666664,55.75,28,0.37469450259753456,-17.496226979213464,1.8498995201551327,0.9956029321140403
Pos59,ch09,671,697,55.75,57.916666666666664,25,0.38654787500655985,-19.007164443337167,1.793172916933465,0.9963213452968497
Pos59,ch09,697,719,57.916666666666664,59.75,22,0.36336488730607963,-18.46560229781098,1.9075788684449146,0.9974484107695708
Pos59,ch09,719,751,59.75,62.416666666666664,31,0.3903766073401724,-20.85518127458932,1.775585851013711,0.9916121226565351
Pos59,ch09,751,771,62.416666666666664,64.08333333333333,20,0.3795350811441546,-20.937529885723634,1.826305959571297,0.9969033835404559
Pos59,ch09,771,796,64.08333333333333,66.16666666666667,25,0.3854330960242283,-22.078942121596,1.7983592683394631,0.9944534444103684
Pos59,ch09,796,1064,66.16666666666667,88.5,264,0.03106172811785988,0.9070895892566437,22.315151878539538,0.42325225718689863
Pos59,ch09,1064,1079,88.5,89.75,12,1.670577888856006,-144.92905340866454,0.41491461438808164,0.8543799809486304
Pos59,ch09,1079,1101,89.75,91.58333333333333,22,0.16295082352668022,-10.278027259534555,4.253720021528182,0.989135173910704
Pos59,ch09,1101,1123,91.58333333333333,93.41666666666667,19,0.07415425546973967,-3.1755524685773304,9.347368888934497,0.8977471053085133
Pos59,ch09,1123,1147,93.41666666666667,95.41666666666667,15,0.4172459737795177,-35.661492377695005,1.6612435448597522,0.7112674423228682
Pos59,ch10,11,35,0.75,2.75,24,0.3792181967464592,2.2054931572698617,1.8278320674136197,0.9982487131755867
Pos59,ch10,35,64,2.75,5.166666666666667,28,0.3260536617782878,1.5967356860159074,2.12586841313034,0.9945823965147543
Pos59,ch10,64,90,5.166666666666667,7.333333333333333,26,0.38698609017174623,0.4203124572470622,1.791142364451196,0.9982106737894211
Pos59,ch10,90,119,7.333333333333333,9.75,29,0.3660282951862164,-0.2766768988660038,1.8936983552249906,0.9962481682389779
Pos59,ch10,119,149,9.75,12.25,29,0.36971499775316424,-1.1101511988453185,1.8748148838222587,0.995419024231448
Pos59,ch10,149,176,12.25,14.5,25,0.3721999352718163,-2.0324429752237356,1.8622979610508057,0.9961520296147497
Pos59,ch10,176,200,14.5,16.5,23,0.3725780589773114,-2.816082144304363,1.8604079436737722,0.9976445464990704
Pos59,ch10,200,231,16.5,19.083333333333332,26,0.3580812313936429,-3.4187887182067556,1.9357260861236272,0.9929139752373133
Pos59,ch10,231,260,19.083333333333332,21.5,29,0.33534450556241613,-3.761622156739339,2.0669704410318213,0.9977577497832909
Pos59,ch10,260,287,21.5,23.75,26,0.39537154807905434,-5.833773588559602,1.7531539230064954,0.997983635634586
Pos59,ch10,287,312,23.75,25.833333333333332,25,0.3906630322101181,-6.579669989477038,1.7742840335789338,0.9973179495385718
Pos59,ch10,312,328,25.833333333333332,27.166666666666668,16,0.3881459691086537,-7.300438272636716,1.7857899752294288,0.9935524972928782
Pos59,ch10,328,353,27.166666666666668,29.25,24,0.39409192092728,-8.194748018945297,1.7588464613255763,0.9920962950217173
Pos59,ch10,353,376,29.25,31.166666666666668,23,0.4104068402445943,-9.546504300792916,1.6889269685340609,0.9964257174326926
Pos59,ch10,376,403,31.166666666666668,33.416666666666664,25,0.41013088754586136,-10.435890715880268,1.6900633471124182,0.9900106903031982
Pos59,ch10,403,432,33.416666666666664,35.833333333333336,29,0.3852922066418629,-10.45963674621361,1.799016872418185,0.9971696298232015
Pos59,ch10,432,456,35.833333333333336,37.833333333333336,21,0.397595202669077,-11.650525842497323,1.743348953676535,0.9954432112062284
Pos59,ch10,456,478,37.833333333333336,39.666666666666664,22,0.35714977521140095,-10.837463794941629,1.9407745116167683,0.9976536813437885
Pos59,ch10,478,510,39.666666666666664,42.333333333333336,32,0.3729975382746388,-12.28286602651034,1.8583156976483306,0.9958939014761197
Pos59,ch10,510,536,42.333333333333336,44.5,26,0.3325873983152533,-11.29296580903425,2.084105363195163,0.996241283885819
Pos59,ch10,536,554,44.5,46.0,18,0.3753483960872432,-13.883501290152195,1.8466768148886277,0.9957175564716932
Pos59,ch10,554,578,46.0,48.0,24,0.38983564188862757,-15.364014620978288,1.7780497883720212,0.9972657934511863
Pos59,ch10,578,597,48.0,49.583333333333336,19,0.39157538160343336,-16.266711858437365,1.770150048048546,0.9941097276237539
Pos59,ch10,597,635,49.583333333333336,52.75,38,0.37174428703794093,-16.077018709593624,1.8645805859800648,0.9962026084952269
Pos59,ch10,635,652,52.75,54.166666666666664,17,0.35781359402734886,-16.078582650115514,1.9371739702739348,0.9972688493726738
Pos59,ch10,652,677,54.166666666666664,56.25,25,0.3291644966374478,-15.2190921228642,2.105777468836196,0.9914155624046641
Pos59,ch10,677,705,56.25,58.583333333333336,28,0.3750116923738686,-18.58154038380274,1.8483348510342203,0.9918980186928084
Pos59,ch10,705,725,58.583333333333336,60.25,20,0.3457963940606257,-17.677735472901702,2.0044951088715557,0.9946889534994657
Pos59,ch10,725,759,60.25,63.083333333333336,34,0.3731696087585752,-20.070173138446016,1.857458818433368,0.9940121821835513
Pos59,ch10,759,780,63.083333333333336,64.83333333333333,21,0.3790347255910246,-21.290101094290385,1.8287168266156317,0.9904955338129261
Pos59,ch10,780,807,64.83333333333333,67.08333333333333,27,0.3692873730648768,-21.40369123595314,1.8769858682337683,0.9662810566967706
Pos59,ch10,807,836,67.08333333333333,69.5,22,0.37915883441420767,-22.895291225637223,1.8281182387081734,0.9924889237080159
Pos59,ch10,836,884,69.5,73.5,38,0.11638857601080381,-5.369460430851268,5.9554571790242,0.5452540523360916
Pos59,ch10,884,911,73.5,75.75,19,0.3791634361727004,-25.20026945491546,1.828096051551322,0.9939257638019839
Pos59,ch10,911,932,75.75,77.5,21,0.3900379227901018,-26.81741859014797,1.7771276587711733,0.9953099609085236
Pos59,ch10,932,960,77.5,79.83333333333333,20,0.538555447262095,-39.2927767823056,1.287048871353475,0.9238583625207593
Pos59,ch10,960,984,79.83333333333333,81.83333333333333,22,0.4246283003151924,-31.338208772509674,1.6323621860470372,0.9990400572942204
Pos59,ch10,984,1011,81.83333333333333,84.08333333333333,24,0.3845701807872908,-28.894546053893,1.802394504797373,0.9957003595784177
Pos59,ch10,1011,1034,84.08333333333333,86.0,23,0.3768624319844634,-29.113337405695166,1.839257834510077,0.9979481843380301
Pos59,ch10,1034,1061,86.0,88.25,27,0.39478173823604135,-31.43062303265277,1.7557731612841478,0.9952593845713004
Pos59,ch10,1061,1087,88.25,90.41666666666667,25,0.3672429066756748,-29.841673825949908,1.887435176990602,0.9896439935996297
Pos59,ch10,1087,1117,90.41666666666667,92.91666666666667,29,0.34634362078361963,-28.774266813754082,2.001327984594217,0.995192962696476
Pos59,ch10,1117,1143,92.91666666666667,95.08333333333333,24,0.34380294110293197,-29.294154884518875,2.016117658378095,0.972159203601156
Pos59,ch10,1143,1167,95.08333333333333,97.08333333333333,17,0.3348149483051966,-29.18536308471448,2.070239647508555,0.973282939347842
Pos59,ch10,1167,1195,97.08333333333333,99.41666666666667,14,0.3874317925196365,-35.056316260555676,1.7890818305129514,0.9879946344914529
Pos61,ch08,10,39,0.6666666666666666,3.0833333333333335,29,0.3664630830126374,2.5328269936024186,1.891451588688518,0.9982419757324774
Pos61,ch08,39,58,3.0833333333333335,4.666666666666667,19,0.34783923481230555,1.880082028317361,1.9927228190171482,0.9982809621688394
Pos61,ch08,58,84,4.666666666666667,6.833333333333333,25,0.359606759793134,1.1670989047882816,1.9275143241430792,0.9970404119862538
Pos61,ch08,84,104,6.833333333333333,8.5,20,0.340343177161143,0.5151408962402912,2.036612534270841,0.9940784538052899
Pos61,ch08,104,128,8.5,10.5,24,0.32852248686002716,-0.11069916431507426,2.1098926505304125,0.9925866760633327
Pos61,ch08,128,160,10.5,13.166666666666666,32,0.3525004923294853,-1.1237985436586924,1.9663722339203273,0.9987676140802398
Pos61,ch08,160,184,13.166666666666666,15.166666666666666,24,0.3425740675110769,-1.7642682653737556,2.023349827953725,0.9975402778341158
Pos61,ch08,184,210,15.166666666666666,17.333333333333332,23,0.34990019901367625,-2.5986020885637484,1.9809853853008321,0.9958689748155645
Pos61,ch08,210,231,17.333333333333332,19.083333333333332,21,0.33150901162697455,-2.971497764136842,2.0908848817054135,0.9943840835880606
Pos61,ch08,231,257,19.083333333333332,21.25,26,0.33560169545706575,-3.741722065880096,2.0653864087782035,0.9941846521465267
Pos61,ch08,257,284,21.25,23.5,27,0.35574635548572364,-4.886476234405086,1.9484308689924492,0.9976533762203039
Pos61,ch08,284,313,23.5,25.916666666666668,29,0.3397715698611754,-5.282071030086909,2.0400387850082713,0.9956151409201155
Pos61,ch08,313,334,25.916666666666668,27.666666666666668,21,0.3286058705802846,-5.730663519682495,2.1093572653949173,0.9950664585694144
Pos61,ch08,334,363,27.666666666666668,30.083333333333332,29,0.3363081057349512,-6.636459724626614,2.061048094708201,0.9963475106936611
Pos61,ch08,363,389,30.083333333333332,32.25,26,0.35325898807157025,-7.874998221048995,1.9621501616811339,0.9929921069515463
Pos61,ch08,389,418,32.25,34.666666666666664,29,0.35221358313227047,-8.592928909279093,1.9679740184796917,0.9970554546486744
Pos61,ch08,418,436,34.666666666666664,36.166666666666664,18,0.3556740490973343,-9.433174803002075,1.948826973233174,0.9979756568837721
Pos61,ch08,436,463,36.166666666666664,38.416666666666664,27,0.34161153294750696,-9.600490881927573,2.029050877115605,0.9957960729285665
Pos61,ch08,463,486,38.416666666666664,40.333333333333336,23,0.32662433221068715,-9.742586684362172,2.1221541453097705,0.9905217544128649
Pos61,ch08,486,512,40.333333333333336,42.5,26,0.34905970366302347,-11.34940278997083,1.985755368740868,0.9990570665613762
Pos61,ch08,512,534,42.5,44.333333333333336,22,0.33996144225947605,-11.715174855037777,2.038899399746927,0.9905788824012497
Pos61,ch08,534,562,44.333333333333336,46.666666666666664,28,0.33277296106033294,-12.075134019851482,2.0829432125474736,0.9967847601677174
Pos61,ch08,562,585,46.666666666666664,48.583333333333336,23,0.37470461001040434,-14.80235464317959,1.8498496203201205,0.9944143393832447
Pos61,ch08,585,608,48.583333333333336,50.5,23,0.32221150984687913,-12.950927456430453,2.1512179403192073,0.998602513905712
Pos61,ch08,608,636,50.5,52.833333333333336,28,0.34130726363122027,-14.631445586288352,2.0308597396534904,0.9951044088623745
Pos61,ch08,636,672,52.833333333333336,55.833333333333336,36,0.34796242383564674,-15.759874120763783,1.9920173360079243,0.9990300361182239
Pos61,ch08,672,691,55.833333333333336,57.416666666666664,19,0.3412485331772284,-16.141072212535526,2.031209260026203,0.9971863452640658
Pos61,ch08,691,714,57.416666666666664,59.333333333333336,23,0.3495371949923041,-17.281978703462997,1.983042693282489,0.9961329678432594
Pos61,ch08,714,736,59.333333333333336,61.166666666666664,22,0.3643738375479067,-18.928436532417727,1.902296787344982,0.9947281571912184
Pos61,ch08,736,765,61.166666666666664,63.583333333333336,26,0.35498110493276513,-19.094768066288346,1.952631199035876,0.997276219088752
Pos61,ch08,765,786,63.583333333333336,65.33333333333333,21,0.33806241138188453,-18.74827972100395,2.050352707734038,0.992894420002398
Pos61,ch08,786,813,65.33333333333333,67.58333333333333,27,0.34235147089958273,-19.712710047237902,2.0246654081508435,0.9970509816308242
Pos61,ch08,813,840,67.58333333333333,69.83333333333333,27,0.3387240202781486,-20.246928561918697,2.0463478792875587,0.99610352599623
Pos61,ch08,840,883,69.83333333333333,73.41666666666667,43,0.32635200316996327,-20.05367705340513,2.123925006824475,0.9960652409359453
Pos61,ch08,883,903,73.41666666666667,75.08333333333333,20,0.34643577221392197,-22.263711609046716,2.0007956341527318,0.9944211177003376
Pos61,ch08,903,923,75.08333333333333,76.75,20,0.3434608029866914,-22.743166827017305,2.0181260118547026,0.9908506410578233
Pos61,ch08,923,951,76.75,79.08333333333333,28,0.3264399931649554,-22.12335631299857,2.123352515234513,0.9982565083363212
Pos61,ch08,951,971,79.08333333333333,80.75,20,0.35553048610088733,-25.1969978215136,1.9496139083928063,0.9911404320546313
Pos61,ch08,971,993,80.75,82.58333333333333,22,0.34797209496146025,-25.299667168690416,1.991961972228592,0.989829310742061
Pos61,ch08,993,1020,82.58333333333333,84.83333333333333,21,0.36045003388711566,-27.15097383468406,1.9230048977524092,0.9988583909705022
Pos61,ch08,1020,1049,84.83333333333333,87.25,28,0.3268152713982906,-25.08494237421242,2.1209142938587013,0.9932757546602511
Pos61,ch08,1049,1086,87.25,90.33333333333333,37,0.32700161862057314,-25.854956728980685,2.119705656149117,0.995966706204482
Pos61,ch08,1086,1114,90.33333333333333,92.66666666666667,28,0.3118416972041695,-25.18152467381513,2.2227533609981824,0.9945616814708914
Pos61,ch08,1114,1139,92.66666666666667,94.75,25,0.3173999069711411,-26.426263920438952,2.1838291862604993,0.9936374045166151
Pos61,ch08,1139,1167,94.75,97.08333333333333,28,0.3312413635263117,-28.480793137326287,2.092574348749431,0.9961860605378918
Pos61,ch10,26,50,2.0,4.0,24,0.34436890077540183,1.9859070033588646,2.012804231157962,0.9963560324388163
Pos61,ch10,50,76,4.0,6.166666666666667,26,0.33834957532450893,1.3365338758774223,2.048612533044122,0.9968536871196951
Pos61,ch10,76,101,6.166666666666667,8.25,25,0.351207175065415,0.48436049100549355,1.9736133819898223,0.991547313071087
Pos61,ch10,101,124,8.25,10.166666666666666,17,0.3771457256925219,-0.496437560663027,1.837876272592446,0.9950272028602019
Pos61,ch10,124,153,10.166666666666666,12.583333333333334,29,0.3272877506284324,-0.7322381134365831,2.117852498998261,0.9981536040990591
Pos61,ch10,153,173,12.583333333333334,14.25,20,0.34176919756312163,-1.5914937855088187,2.028114837446483,0.9961374303682432
Pos61,ch10,173,201,14.25,16.583333333333332,28,0.3272114420453253,-2.075542984975289,2.1183464008081065,0.9932061993725905
Pos61,ch10,201,228,16.583333333333332,18.833333333333332,27,0.2991282109207052,-2.259489080593153,2.317224371537759,0.9947073176817486
Pos61,ch10,228,256,18.833333333333332,21.166666666666668,28,0.30943712690934744,-3.1015533984164394,2.240025906015503,0.9959446687814218
Pos61,ch10,256,279,21.166666666666668,23.083333333333332,23,0.34505136869869935,-4.56324735674809,2.0088231592125783,0.986128834507084
Pos61,ch10,279,304,23.083333333333332,25.166666666666668,25,0.34585103224491504,-5.325663085614883,2.0041784350352665,0.9957687245106386
Pos61,ch10,304,329,25.166666666666668,27.25,25,0.34946006911393257,-6.139497824863909,1.9834803510382248,0.9956088688964291
Pos61,ch10,329,353,27.25,29.25,24,0.36698583191076745,-7.345323279760437,1.888757331450561,0.9934853169404725
Pos61,ch10,353,377,29.25,31.25,24,0.34913226571055345,-7.574260327717559,1.9853426584599771,0.9964886299020214
Pos61,ch10,377,406,31.25,33.666666666666664,29,0.3504798786353152,-8.35875600222565,1.9777089151562555,0.9975986929070833
Pos61,ch10,406,431,33.666666666666664,35.75,25,0.3410112594264139,-8.794694004081595,2.032622564210429,0.9922732967067515
Pos61,ch10,431,456,35.75,37.833333333333336,25,0.3191460361119698,-8.738053185405342,2.1718809013086418,0.9951384868508965
Pos61,ch10,456,481,37.833333333333336,39.916666666666664,25,0.33659579805813605,-10.097327684692404,2.059286493054279,0.990521552272667
Pos61,ch10,481,508,39.916666666666664,42.166666666666664,27,0.3466421134625608,-11.220060606052995,1.999604645945043,0.9967526343279467
Pos61,ch10,508,537,42.166666666666664,44.583333333333336,29,0.3392010583502553,-11.642905035255911,2.0434699818778546,0.9968885476355872
Pos61,ch10,537,560,44.583333333333336,46.5,23,0.34186810539322976,-12.471867516226803,2.0275280718646185,0.9978857506627888
Pos61,ch10,560,584,46.5,48.5,24,0.35249061764676165,-13.670724478786349,1.9664273199310025,0.9970132145639763
Pos61,ch10,584,606,48.5,50.333333333333336,22,0.3357222531154401,-13.517635963954167,2.0646447297659547,0.9938068913373026
Pos61,ch10,606,628,50.333333333333336,52.166666666666664,22,0.3201311472377028,-13.439322555307752,2.165197565250568,0.9947936014863575
Pos61,ch10,628,656,52.166666666666664,54.5,28,0.32567199463320634,-14.41113395748372,2.128359797533755,0.9966923386092594
Pos61,ch10,656,680,54.5,56.5,24,0.3296908434656144,-15.313197269521117,2.1024156245098693,0.9948624720294842
Pos61,ch10,680,704,56.5,58.5,24,0.36071069765219554,-17.74378421764793,1.9216152586311472,0.9960025168438551
Pos61,ch10,704,727,58.5,60.416666666666664,23,0.33382446000177673,-16.9019093935429,2.076382241601637,0.9961911413298027
Pos61,ch10,727,756,60.416666666666664,62.833333333333336,29,0.3501521208741785,-18.683841143130675,1.979560137546665,0.9969371433643422
Pos61,ch10,756,782,62.833333333333336,65.0,26,0.37313453109110384,-20.9049286285906,1.857633434603531,0.9940110859039117
Pos61,ch10,782,805,65.0,66.91666666666667,20,0.34675845385192006,-19.863031860975468,1.9989337617013003,0.9938603840738678
Pos61,ch10,805,831,66.91666666666667,69.08333333333333,25,0.37706940518107257,-22.67114155138528,1.8382482668597548,0.9924978963349721
Pos61,ch10,831,856,69.08333333333333,71.16666666666667,25,0.3779513302679382,-23.456683373056812,1.8339588329231642,0.9955635849232836
Pos61,ch10,856,880,71.16666666666667,73.16666666666667,24,0.35835442126871436,-22.803898891325606,1.934250394081742,0.9921251996259922
Pos61,ch10,880,911,73.16666666666667,75.75,29,0.3233209301065659,-20.982798784804032,2.1438364053062866,0.9905734679872593
Pos61,ch10,911,935,75.75,77.75,24,0.3352956164349785,-22.57257157869599,2.067271823979728,0.9945015136093234
Pos61,ch10,935,956,77.75,79.5,21,0.3540353035317387,-24.744299865916933,1.9578476317060447,0.9974325138313053
Pos61,ch10,956,979,79.5,81.41666666666667,23,0.35741267754489264,-25.69370701000336,1.9393469345330732,0.9909965860181752
Pos61,ch10,979,1001,81.41666666666667,83.25,22,0.3586908957485018,-26.572821521583087,1.9324359463139242,0.98912244145526
Pos61,ch10,1001,1031,83.25,85.75,29,0.33849313902685696,-25.61978422074973,2.0477436634393618,0.9947446723573661
Pos61,ch10,1031,1054,85.75,87.66666666666667,21,0.33519517656503484,-26.101821672140286,2.0678912735650905,0.995915765974236
Pos61,ch10,1054,1085,87.66666666666667,90.25,26,0.33201057178117793,-26.540022885682053,2.0877262336597697,0.9958579105096029
Pos61,ch10,1085,1112,90.25,92.5,27,0.3314851110454191,-27.27445084314431,2.0910356376910464,0.9968660344824588
Pos61,ch10,1112,1132,92.5,94.16666666666667,20,0.3256809890187285,-27.417317597226155,2.1283010182706286,0.9805834601121787
Pos61,ch10,1132,1161,94.16666666666667,96.58333333333333,18,0.3357379357980535,-29.113329303251057,2.0645482879744446,0.9856635916224086
Pos61,ch10,1161,1191,96.58333333333333,99.08333333333333,17,0.4822715077253332,-44.13364238895838,1.4372550927364995,0.9710948183006077
Pos66,ch01,10,36,0.6666666666666666,2.8333333333333335,26,0.34212092612335543,2.4335515198492477,2.026029767936567,0.9900310277782571
Pos66,ch01,36,61,2.8333333333333335,4.916666666666667,25,0.35967549535263066,1.6137997066024172,1.927145967729535,0.9984099490356715
Pos66,ch01,61,88,4.916666666666667,7.166666666666667,27,0.36656086176591296,0.8323976300847471,1.8909470509772848,0.9964933756169752
Pos66,ch01,88,108,7.166666666666667,8.833333333333334,20,0.3543058417221162,0.19586642516516284,1.9563526731336933,0.9945867770426833
Pos66,ch01,108,139,8.833333333333334,11.416666666666666,31,0.35699995090252257,-0.5632983215511339,1.9415890080870246,0.9953564715563809
Pos66,ch01,139,159,11.416666666666666,13.083333333333334,20,0.3310400206974202,-0.986968314584348,2.0938470795756174,0.9855300742241802
Pos66,ch01,159,180,13.083333333333334,14.833333333333334,21,0.3596993018179302,-2.084979969550025,1.9270184208219485,0.9949488148556741
Pos66,ch01,180,219,14.833333333333334,18.083333333333332,35,0.3472800221179637,-2.66316104123577,1.9959316298491185,0.997633235879264
Pos66,ch01,219,242,18.083333333333332,20.0,23,0.3685505030871338,-3.860528862627248,1.8807386633686658,0.998022502477836
Pos66,ch01,242,263,20.0,21.75,21,0.34428208351376743,-4.139527892660585,2.0133117979467183,0.9930831548693014
Pos66,ch01,263,288,21.75,23.833333333333332,25,0.3451653404555198,-4.914844439478131,2.008159856505838,0.9943909344453411
Pos66,ch01,288,316,23.833333333333332,26.166666666666668,28,0.3492150643336508,-5.727796097844379,1.9848719352430089,0.9961915305483579
Pos66,ch01,316,340,26.166666666666668,28.166666666666668,24,0.34327542747863976,-6.319073366771766,2.0192158397445334,0.9954097959676681
Pos66,ch01,340,370,28.166666666666668,30.666666666666668,30,0.35239165380091403,-7.264922724335546,1.9669795611888792,0.9973905594931448
Pos66,ch01,370,388,30.666666666666668,32.166666666666664,18,0.3514873005018251,-7.967181109654502,1.9720404679495558,0.9964343356724896
Pos66,ch01,388,413,32.166666666666664,34.25,25,0.34097604388807823,-8.33468606057282,2.0328324906821416,0.9973085780588449
Pos66,ch01,413,440,34.25,36.5,27,0.3428079809726716,-9.097934843413183,2.021969204431102,0.993258488876107
Pos66,ch01,440,464,36.5,38.5,24,0.35796260399454577,-10.410340936777153,1.9363675781353593,0.9959734041273954
Pos66,ch01,464,488,38.5,40.5,24,0.32145902850702746,-9.728013997047343,2.1562535785016608,0.9629936480431194
Pos66,ch01,488,521,40.5,43.25,33,0.345446614380265,-11.406056876584483,2.006524747111674,0.9893187614360399
Pos66,ch01,521,543,43.25,45.083333333333336,22,0.34635694419558577,-12.140826007606705,2.0012509989363143,0.9831784462050934
Pos66,ch01,543,566,45.083333333333336,47.0,23,0.32610277174178004,-11.92244828453012,2.125548264609061,0.992627213491498
Pos66,ch01,566,591,47.0,49.083333333333336,25,0.3578285817855804,-14.144519351964558,1.9370928311570592,0.9975027828066221
Pos66,ch01,591,614,49.083333333333336,51.0,23,0.32507140097094445,-13.244557990773894,2.1322921010264455,0.9936985697540952
Pos66,ch01,614,639,51.0,53.083333333333336,25,0.30739797157344745,-13.004600690379453,2.254885342970878,0.9938219153686723
Pos66,ch01,639,667,53.083333333333336,55.416666666666664,28,0.33739841422393885,-15.328810909469091,2.0543877841105918,0.9910844283266677
Pos66,ch01,667,690,55.416666666666664,57.333333333333336,23,0.3384162935760744,-16.138320095596345,2.0482086522353837,0.9901636452259481
Pos66,ch01,690,717,57.333333333333336,59.583333333333336,27,0.33594992613786656,-16.665698671511773,2.063245521523028,0.9927689334603813
Pos66,ch01,717,743,59.583333333333336,61.75,26,0.3415321442937426,-17.681760282548776,2.029522527062015,0.9909579035291066
Pos66,ch01,743,772,61.75,64.16666666666667,29,0.34789080728555233,-18.78106404127378,1.9924274112566678,0.9954810086921412
Pos66,ch01,772,797,64.16666666666667,66.25,25,0.342543258259999,-19.239937200036387,2.02353181341502,0.9942062310437647
Pos66,ch01,797,823,66.25,68.41666666666667,26,0.3735454431347772,-22.03406045642888,1.8555899778701197,0.9957477787869887
Pos66,ch01,823,844,68.41666666666667,70.16666666666667,21,0.3668301547940566,-22.327316274564865,1.889558891223344,0.9947903864910012
Pos66,ch01,844,873,70.16666666666667,72.58333333333333,29,0.36124461498675925,-22.66016917372911,1.918775123015609,0.9933311227654915
Pos66,ch01,873,896,72.58333333333333,74.5,23,0.3684806281232019,-23.9696301699607,1.8810953077516757,0.9920154834955182
Pos66,ch01,896,924,74.5,76.83333333333333,28,0.35955364618210717,-24.117540125717237,1.9277990584161098,0.9880723900857435
Pos66,ch01,924,951,76.83333333333333,79.08333333333333,27,0.3633108585674332,-25.186442914221185,1.9078625485984255,0.9955783317314787
Pos66,ch01,951,974,79.08333333333333,81.0,23,0.37571352387372536,-26.971874463244372,1.8448821682365288,0.9929111079532221
Pos66,ch01,974,1001,81.0,83.25,27,0.36787420914670865,-27.199799254953838,1.8841961826237115,0.9903560287174903
Pos66,ch01,1001,1025,83.25,85.25,23,0.3558517897901937,-27.01107216868686,1.947853574007924,0.9961878352259561
Pos66,ch01,1025,1051,85.25,87.41666666666667,26,0.3797249270688851,-29.79756272220333,1.825392886135713,0.9962438832008247
Pos66,ch01,1051,1076,87.41666666666667,89.5,25,0.35945180943900956,-28.792369847062695,1.9283452255859512,0.9960888987697076
Pos66,ch01,1076,1103,89.5,91.75,27,0.35996411344753526,-29.582986316050025,1.9256007881490427,0.9971292700015433
Pos66,ch01,1103,1130,91.75,94.0,27,0.35924243854081467,-30.320643448988204,1.9294690888286983,0.9951534563652487
Pos66,ch01,1130,1154,94.0,96.0,24,0.348533653179155,-30.067307613791566,1.9887525185513442,0.9933921047922816
Pos66,ch01,1154,1182,96.0,98.33333333333333,28,0.33678968088194705,-29.721247820504093,2.058101004593755,0.9834139757591339
Pos66,ch03,5,30,0.25,2.3333333333333335,25,0.35114300776145635,2.710727236096813,1.9739740368995877,0.995334983547186
Pos66,ch03,30,51,2.3333333333333335,4.083333333333333,21,0.3664458839033169,1.944468327770887,1.8915403638230666,0.9963481500670948
Pos66,ch03,51,81,4.083333333333333,6.583333333333333,28,0.3825571249064955,1.0947119166115011,1.8118788945033086,0.9959883598797475
Pos66,ch03,81,104,6.583333333333333,8.5,23,0.33393229701257243,0.6336982455047235,2.0757117139042367,0.9939226176693091
Pos66,ch03,104,134,8.5,11.0,28,0.37316577580981625,-0.4951166139213121,1.8574778972046124,0.996142013915761
Pos66,ch03,134,158,11.0,13.0,24,0.3464482334588253,-0.9733523130398294,2.000723668410116,0.9911764175682158
Pos66,ch03,158,182,13.0,15.0,24,0.3729384437737916,-2.13133809362477,1.858610159751668,0.9975663678364042
Pos66,ch03,182,213,15.0,17.583333333333332,31,0.3598985993167222,-2.680884959312876,1.9259513148311915,0.9962295409456065
Pos66,ch03,213,239,17.583333333333332,19.75,26,0.36558186152750755,-3.5749050886834928,1.8960108624201824,0.9977689150474112
Pos66,ch03,239,263,19.75,21.75,24,0.3687865644035002,-4.425834018005217,1.8795347972643401,0.9978716060205718
Pos66,ch03,263,284,21.75,23.5,21,0.37664592018339454,-5.387464298471795,1.8403151167081315,0.9963302569176722
Pos66,ch03,284,313,23.5,25.916666666666668,29,0.3817777989555676,-6.282281324048687,1.8155774967957623,0.9970367607358878
Pos66,ch03,313,334,25.916666666666668,27.666666666666668,21,0.3697846516112135,-6.714889188601757,1.874461737499886,0.9962443393487577
Pos66,ch03,334,356,27.666666666666668,29.5,22,0.3806985321635966,-7.787296087306004,1.820724594393973,0.9958890731637421
Pos66,ch03,356,382,29.5,31.666666666666668,26,0.3782365927572603,-8.48124935095489,1.8325756783791254,0.9943627572604271
Pos66,ch03,382,409,31.666666666666668,33.916666666666664,27,0.369378362922509,-8.996353705327017,1.8765235058052359,0.9961155859658176
Pos66,ch03,409,436,33.916666666666664,36.166666666666664,27,0.3387493752395555,-8.79721035384399,2.0461947127423277,0.9934991700981478
Pos66,ch03,436,462,36.166666666666664,38.333333333333336,26,0.36371027724234306,-10.464602902867389,1.9057673756578943,0.993490694631077
Pos66,ch03,462,485,38.333333333333336,40.25,23,0.3580266895100405,-11.007906911434217,1.9360209751639386,0.9622994959010661
Pos66,ch03,485,516,40.25,42.833333333333336,31,0.3922530064686654,-13.180865587918957,1.767092078656423,0.9919030963317437
Pos66,ch03,516,540,42.833333333333336,44.833333333333336,24,0.37614291593477645,-13.302540996053404,1.8427761130031164,0.9894880133170102
Pos66,ch03,540,559,44.833333333333336,46.416666666666664,19,0.38102076735739815,-14.294345241815531,1.8191847792636773,0.9885991961956618
Pos66,ch03,559,588,46.416666666666664,48.833333333333336,29,0.3723712351917576,-14.63694867987256,1.8614412582190991,0.9966149625691882
Pos66,ch03,588,612,48.833333333333336,50.833333333333336,24,0.34654380631167997,-14.123117214457269,2.0001718915054907,0.997751937541288
Pos66,ch03,612,639,50.833333333333336,53.083333333333336,27,0.3524140464706614,-15.131391442786457,1.9668545777378657,0.9974813284314258
Pos66,ch03,639,660,53.083333333333336,54.833333333333336,21,0.3365987202548894,-15.028963286772862,2.0592686152670443,0.9901614344354154
Pos66,ch03,660,685,54.833333333333336,56.916666666666664,25,0.37446780016836045,-17.82231154501868,1.8510194474619897,0.9939671338753375
Pos66,ch03,685,707,56.916666666666664,58.75,22,0.3548971981213217,-17.46034583789755,1.9530928511951586,0.9888528746852712
Pos66,ch03,707,734,58.75,61.0,27,0.3791699884777524,-19.68170385203939,1.8280644608575485,0.9924225528002878
Pos66,ch03,734,763,61.0,63.416666666666664,29,0.3543776105885081,-19.05548776572715,1.955956470864085,0.9941452883188249
Pos66,ch03,763,790,63.416666666666664,65.66666666666667,27,0.3602395598186826,-20.20395738954712,1.9241284352801875,0.9944815318103571
Pos66,ch03,790,816,65.66666666666667,67.83333333333333,26,0.38242563442013516,-22.464797067146257,1.812501877942757,0.9943885802077553
Pos66,ch03,816,844,67.83333333333333,70.16666666666667,26,0.3803697356361612,-23.142811261863287,1.8222984523221062,0.9974696749054114
Pos66,ch03,844,863,70.16666666666667,71.75,19,0.3932854063515882,-24.887637156655316,1.762453346515196,0.9882532380210554
Pos66,ch03,863,896,71.75,74.5,30,0.388434981209694,-25.355566873071155,1.7844612717456425,0.9922303002868313
Pos66,ch03,896,920,74.5,76.5,24,0.35233647649729,-23.544151185134005,1.9672875980675724,0.9880684152786109
Pos66,ch03,920,948,76.5,78.83333333333333,28,0.3906917223983172,-27.26537266514616,1.7741537402045835,0.9968903153352642
Pos66,ch03,948,971,78.83333333333333,80.75,23,0.35492578534245706,-25.195842479487556,1.952935540851586,0.9956335414851027
Pos66,ch03,971,998,80.75,83.0,24,0.39272012188264654,-29.093039082600157,1.7649902358888374,0.9837310333503984
Pos66,ch03,998,1024,83.0,85.16666666666667,25,0.37539724413601755,-28.50181622281237,1.846436518614392,0.9870645687375664
Pos66,ch03,1024,1048,85.16666666666667,87.16666666666667,24,0.3627736587805744,-28.18401345406908,1.9106877354047338,0.9979094504004706
Pos66,ch03,1048,1080,87.16666666666667,89.83333333333333,32,0.36663968586586515,-29.36791957328164,1.8905405150645167,0.9985215263182696
Pos66,ch03,1080,1107,89.83333333333333,92.08333333333333,20,0.40281690653842234,-33.4402909395508,1.720749971783595,0.8898244870771023
Pos66,ch03,1107,1129,92.08333333333333,93.91666666666667,21,0.3857760008465609,-32.71166746902141,1.7967607602310094,0.9943007609708779
Pos66,ch03,1129,1154,93.91666666666667,96.0,25,0.3627939959018434,-31.36576644411984,1.9105806280969473,0.9961674577340554
Pos66,ch03,1154,1184,96.0,98.5,29,0.3220819660160951,-28.246962162371773,2.1520831766324577,0.978271602353071
Pos66,ch09,19,55,1.4166666666666667,4.416666666666667,36,0.3485928177019855,2.120487778379411,1.988414979773111,0.9942387196208509
Pos66,ch09,55,75,4.416666666666667,6.083333333333333,20,0.32978878100730247,1.4664598565326086,2.1017912690747265,0.9924529500726534
Pos66,ch09,75,99,6.083333333333333,8.083333333333334,24,0.26813977493190344,1.1358980298262258,2.585021863078599,0.9831210306525925
Pos66,ch09,99,150,8.083333333333334,12.333333333333334,51,0.20982333106652326,0.921630917970147,3.303480013574787,0.9940070716620605
Pos67,ch06,11,37,0.75,2.9166666666666665,26,0.35123254353092126,2.4219184986618534,1.973470833857749,0.9828251739738701
Pos67,ch06,37,63,2.9166666666666665,5.083333333333333,26,0.33592793687716244,1.790454024563414,2.063380577999995,0.9904808981424291
Pos67,ch06,63,83,5.083333333333333,6.75,20,0.3578451573330119,0.9292427923556011,1.9370031041523923,0.9823584302829738
Pos67,ch06,83,119,6.75,9.75,36,0.33308407937333523,0.39334664392253,2.080997632381689,0.9938376292561726
Pos67,ch06,119,138,9.75,11.333333333333334,19,0.34514943873285453,-0.5356769854221064,2.008252376433504,0.9863969283980252
Pos67,ch06,138,174,11.333333333333334,14.333333333333334,36,0.3328701392458511,-1.0946049822791852,2.0823351176237557,0.993950881122416
Pos67,ch06,174,197,14.333333333333334,16.25,23,0.3259097770598627,-1.7448061491397449,2.1268069550200357,0.9882988939067607
Pos67,ch06,197,219,16.25,18.083333333333332,22,0.3216926321065597,-2.2840062763819806,2.154687771432522,0.9794465424250162
Pos67,ch06,219,245,18.083333333333332,20.25,26,0.3420003969168596,-3.358401310112862,2.0267437897987284,0.9963704537544745
Pos67,ch06,245,281,20.25,23.25,36,0.3288826959346047,-3.873408563063979,2.107581788668417,0.9925924916516475
Pos67,ch06,281,299,23.25,24.75,14,0.31962072933435365,-4.440183411648211,2.1686552746547534,0.9836993473271025
Pos67,ch06,299,322,24.75,26.666666666666668,23,0.32203824632277156,-5.188977758026479,2.152375341981026,0.9848316414292155
Pos67,ch06,322,351,26.666666666666668,29.083333333333332,29,0.33992885548395557,-6.383601097123982,2.03909485581362,0.986639325064135
Pos67,ch06,351,377,29.083333333333332,31.25,26,0.3468430932283279,-7.382161261652908,1.9984459661811524,0.9929665999349162
Pos67,ch06,377,400,31.25,33.166666666666664,23,0.3484534883438446,-8.096792623518596,1.9892100488199624,0.9917670415129589
Pos67,ch06,400,420,33.166666666666664,34.833333333333336,20,0.314031313941923,-7.6642171843290905,2.207254976770043,0.9711438973627126
Pos67,ch06,420,447,34.833333333333336,37.083333333333336,27,0.3571415138045128,-9.827212416166917,1.9408194056638026,0.9943796034135476
Pos67,ch06,447,471,37.083333333333336,39.083333333333336,24,0.35727219345683203,-10.602060230819776,1.940109511051819,0.9919967075450917
Pos67,ch06,471,500,39.083333333333336,41.5,29,0.34151195679579854,-10.743916711087786,2.0296424964540885,0.9921065145752098
Pos67,ch06,500,526,41.5,43.666666666666664,26,0.3305484926446865,-11.103453288362655,2.096960645665457,0.9802237827000174
Pos67,ch06,526,554,43.666666666666664,46.0,28,0.3371891787351511,-12.121381582327906,2.055662590241027,0.9904652306414083
Pos67,ch06,554,584,46.0,48.5,30,0.3238025659762673,-12.244038040176466,2.140647584030414,0.9924366200625757
Pos67,ch06,584,618,48.5,51.333333333333336,34,0.3285172510367955,-13.155098585150133,2.1099262774553944,0.9991403906378202
Pos67,ch06,618,633,51.333333333333336,52.583333333333336,15,0.34626248457142517,-14.787230896571026,2.00179693569133,0.9897852146377604
Pos67,ch06,633,654,52.583333333333336,54.333333333333336,21,0.37628715332167295,-17.04208772821158,1.8420697449838297,0.9939259372694865
Pos67,ch06,654,680,54.333333333333336,56.5,26,0.3746312217566558,-17.69550420699642,1.8502119959723582,0.9965557287275945
Pos67,ch06,680,701,56.5,58.25,21,0.32821430068045365,-15.805972706108914,2.1118737944169803,0.9919339893518512
Pos67,ch06,701,729,58.25,60.583333333333336,28,0.3390590085380809,-17.135688916213653,2.0443260998980226,0.9898032428255586
Pos67,ch06,729,755,60.583333333333336,62.75,26,0.3705445518389094,-19.81628546667888,1.8706176548003444,0.9982285560367953
Pos67,ch06,755,779,62.75,64.75,24,0.3533796055465057,-19.48596688608649,1.961480429771789,0.9946197252450827
Pos67,ch06,779,802,64.75,66.66666666666667,23,0.35449775793447263,-20.30897074608194,1.9552935527678867,0.9955574143138011
Pos67,ch06,802,825,66.66666666666667,68.58333333333333,23,0.3423139684853919,-20.19788907942457,2.0248872215961735,0.975835723020467
Pos67,ch06,825,853,68.58333333333333,70.91666666666667,28,0.34046782745781184,-20.75746901423578,2.03586690036325,0.9955636869744418
Pos67,ch06,853,881,70.91666666666667,73.25,28,0.3472033650414249,-21.982752598315837,1.9963723003584535,0.9978482765730006
Pos67,ch06,881,904,73.25,75.16666666666667,23,0.352499923649218,-23.069238774528245,1.966375406224809,0.9978253070680557
Pos67,ch06,904,928,75.16666666666667,77.16666666666667,24,0.3569893348235978,-24.1408949247188,1.9416467466806986,0.9961260165785736
Pos67,ch06,928,955,77.16666666666667,79.41666666666667,27,0.34759089775421154,-24.174906479632355,1.9941465240844238,0.997656197347831
Pos67,ch06,955,978,79.41666666666667,81.33333333333333,23,0.36908874338387193,-26.628618226711655,1.8779959914383932,0.9983915644841405
Pos67,ch06,978,1009,81.33333333333333,83.91666666666667,31,0.3423788229403394,-25.19356425106176,2.0245036611996543,0.9956276589715073
Pos67,ch06,1009,1032,83.91666666666667,85.83333333333333,23,0.35266413142963565,-26.794558200973253,1.9654598207933816,0.9954367636124889
Pos67,ch06,1032,1056,85.83333333333333,87.83333333333333,24,0.3489217170925169,-27.188380872356866,1.9865406668744459,0.9955100053845921
Pos67,ch08,11,33,0.75,2.5833333333333335,22,0.3733881326965946,2.306325935081289,1.8563717479558421,0.9713379156277303
Pos67,ch08,33,56,2.5833333333333335,4.5,23,0.4003073999850943,1.4992593072342701,1.7315372650761767,0.9860943929031991
Pos67,ch08,56,88,4.5,7.166666666666667,31,0.3601909534747052,0.836189782347592,1.9243880887991882,0.9849690095275455
Pos67,ch08,88,109,7.166666666666667,8.916666666666666,21,0.31437195189401984,0.47846196505789745,2.2048633040698777,0.9747324127796249
Pos67,ch08,109,136,8.916666666666666,11.166666666666666,27,0.35509666694471537,-0.5832575285726364,1.951995738298103,0.9823029501820943
Pos67,ch08,136,156,11.166666666666666,12.833333333333334,20,0.35051523490084024,-1.241656852613019,1.9775094248215335,0.9806947653364216
Pos67,ch08,156,188,12.833333333333334,15.5,32,0.3383928449384485,-1.917897358611862,2.0483505810710163,0.9860636851892243
Pos67,ch08,188,216,15.5,17.833333333333332,28,0.3390689593834464,-2.6833734011050567,2.044266103922768,0.9753755568013912
Pos67,ch08,216,247,17.833333333333332,20.416666666666668,31,0.3247851221794298,-3.1744485420308,2.1341715898458284,0.9939549007328959
Pos67,ch08,247,271,20.416666666666668,22.416666666666668,24,0.3430645576162702,-4.255876874077334,2.0204569815552174,0.9875347565549404
Pos67,ch08,271,298,22.416666666666668,24.666666666666668,26,0.34969248870373704,-5.076448317246987,1.982162050804547,0.710286013480868
Pos67,ch08,298,321,24.666666666666668,26.583333333333332,23,0.34773356421913376,-5.856117083223954,1.9933283751784736,0.9850713007253904
Pos67,ch08,321,342,26.583333333333332,28.333333333333332,21,0.37710566937315726,-7.385050421397609,1.838071492566333,0.9759682856601973
Pos67,ch08,342,367,28.333333333333332,30.416666666666668,25,0.37348682580811093,-8.060198864202793,1.855881205609294,0.9808598116686439
Pos67,ch08,367,394,30.416666666666668,32.666666666666664,27,0.3725552223863474,-8.821370129749116,1.860521981466515,0.991028971851284
Pos67,ch08,394,420,32.666666666666664,34.833333333333336,26,0.3553632955612413,-9.013139059088983,1.9505311584451248,0.9804104652021984
Pos67,ch08,420,449,34.833333333333336,37.25,29,0.3543414576871096,-9.760795494715989,1.9561560340252584,0.992380398705195
Pos67,ch08,449,474,37.25,39.333333333333336,25,0.34092509713869706,-10.014928828676194,2.033136270627666,0.9825836709442768
Pos67,ch08,474,500,39.333333333333336,41.5,25,0.36105681311670046,-11.56641607699768,1.9197731641637985,0.987736774347687
Pos67,ch08,500,521,41.5,43.25,21,0.37108507784605665,-12.813322788897969,1.867892895567994,0.9752277555397031
Pos67,ch08,521,546,43.25,45.333333333333336,25,0.3890561801325603,-14.360968346947928,1.7816120549062457,0.9885334441280782
Pos67,ch08,546,574,45.333333333333336,47.666666666666664,28,0.364744352808222,-14.044052051089285,1.9003643928228093,0.9817108406252327
Pos67,ch08,574,597,47.666666666666664,49.583333333333336,23,0.3651021060770962,-14.864597883075115,1.8985022792872577,0.9943255822247167
Pos67,ch08,597,623,49.583333333333336,51.75,26,0.365115406306209,-15.628947473553078,1.898433121659698,0.994867913695378
Pos67,ch08,623,650,51.75,54.0,27,0.3566931767493625,-15.99686765604483,1.9432588727285882,0.9961325714212738
Pos67,ch08,650,673,54.0,55.916666666666664,23,0.37000317285468287,-17.5035199644414,1.8733546937236016,0.994224900276085
Pos67,ch08,673,702,55.916666666666664,58.333333333333336,29,0.37320057410825314,-18.502399392780397,1.8573047006055414,0.9927353347192356
Pos67,ch08,702,726,58.333333333333336,60.333333333333336,24,0.3430504093520823,-17.503265276409874,2.020540310297513,0.9910801739497508
Pos67,ch08,726,752,60.333333333333336,62.5,26,0.3396214318101966,-18.012882820970344,2.040940634592586,0.9931070814278088
Pos67,ch08,752,789,62.5,65.58333333333333,37,0.3316518913412847,-18.35888036810976,2.089984102779217,0.9964040283591453
Pos67,ch08,789,816,65.58333333333333,67.83333333333333,27,0.3202138457628934,-18.40878133171076,2.1646383806688836,0.9903583888705406
Pos67,ch08,816,852,67.83333333333333,70.83333333333333,36,0.30054302147414325,-17.984142202754757,2.306316004810576,0.9946847757712592
Pos67,ch08,852,893,70.83333333333333,74.25,41,0.29581885288770404,-18.471250555373633,2.3431474153646024,0.9953009069945913
Pos67,ch08,893,917,74.25,76.25,24,0.320388836315996,-21.04967839431152,2.1634560945697303,0.9952286604720854
Pos67,ch08,917,941,76.25,78.25,24,0.34988729239867483,-24.016349986221446,1.9810584597343626,0.9967303682100123
Pos67,ch08,941,962,78.25,80.0,21,0.3730871031875097,-26.57553941785298,1.8578695822985247,0.9937909981463058
Pos67,ch08,962,984,80.0,81.83333333333333,22,0.3805446211424781,-27.92243461608287,1.8214609852557264,0.9957675407205615
Pos67,ch08,984,1015,81.83333333333333,84.41666666666667,31,0.36047199460470775,-27.088681890291785,1.9228877442200412,0.9975406577473939
Pos67,ch08,1015,1049,84.41666666666667,87.25,33,0.34070188654326317,-26.213873104466305,2.0344682783901398,0.9982038919867199
Pos67,ch08,1049,1071,87.25,89.08333333333333,22,0.32043634330384835,-25.165778858970928,2.1631353466753307,0.996975014923652
Pos67,ch08,1071,1097,89.08333333333333,91.25,24,0.3531805528901563,-28.864511320698696,1.962585920679282,0.9947744091513382
Pos67,ch08,1097,1123,91.25,93.41666666666667,26,0.35075924836189337,-29.47267706688187,1.9761337264721117,0.9979574738401511
Pos67,ch08,1123,1154,93.41666666666667,96.0,31,0.33620840981959904,-28.885274254306427,2.0616592575178907,0.9934754820940833
Pos67,ch08,1154,1180,96.0,98.16666666666667,26,0.3337176889660988,-29.34536683239633,2.077046568036013,0.9938441653407215
Pos69,ch00,28,55,2.1666666666666665,4.416666666666667,27,0.35618415298850786,1.9586067420579423,1.9460359893729169,0.995371999128639
Pos69,ch00,55,80,4.416666666666667,6.5,25,0.3370303017008683,1.3252195175152284,2.0566316353808123,0.9954987589170692
Pos69,ch00,80,107,6.5,8.75,27,0.333412827016018,0.6095881682798449,2.078945752517928,0.9946423253813831
Pos69,ch00,107,133,8.75,10.916666666666666,26,0.3469218524318822,-0.1957681441699059,1.9979922731908162,0.9984389253951563
Pos69,ch00,133,158,10.916666666666666,13.0,25,0.36313400732445966,-1.094094490257724,1.908791703831306,0.9947954373978731
Pos69,ch00,158,176,13.0,14.5,18,0.35720449556221767,-1.7559969627674976,1.940477203314518,0.9974040254897223
Pos69,ch00,176,201,14.5,16.583333333333332,25,0.3445789670456564,-2.276821426267508,2.0115771618414073,0.9979642797969934
Pos69,ch00,201,229,16.583333333333332,18.916666666666668,28,0.34180845285653266,-2.95804116767567,2.0278819168081843,0.9984657593568392
Pos69,ch00,229,255,18.916666666666668,21.083333333333332,26,0.3329704032257711,-3.5365010842405393,2.081708085297767,0.9969219592023523
Pos69,ch00,255,278,21.083333333333332,23.0,23,0.34802941857631203,-4.607127171294529,1.9916338779503482,0.9971167511253665
Pos69,ch00,278,302,23.0,25.0,24,0.3581648137613653,-5.590216163666167,1.9352743595348507,0.9968826585560341
Pos69,ch00,302,330,25.0,27.333333333333332,28,0.33930919130470477,-5.858782186980367,2.042818757413172,0.9982685126938059
Pos69,ch00,330,355,27.333333333333332,29.416666666666668,25,0.34272774248020305,-6.667686366929385,2.022442582394635,0.9973237389316181
Pos69,ch00,355,386,29.416666666666668,32.0,31,0.328725006606428,-6.987444628744273,2.1085927952838355,0.9972650156624111
Pos69,ch00,386,410,32.0,34.0,24,0.34751737644118347,-8.341090644445977,1.9945684088037505,0.9976670898146375
Pos69,ch00,410,438,34.0,36.333333333333336,28,0.34104491058668207,-8.812985256080463,2.0324220037987364,0.9971631474465681
Pos69,ch00,438,459,36.333333333333336,38.083333333333336,21,0.34943887056473605,-9.858489998619097,1.9836006779661761,0.9975719030363334
Pos69,ch00,459,486,38.083333333333336,40.333333333333336,27,0.3595186777317552,-10.957040733224137,1.927986565073867,0.9967491426092369
Pos69,ch00,486,508,40.333333333333336,42.166666666666664,22,0.3599033141313846,-11.695059493379562,1.9259260844341886,0.9969023646990257
Pos69,ch00,508,534,42.166666666666664,44.333333333333336,26,0.3573722253148783,-12.308243362138796,1.9395664560927137,0.9990664146747943
Pos69,ch00,534,555,44.333333333333336,46.083333333333336,21,0.3593402876214503,-13.131399742110814,1.9289436905280888,0.9985183878128009
Pos69,ch00,555,580,46.083333333333336,48.166666666666664,25,0.3540055072426183,-13.538398411495288,1.958012421781042,0.9974527216940939
Pos69,ch00,580,604,48.166666666666664,50.166666666666664,24,0.32825016460546336,-13.04219020969156,2.11164305551245,0.9898369793149873
Pos69,ch00,604,633,50.166666666666664,52.583333333333336,29,0.33732667814916906,-14.242881863515919,2.054824671333671,0.9978320178451247
Pos69,ch00,633,656,52.583333333333336,54.5,23,0.34887858195884963,-15.590213616102305,1.9867862815427926,0.9969802776053917
Pos69,ch00,656,682,54.5,56.666666666666664,26,0.33987026658289327,-15.833052157805152,2.039446367371148,0.9978829333976543
Pos69,ch00,682,703,56.666666666666664,58.416666666666664,21,0.36729100151101796,-18.17289124288305,1.8871880272273764,0.9975849250429855
Pos69,ch00,703,732,58.416666666666664,60.833333333333336,29,0.311924037849766,-15.608484452907373,2.222166606133094,0.996424760658625
Pos69,ch00,732,757,60.833333333333336,62.916666666666664,25,0.33993585847603425,-18.065558521392227,2.0390528485797055,0.9982091931643644
Pos69,ch00,757,789,62.916666666666664,65.58333333333333,32,0.34132075604208106,-18.910207011811977,2.0307794597598043,0.9987328603552847
Pos69,ch00,789,813,65.58333333333333,67.58333333333333,24,0.3433395715946194,-19.703117037865745,2.018838601506567,0.9958935730080164
Pos69,ch00,813,834,67.58333333333333,69.33333333333333,21,0.38646497845243927,-23.42341169842942,1.793557551671524,0.9981875641404213
Pos69,ch00,834,865,69.33333333333333,71.91666666666667,31,0.3559861923926654,-22.10228337793205,1.9471181618060607,0.997226873171853
Pos69,ch00,865,889,71.91666666666667,73.91666666666667,24,0.3656065708114051,-23.565745792798484,1.895882721750915,0.9977235609965392
Pos69,ch00,889,915,73.91666666666667,76.08333333333333,26,0.35241073218657365,-23.310209524255658,1.9668730752302361,0.9967340030874817
Pos69,ch00,915,936,76.08333333333333,77.83333333333333,21,0.3566352428424886,-24.39475069298509,1.9435745470227699,0.9948316090491222
Pos69,ch00,936,962,77.83333333333333,80.0,26,0.347832596076674,-24.440746267255708,1.9927608521403566,0.9970582101371449
Pos69,ch00,962,989,80.0,82.25,27,0.358107512015009,-26.03292597977616,1.9355840279912757,0.9984435366752606
Pos69,ch00,989,1011,82.25,84.08333333333333,22,0.3670793442313352,-27.510770985000775,1.8882761763983116,0.9973124195326134
Pos69,ch00,1011,1036,84.08333333333333,86.16666666666667,25,0.34486842867893125,-26.383256833895597,2.0098887660292553,0.9974731630028361
Pos69,ch00,1036,1065,86.16666666666667,88.58333333333333,29,0.3317371137017983,-25.989835545008066,2.0894471915585,0.9970347294108856
Pos69,ch00,1065,1097,88.58333333333333,91.25,32,0.32261782836674796,-25.956798807306292,2.148508605581413,0.9979440703374431
Pos69,ch00,1097,1124,91.25,93.5,27,0.3212251136692026,-26.510561750846566,2.1578237536986222,0.9981693356586634
Pos69,ch00,1124,1148,93.5,95.5,24,0.335596816666695,-28.549359393438994,2.0654164346509845,0.99606168559707
Pos69,ch00,1148,1176,95.5,97.83333333333333,28,0.32932015638233714,-28.67938352248297,2.104782131085863,0.9985847521235174
Pos69,ch00,1176,1200,97.83333333333333,99.83333333333333,24,0.34134179025345585,-30.53754022847231,2.0306543187848876,0.9964261454305026
Pos69,ch01,22,48,1.6666666666666667,3.8333333333333335,26,0.3937125692434046,2.108466157541096,1.7605411528820698,0.9984835447580072
Pos69,ch01,48,68,3.8333333333333335,5.5,20,0.3675190396526719,1.4263443710494572,1.886017065170316,0.9940037090855143
Pos69,ch01,68,94,5.5,7.666666666666667,26,0.37381628107599413,0.6427305903777353,1.8542455629936394,0.9963245031163672
Pos69,ch01,94,118,7.666666666666667,9.666666666666666,24,0.34931063278465185,0.09471246618397518,1.9843288909767223,0.9954678269374689
Pos69,ch01,118,145,9.666666666666666,11.916666666666666,27,0.37121645560857414,-0.8012259564835474,1.8672318268423642,0.9960593727014271
Pos69,ch01,145,166,11.916666666666666,13.666666666666666,21,0.37986776765493296,-1.546643713065339,1.8247064888895532,0.9971281115323145
Pos69,ch01,166,189,13.666666666666666,15.583333333333334,23,0.37197126285828613,-2.17003053279839,1.863442824141017,0.9984852656496515
Pos69,ch01,189,213,15.583333333333334,17.583333333333332,24,0.3770778780654574,-3.0314119689522308,1.838206961691932,0.997766291218779
Pos69,ch01,213,237,17.583333333333332,19.583333333333332,24,0.3943603660236295,-4.087830101368072,1.7576491967207803,0.9974221695160804
Pos69,ch01,237,259,19.583333333333332,21.416666666666668,22,0.38086943676546237,-4.597523199505702,1.8199075947035943,0.9990042127250754
Pos69,ch01,259,281,21.416666666666668,23.25,22,0.4024638604842052,-5.79230576829708,1.7222594339924542,0.9951805795418549
Pos69,ch01,281,309,23.25,25.583333333333332,28,0.36610206246950766,-5.736525251514303,1.8933167868118115,0.9966837757185825
Pos69,ch01,309,330,25.583333333333332,27.333333333333332,21,0.3837795795664649,-6.890208315837417,1.8061075092712235,0.9983826667260152
Pos69,ch01,330,356,27.333333333333332,29.5,26,0.3637072494953819,-7.104500142814203,1.905783240564047,0.9985245348837636
Pos69,ch01,356,378,29.5,31.333333333333332,22,0.34655632070879416,-7.3452836113787825,2.0000996638649853,0.9952230318454613
Pos69,ch01,378,402,31.333333333333332,33.333333333333336,24,0.3826012558860868,-9.153223245406009,1.8116699041006765,0.9986250390173627
Pos69,ch01,402,425,33.333333333333336,35.25,23,0.35910727753174326,-9.091683893091854,1.930195303543172,0.9940438814226992
Pos69,ch01,425,452,35.25,37.5,27,0.35725597942134046,-9.759519670453638,1.940197562774622,0.9990687246973459
Pos69,ch01,452,472,37.5,39.166666666666664,20,0.35899138143737663,-10.544482384859176,1.930818444121505,0.9970595408011785
Pos69,ch01,472,496,39.166666666666664,41.166666666666664,24,0.34389342504236947,-10.637300696810948,2.0155871851127887,0.9927996578528857
Pos69,ch01,496,516,41.166666666666664,42.833333333333336,20,0.36886509222016517,-12.380404638154966,1.8791346624532996,0.9938283333355473
Pos69,ch01,516,543,42.833333333333336,45.083333333333336,27,0.3547488597007904,-12.59323568583576,1.9539095379885754,0.9929499034256711
Pos69,ch01,543,568,45.083333333333336,47.166666666666664,25,0.40412253127763154,-15.55207735764462,1.7151906338123828,0.9990751836909832
Pos69,ch01,568,593,47.166666666666664,49.25,25,0.3700592016534761,-14.731667831890912,1.873071058530276,0.9974143049092757
Pos69,ch01,593,617,49.25,51.25,24,0.3453982427016403,-14.257157864619147,2.006805753087445,0.9953196930731689
Pos69,ch01,617,645,51.25,53.583333333333336,28,0.3579036695056648,-15.634531597681367,1.9366864316236756,0.997404206651901
Pos69,ch01,645,668,53.583333333333336,55.5,23,0.3620469764699255,-16.577936324299536,1.9145227708248065,0.9977130028974281
Pos69,ch01,668,699,55.5,58.083333333333336,31,0.36495989399146317,-17.460830777098753,1.8992420591183063,0.9981012887140555
Pos69,ch01,699,716,58.083333333333336,59.5,17,0.33615982455350746,-16.55964789409909,2.061957229661795,0.9978287060137342
Pos69,ch01,716,742,59.5,61.666666666666664,26,0.3716816859251354,-19.392328583061694,1.8648946310999028,0.9981398598059066
Pos69,ch01,742,761,61.666666666666664,63.25,19,0.39242656306922136,-21.406909299074638,1.7663105553781762,0.9972505014433453
Pos69,ch01,761,787,63.25,65.41666666666667,26,0.36474211282192565,-20.433971146406925,1.9003760635075158,0.9986586912440583
Pos69,ch01,787,812,65.41666666666667,67.5,25,0.402552993213277,-23.658518535022957,1.721878093681714,0.9982065250979246
Pos69,ch01,812,837,67.5,69.58333333333333,25,0.40222652023527083,-24.442117657919216,1.7232756809633258,0.9985485557528158
Pos69,ch01,837,863,69.58333333333333,71.75,26,0.36686396096094787,-22.737813628952658,1.8893847701593391,0.9983018310494272
Pos69,ch01,863,887,71.75,73.75,24,0.3624116130281968,-23.211040881969417,1.9125964942685658,0.9977678410297003
Pos69,ch01,887,910,73.75,75.66666666666667,23,0.3617869420957613,-23.912504767658998,1.9158988341167835,0.9979799659341334
Pos69,ch01,910,937,75.66666666666667,77.91666666666667,27,0.3712857946445635,-25.399171298283633,1.866883114188367,0.996602543834192
Pos69,ch01,937,961,77.91666666666667,79.91666666666667,24,0.37402883701954637,-26.39212571393428,1.853191818265398,0.9978884120747974
Pos69,ch01,961,985,79.91666666666667,81.91666666666667,24,0.3729845264973738,-27.063789378619585,1.8583805260479775,0.9965428605798049
Pos69,ch01,985,1006,81.91666666666667,83.66666666666667,21,0.40071733262055,-30.13015310962267,1.7297659076212333,0.9976808612106476
Pos69,ch01,1006,1033,83.66666666666667,85.91666666666667,27,0.3709887391762339,-28.43647858623569,1.868377951576244,0.9984947878587174
Pos69,ch01,1033,1066,85.91666666666667,88.66666666666667,33,0.34356028306771424,-26.849643131249493,2.0175416505386012,0.998530485267418
Pos69,ch01,1066,1085,88.66666666666667,90.25,19,0.3547751732777666,-28.575324804175846,1.953764617055813,0.9953810541805146
Pos69,ch01,1085,1116,90.25,92.83333333333333,31,0.3720326869171463,-30.916703467340465,1.863135162406611,0.9975317211448479
Pos69,ch01,1116,1139,92.83333333333333,94.75,23,0.34419822741678846,-29.13868356579864,2.013802295735288,0.9977846747440623
Pos69,ch01,1139,1167,94.75,97.08333333333333,28,0.35533962587625795,-30.909431153442664,1.9506610861388256,0.9989573630326628
Pos69,ch01,1167,1192,97.08333333333333,99.16666666666667,25,0.3472917868139335,-30.947710943883646,1.995864016592217,0.9948650982004547
Pos69,ch02,7,30,0.4166666666666667,2.3333333333333335,23,0.3235759235555384,2.6771718021456894,2.14214695872134,0.9947750639664344
Pos69,ch02,30,58,2.3333333333333335,4.666666666666667,28,0.294925659746932,2.1012673860299578,2.3502437229595983,0.9940556853569228
Pos69,ch02,58,82,4.666666666666667,6.666666666666667,24,0.31613509113262545,1.3157782963473073,2.1925664059519265,0.9987984340521472
Pos69,ch02,82,107,6.666666666666667,8.75,25,0.33309550865269794,0.5399268123834954,2.080926228527012,0.9977871881916187
Pos69,ch02,107,132,8.75,10.833333333333334,25,0.30731657198842327,0.1034719977134392,2.25548259918133,0.9962628305237505
Pos69,ch02,132,162,10.833333333333334,13.333333333333334,30,0.3034594367737991,-0.497067665060922,2.2841510151375597,0.9959299913416685
Pos69,ch02,162,185,13.333333333333334,15.25,23,0.30270875044448337,-1.0924478547529277,2.2898154729328453,0.9954575898780259
Pos69,ch02,185,213,15.25,17.583333333333332,28,0.29757272159944526,-1.6381074168022354,2.3293371006397967,0.9928381778905996
Pos69,ch02,213,234,17.583333333333332,19.333333333333332,21,0.3038410957077565,-2.3584624286291946,2.2812818619724666,0.993494268784347
Pos69,ch02,234,259,19.333333333333332,21.416666666666668,25,0.3070723811539536,-3.022317246105277,2.2572762094563936,0.9974063322528312
Pos69,ch02,259,282,21.416666666666668,23.333333333333332,23,0.3159068981752311,-3.9096191761368524,2.1941501897038727,0.9937745613421002
Pos69,ch02,282,310,23.333333333333332,25.666666666666668,28,0.3036999151421579,-4.302040583315853,2.282342358362176,0.9929180951483451
Pos69,ch02,310,334,25.666666666666668,27.666666666666668,24,0.28578853280870614,-4.460797818553947,2.4253848597344057,0.9939003457942261
Pos69,ch02,334,361,27.666666666666668,29.916666666666668,27,0.3171250069213817,-5.931189845139204,2.1857222402261804,0.9924850864152328
Pos69,ch02,361,382,29.916666666666668,31.666666666666668,21,0.3159211895600738,-6.542085719829126,2.1940509325289823,0.9934488555324476
Pos69,ch02,382,407,31.666666666666668,33.75,25,0.3050295812959837,-6.799550451533037,2.2723933121992976,0.9980242175108328
Pos69,ch02,407,431,33.75,35.75,24,0.3285529834599148,-8.244899168671019,2.1096968082912353,0.9925000553230396
Pos69,ch02,431,453,35.75,37.583333333333336,22,0.31209735507257347,-8.272959516091248,2.22093256893755,0.9935584356135047
Pos69,ch02,453,477,37.583333333333336,39.583333333333336,24,0.32550902010244753,-9.47023973193839,2.1294254160508084,0.9974873519491396
Pos69,ch02,477,506,39.583333333333336,42.0,29,0.3106533867987592,-9.605995927017306,2.231255830502067,0.9960214288209217
Pos69,ch02,506,534,42.0,44.333333333333336,28,0.3075167792950701,-10.09815242072581,2.254014178181975,0.9971706783590562
Pos69,ch02,534,558,44.333333333333336,46.333333333333336,22,0.322437356000098,-11.367164772549074,2.1497111536906868,0.9960211691037597
Pos69,ch02,558,584,46.333333333333336,48.5,26,0.30026642047959573,-10.986097171162623,2.3084405490724773,0.9957171197285706
Pos69,ch02,584,609,48.5,50.583333333333336,25,0.30247624450984945,-11.71586343271137,2.2915755968974105,0.997017703848046
Pos69,ch02,609,631,50.583333333333336,52.416666666666664,22,0.30445154146924,-12.422705841397082,2.2767077388241006,0.9982066020379797
Pos69,ch02,631,652,52.416666666666664,54.166666666666664,21,0.3417647441200351,-15.038973740039989,2.0281412652573,0.9978769955865486
Pos69,ch02,652,677,54.166666666666664,56.25,25,0.3362546438268968,-15.501876442036291,2.061375785539414,0.9935136606342204
Pos69,ch02,677,704,56.25,58.5,27,0.272673023539512,-12.609954657302344,2.5420453096619,0.9934724931135884
Pos69,ch02,704,734,58.5,61.0,30,0.2952630793158765,-14.626101346188648,2.34755792077345,0.9917948699561354
Pos69,ch02,734,759,61.0,63.083333333333336,25,0.3068516274293772,-15.93116474392115,2.258900128269566,0.9892958450375867
Pos69,ch02,759,787,63.083333333333336,65.41666666666667,28,0.30746098476847095,-16.626784611234314,2.254423211068259,0.9973580682492392
Pos69,ch02,787,811,65.41666666666667,67.41666666666667,24,0.3201660057579609,-18.10294695777631,2.1649618263468944,0.9953829559697437
Pos69,ch02,811,840,67.41666666666667,69.83333333333333,29,0.32806496757466486,-19.26429954748892,2.112835106059262,0.997249079673975
Pos69,ch02,840,862,69.83333333333333,71.66666666666667,22,0.2936181184343404,-17.553603570484313,2.36070983717222,0.9952950341032746
Pos69,ch02,862,886,71.66666666666667,73.66666666666667,24,0.3060051851308591,-19.05809634627312,2.265148481923697,0.992764880867549
Pos69,ch02,886,908,73.66666666666667,75.5,22,0.3003814259306398,-19.23451986428233,2.3075567286240855,0.9930635604628988
Pos69,ch02,908,934,75.5,77.66666666666667,26,0.3254830010803803,-21.831529350301917,2.1295956417360418,0.9928816157907108
Pos69,ch02,934,962,77.66666666666667,80.0,28,0.31691859825135404,-21.80521340481161,2.1871457982727707,0.9963641499047716
Pos69,ch02,962,985,80.0,81.91666666666667,23,0.3224647317493454,-22.88212768811652,2.1495286532566746,0.9963397455693724
Pos69,ch02,985,1008,81.91666666666667,83.83333333333333,23,0.2952241994541859,-21.29352820183176,2.3478670848847902,0.995480532630452
Pos69,ch02,1008,1036,83.83333333333333,86.16666666666667,28,0.30174801382630645,-22.426214106024975,2.297106024893134,0.9936788877027114
Pos69,ch02,1036,1065,86.16666666666667,88.58333333333333,29,0.3001472221516854,-22.91103033006253,2.3093573066941446,0.9958511758366263
Pos69,ch02,1065,1089,88.58333333333333,90.58333333333333,24,0.2849842735225544,-22.24379936298757,2.432229582328471,0.9944524990766168
Pos69,ch02,1089,1114,90.58333333333333,92.66666666666667,25,0.2830540962967074,-22.776886286229907,2.4488152251764754,0.9937890000707885
Pos69,ch02,1114,1144,92.66666666666667,95.16666666666667,30,0.2941745849216905,-24.450245625848414,2.3562442715588823,0.9931508419534848
Pos69,ch02,1144,1175,95.16666666666667,97.75,31,0.29446067617733857,-25.16498558691914,2.3539549985360297,0.9941281897272368
Pos69,ch02,1175,1199,97.75,99.75,24,0.2946253014131554,-25.897625569847715,2.352639699426016,0.9945376406072381
Pos70,ch04,13,43,0.9166666666666666,3.4166666666666665,30,0.36339023230758044,2.294305050072648,1.9074458225207667,0.9957248806237052
Pos70,ch04,43,70,3.4166666666666665,5.666666666666667,27,0.34591693675766255,1.5711281503196461,2.0037965965382614,0.9973935149647162
Pos70,ch04,70,91,5.666666666666667,7.416666666666667,21,0.3674409098540605,0.695428517203777,1.8864180932799457,0.9946307795240681
Pos70,ch04,91,113,7.416666666666667,9.25,22,0.33782910455655235,0.19094732491938712,2.051768693729918,0.9944674401800523
Pos70,ch04,113,144,9.25,11.833333333333334,31,0.36728856495727297,-0.7749075804921837,1.887200546634442,0.9966017044542131
Pos70,ch04,144,167,11.833333333333334,13.75,23,0.3541535162934438,-1.3358289736803526,1.9571941225217675,0.9973336756851723
Pos70,ch04,167,185,13.75,15.25,18,0.34852110546063164,-2.006332073326129,1.9888241191127578,0.9959844788006018
Pos70,ch04,185,215,15.25,17.75,30,0.36543798336485117,-3.0262498314424415,1.8967573490244203,0.9980664929417312
Pos70,ch04,215,238,17.75,19.666666666666668,23,0.3559430559513002,-3.607883509964018,1.9473541314282052,0.9980760874397892
Pos70,ch04,238,264,19.666666666666668,21.833333333333332,26,0.36790474512130855,-4.571726934066726,1.8840397949512588,0.9976246232245852
Pos70,ch04,264,294,21.833333333333332,24.333333333333332,30,0.34513382595412284,-4.8477869355975,2.008343223512616,0.9972400440706557
Pos70,ch04,294,315,24.333333333333332,26.083333333333332,21,0.3244686247968804,-5.06424261489923,2.136253331100535,0.9936136027847587
Pos70,ch04,315,339,26.083333333333332,28.083333333333332,24,0.3530787975036102,-6.5365123548464075,1.9631515272532272,0.9966001784285258
Pos70,ch04,339,368,28.083333333333332,30.5,29,0.3457963140945713,-7.0695923315225695,2.0044955724148568,0.9960693590553386
Pos70,ch04,368,389,30.5,32.25,21,0.3348104928804372,-7.420860753971937,2.0702671968153408,0.9972443226965931
Pos70,ch04,389,412,32.25,34.166666666666664,23,0.37897834228510346,-9.592876549292162,1.8289888978365265,0.9977066177716098
Pos70,ch04,412,436,34.166666666666664,36.166666666666664,24,0.3528261843431427,-9.343184570264345,1.9645570859497825,0.9981699231227076
Pos70,ch04,436,461,36.166666666666664,38.25,25,0.33216375454690034,-9.320659516021662,2.0867634444506358,0.9954930051325492
Pos70,ch04,461,493,38.25,40.916666666666664,32,0.3460236859375664,-10.628290872325026,2.0031784202339575,0.9984810071534992
Pos70,ch04,493,516,40.916666666666664,42.833333333333336,23,0.3613261049717109,-12.067712910527245,1.9183423810859541,0.9986936172455756
Pos70,ch04,516,542,42.833333333333336,45.0,26,0.3464470597199047,-12.1971114217894,2.0007304467249356,0.9943559249293613
Pos70,ch04,542,576,45.0,47.833333333333336,34,0.3664054224467559,-13.89034998210191,1.891749243041483,0.9982527246854362
Pos70,ch04,576,598,47.833333333333336,49.666666666666664,22,0.36397530318992094,-14.525624203137177,1.9043797051204425,0.9955033317359131
Pos70,ch04,598,617,49.666666666666664,51.25,19,0.33793501429581624,-13.981924605043746,2.051125663921848,0.9969861219263125
Pos70,ch04,617,641,51.25,53.25,24,0.3252899923574398,-13.976691524840012,2.1308592236009876,0.9960398203942137
Pos70,ch04,641,667,53.25,55.416666666666664,26,0.3453075873582506,-15.72475011806987,2.007332609928484,0.9864226880055667
Pos70,ch04,667,690,55.416666666666664,57.333333333333336,23,0.3575302734440673,-17.16297710775136,1.9387090605863968,0.9946167509184423
Pos70,ch04,690,712,57.333333333333336,59.166666666666664,22,0.3419036407733689,-16.919341227587687,2.027317342956867,0.9928892224435054
Pos70,ch04,712,739,59.166666666666664,61.416666666666664,27,0.350887423804356,-18.20112375161913,1.9754118658479558,0.9974638886894079
Pos70,ch04,739,764,61.416666666666664,63.5,25,0.37422639466217766,-20.466446055478638,1.8522135008292624,0.9912352296357412
Pos70,ch04,764,790,63.5,65.66666666666667,26,0.36782850294695735,-20.772610282630367,1.8844303119704142,0.9988934274281936
Pos70,ch04,790,815,65.66666666666667,67.75,25,0.35663168781767157,-20.753188293138287,1.9435939212286646,0.9951978247651787
Pos70,ch04,815,846,67.75,70.33333333333333,29,0.3496004355705977,-21.021633466749833,1.982683973000864,0.9980286533897963
Pos70,ch04,846,869,70.33333333333333,72.25,23,0.3325516908971101,-20.568903562887844,2.08432914200518,0.998132778940961
Pos70,ch04,869,889,72.25,73.91666666666667,20,0.30221175772075914,-19.061296010677534,2.293581116061033,0.9866050843927539
Pos70,ch04,889,922,73.91666666666667,76.66666666666667,33,0.35333235948236963,-23.558990490211357,1.9617427103914369,0.9958755752674799
Pos70,ch04,922,945,76.66666666666667,78.58333333333333,23,0.3299368643874939,-22.47880961404526,2.1008479360035364,0.9911730262400604
Pos70,ch04,945,966,78.58333333333333,80.33333333333333,21,0.3394163739805448,-23.898773657008967,2.042173665433348,0.9940469261549455
Pos70,ch04,966,991,80.33333333333333,82.41666666666667,25,0.3355676058796232,-24.324185824173785,2.065596226855685,0.9966245994075933
Pos70,ch04,991,1020,82.41666666666667,84.83333333333333,28,0.34447971422576856,-25.746407981706483,2.0121567451883786,0.9968727825959042
Pos70,ch04,1020,1043,84.83333333333333,86.75,23,0.327765242595388,-25.093017091939085,2.1147671884648416,0.9959617685570378
Pos70,ch04,1043,1077,86.75,89.58333333333333,26,0.3410416308885375,-26.96469145057385,2.0324415490098517,0.9981290197611773
Pos70,ch04,1077,1101,89.58333333333333,91.58333333333333,23,0.3358698513400661,-27.270642098765173,2.0637374202965844,0.9982456260671193
Pos70,ch04,1101,1124,91.58333333333333,93.5,23,0.31634277053711224,-26.177555612873842,2.1911269835029397,0.9964132663113502
Pos70,ch04,1124,1153,93.5,95.91666666666667,27,0.33158679019125703,-28.346442326412664,2.0903944338679556,0.9981256796030161
Pos70,ch04,1153,1190,95.91666666666667,99.0,35,0.3262773534865927,-28.56245368915597,2.124410944103198,0.9978744891662107
Pos70,ch07,19,43,1.4166666666666667,3.4166666666666665,24,0.35126990308250633,2.181389383003336,1.9732609440130109,0.9976175623256743
Pos70,ch07,43,69,3.4166666666666665,5.583333333333333,26,0.3634143264112935,1.467122893816446,1.9073193602595546,0.9983046404660224
Pos70,ch07,69,93,5.583333333333333,7.583333333333333,24,0.35069351841823126,0.8256999404230092,1.9765041101595424,0.9972129690489421
Pos70,ch07,93,116,7.583333333333333,9.5,23,0.3472971449308605,0.07548551169603981,1.995833224306915,0.9925100682844288
Pos70,ch07,116,141,9.5,11.583333333333334,25,0.35355643196150055,-0.7126555234923811,1.9604994221556784,0.9975050172797377
Pos70,ch07,141,172,11.583333333333334,14.166666666666666,31,0.3487032455049033,-1.5117713549569207,1.9877852858992062,0.9984424224392385
Pos70,ch07,172,197,14.166666666666666,16.25,25,0.3631416278458736,-2.5183028900645397,1.9087516478670803,0.9961669347981702
Pos70,ch07,197,221,16.25,18.25,24,0.3526817774316239,-3.0778142428419555,1.9653614814117497,0.9974164142738204
Pos70,ch07,221,254,18.25,21.0,32,0.3408522646199303,-3.6869892919719254,2.033570706455021,0.9979700261466866
Pos70,ch07,254,279,21.0,23.083333333333332,25,0.321654849369389,-4.016705628497592,2.154940868819092,0.9944203558252412
Pos70,ch07,279,303,23.083333333333332,25.083333333333332,24,0.32553305076602246,-4.790111569360942,2.129268223084808,0.9969223746615693
Pos70,ch07,303,330,25.083333333333332,27.333333333333332,27,0.3397352520079561,-5.911630803223186,2.040256866083808,0.9980368608839687
Pos70,ch07,330,365,27.333333333333332,30.25,35,0.3397484411727232,-6.663362652249797,2.040177662529905,0.9981300634972272
Pos70,ch07,365,386,30.25,32.0,21,0.3229442910599138,-6.8871947707932595,2.1463366894798277,0.9965507251133107
Pos70,ch07,386,412,32.0,34.166666666666664,26,0.35583967084647955,-8.697622531110747,1.9479199126704196,0.9977242152445197
Pos70,ch07,412,436,34.166666666666664,36.166666666666664,24,0.3562295650235826,-9.465270414594627,1.9457879093052215,0.9939037748467388
Pos70,ch07,436,460,36.166666666666664,38.166666666666664,24,0.39080038830404823,-11.482054753428567,1.7736604192436651,0.9954348221956295
Pos70,ch07,460,485,38.166666666666664,40.25,25,0.38241992314178586,-11.945620007690446,1.8125289468847947,0.9970118525952489
Pos70,ch07,485,512,40.25,42.5,27,0.37399571151529165,-12.432425637151944,1.853355958953568,0.9966153121943381
Pos70,ch07,512,537,42.5,44.583333333333336,25,0.36012893900586845,-12.617245720461597,1.924719469847021,0.9975323430521251
Pos70,ch07,537,562,44.583333333333336,46.666666666666664,25,0.36591837295733576,-13.61008435763606,1.8942672240203766,0.9977260305200205
Pos70,ch07,562,608,46.666666666666664,50.5,46,0.29974976537724,-11.250817645474832,2.312419426542697,0.9849205100229603
Pos70,ch07,608,623,50.5,51.75,15,0.22411469082113059,-8.20207742277866,3.0928234914914916,0.9798901692130896
Pos70,ch07,623,661,51.75,54.916666666666664,38,0.19950803133185577,-7.503965607864012,3.4742820924686724,0.9949790500165706
Pos71,ch05,17,42,1.25,3.3333333333333335,25,0.31654134712891707,2.3726938187121123,2.189752418908007,0.9924636152818432
Pos71,ch05,42,67,3.3333333333333335,5.416666666666667,25,0.3269386901912584,1.683290111345412,2.1201136523623307,0.9974241707143674
Pos71,ch05,67,90,5.416666666666667,7.333333333333333,23,0.31701061863852154,1.0630543025321393,2.186510923630359,0.9964233891644646
Pos71,ch05,90,122,7.333333333333333,10.0,24,0.3188931657159476,0.3291677470260836,2.173603121922539,0.9959352774132518
Pos71,ch05,122,149,10.0,12.25,27,0.32069902012805146,-0.38651897063210666,2.1613635747411375,0.9987758834499433
Pos71,ch05,149,172,12.25,14.166666666666666,23,0.31403452682246047,-0.9696676247993605,2.207232394391513,0.9917954842457154
Pos71,ch05,172,200,14.166666666666666,16.5,28,0.3201196000881005,-1.7038375032465325,2.1652756668732045,0.9957465855242814
Pos71,ch05,200,222,16.5,18.333333333333332,22,0.3025273176085176,-2.154533943494196,2.2911887297956524,0.9906652889101323
Pos71,ch05,222,253,18.333333333333332,20.916666666666668,31,0.32280661849165815,-3.1903080777956716,2.1472520724597763,0.9980434833548087
Pos71,ch05,253,278,20.916666666666668,23.0,21,0.3163060886352308,-3.7126640543017775,2.191381087701077,0.998094299261867
Pos71,ch05,278,303,23.0,25.083333333333332,25,0.30129445218116635,-4.084131997752647,2.300564034757469,0.9917284377548333
Pos71,ch05,303,324,25.083333333333332,26.833333333333332,21,0.31756215824423567,-5.169734185019743,2.1827134076436425,0.9885525372812398
Pos71,ch05,324,350,26.833333333333332,29.0,26,0.31482589168451786,-5.761181985990881,2.2016841653371295,0.9941867996990947
Pos71,ch05,350,383,29.0,31.75,33,0.32407426613780593,-6.723122815534477,2.1388528895571075,0.9970769236561878
Pos71,ch05,383,405,31.75,33.583333333333336,22,0.3087392164233443,-6.88862732773175,2.2450895243884386,0.9919818165349998
Pos71,ch05,405,429,33.583333333333336,35.583333333333336,24,0.3257320096214591,-8.104369531677225,2.127967654654107,0.9934621736435152
Pos71,ch05,429,454,35.583333333333336,37.666666666666664,25,0.31658779152450645,-8.419649531824899,2.18943117554263,0.9956051495846167
Pos71,ch05,454,481,37.666666666666664,39.916666666666664,27,0.31351682895747524,-8.972184911626043,2.210877109419738,0.992911830125703
Pos71,ch05,481,504,39.916666666666664,41.833333333333336,23,0.29948984416956725,-9.06872488244882,2.314426328818998,0.9914597293652946
Pos71,ch05,504,530,41.833333333333336,44.0,24,0.2809405102155902,-8.921849625970122,2.467238277698125,0.9930177340125125
Pos71,ch05,530,550,44.0,45.666666666666664,20,0.32831277919542684,-11.595865226509108,2.111240330816828,0.9931391630416899
Pos71,ch05,550,574,45.666666666666664,47.666666666666664,24,0.32081383472196234,-11.91087951432914,2.1605900542308927,0.9943002651134264
Pos71,ch05,574,599,47.666666666666664,49.75,25,0.3187488459633532,-12.42983187771759,2.17458726310067,0.9921575542395636
Pos71,ch05,599,626,49.75,52.0,27,0.2343195148071658,-8.868186654086728,2.9581282682766457,0.9849551853165676
Pos71,ch05,626,662,52.0,55.0,36,0.2226340945906501,-8.986037586776408,3.1133918721407516,0.9963404325894839
Pos71,ch08,23,53,1.75,4.25,30,0.3637718748760139,1.9918235962150674,1.9054446713237352,0.9956527541395179
Pos71,ch08,53,80,4.25,6.5,27,0.35582479731500816,1.1878237766856694,1.9480013360235515,0.9958952311146273
Pos71,ch08,80,107,6.5,8.75,27,0.3615483975188158,0.38950717023953485,1.9171629173764277,0.9987397417837237
Pos71,ch08,107,125,8.75,10.25,18,0.382918672233096,-0.5082173717722335,1.8101681396670108,0.9982830062805998
Pos71,ch08,125,148,10.25,12.166666666666666,23,0.3894757674843117,-1.3115544821942804,1.7796927008760968,0.9973865060234304
Pos71,ch08,148,172,12.166666666666666,14.166666666666666,24,0.3785035882219776,-1.9073454382594413,1.8312829841746217,0.9962752653279531
Pos71,ch08,172,196,14.166666666666666,16.166666666666668,24,0.3960864658331514,-2.9576646871230405,1.7499895612488023,0.9963890938713503
Pos71,ch08,196,224,16.166666666666668,18.5,28,0.3860566404526455,-3.658547823682588,1.795454624863442,0.9969582495381875
Pos71,ch08,224,248,18.5,20.5,24,0.3740886732269716,-4.271642386257687,1.852895396646748,0.9973097566105174
Pos71,ch08,248,279,20.5,23.083333333333332,31,0.3680313977461335,-5.009654332280536,1.8833914302009505,0.9978250308616757
Pos71,ch08,279,301,23.083333333333332,24.916666666666668,22,0.37132636908691763,-5.8418340314699035,1.8666791218312264,0.9974779343923154
Pos71,ch08,301,326,24.916666666666668,27.0,25,0.373604104899181,-6.671714382590052,1.8552986208408888,0.9974422123856306
Pos71,ch08,326,352,27.0,29.166666666666668,26,0.3756347905134919,-7.527107828726859,1.8452688570523903,0.9972584186794594
Pos71,ch08,352,379,29.166666666666668,31.416666666666668,27,0.3796848432420235,-8.429192646457684,1.8255855952567237,0.9926188672052969
Pos71,ch08,379,403,31.416666666666668,33.416666666666664,24,0.37691378659355507,-9.159159190875119,1.8390072351144864,0.9950808316450646
Pos71,ch08,403,426,33.416666666666664,35.333333333333336,23,0.3940775452859004,-10.514319347603724,1.758910622672175,0.997901638125883
Pos71,ch08,426,453,35.333333333333336,37.583333333333336,27,0.375995589491614,-10.717317417711234,1.8434981684150975,0.99533427163473
Pos71,ch08,453,481,37.583333333333336,39.916666666666664,28,0.3751058236486331,-11.477619147321178,1.8478710189507108,0.9957181463317126
Pos71,ch08,481,507,39.916666666666664,42.083333333333336,26,0.3677048115243696,-11.97937629370412,1.8850642113885065,0.9979274105537224
Pos71,ch08,507,530,42.083333333333336,44.0,23,0.36800933527409563,-12.71447468679862,1.8835043411159258,0.998031911052544
Pos71,ch08,530,554,44.0,46.0,24,0.3800134337691367,-13.980502230574295,1.8240070454484025,0.996869860709194
Pos71,ch08,554,574,46.0,47.666666666666664,20,0.38811049192786545,-15.096099606410025,1.7859532142943824,0.996806039611043
Pos71,ch08,574,598,47.666666666666664,49.666666666666664,24,0.38730740585606466,-15.803232991577657,1.7896564074933803,0.9965750276860417
Pos71,ch08,598,623,49.666666666666664,51.75,25,0.3711717134240056,-15.812010085257125,1.867456908733056,0.9975832389641185
Pos71,ch08,623,649,51.75,53.916666666666664,26,0.37232359328414805,-16.67329948235332,1.8616794451458591,0.9985391119600432
Pos71,ch08,649,673,53.916666666666664,55.916666666666664,24,0.3726305450959451,-17.490348563890784,1.8601458996912703,0.9981799173093008
Pos71,ch08,673,702,55.916666666666664,58.333333333333336,29,0.3822808106328493,-18.881028604375803,1.8131885286433034,0.9965506950736835
Pos71,ch08,702,751,58.333333333333336,62.416666666666664,48,0.3407896052345369,-17.25784877308101,2.033944609557296,0.9971279827467455
Pos71,ch08,751,763,62.416666666666664,63.416666666666664,12,0.326684505088032,-17.123258644458453,2.121763260161856,0.9940571615451521
Pos71,ch08,763,783,63.416666666666664,65.08333333333333,20,0.40348772349968154,-22.745799513480403,1.7178891455429681,0.9972021873974464
Pos71,ch08,783,807,65.08333333333333,67.08333333333333,24,0.37058367479991206,-21.451147112238434,1.870420171461125,0.9974489815621319
Pos71,ch08,807,838,67.08333333333333,69.66666666666667,31,0.35883405954820147,-21.529761881659333,1.9316649635563266,0.9961349920447724
Pos71,ch08,838,862,69.66666666666667,71.66666666666667,24,0.3689750662471115,-23.051423218843613,1.8785745812312638,0.996317425313828
Pos71,ch08,862,890,71.66666666666667,74.0,27,0.36887516098949213,-23.80493561870015,1.8790833698333254,0.9949619413040436
Pos71,ch08,890,914,74.0,76.0,24,0.3655992292627166,-24.379933880633004,1.8959207927154995,0.9977174039744577
Pos71,ch08,914,941,76.0,78.25,27,0.3854427393281362,-26.687823982834935,1.798314275599451,0.9959504375350557
Pos71,ch08,941,965,78.25,80.25,24,0.3753062749920979,-26.663837769251906,1.8468840697495388,0.9988316201222903
Pos71,ch08,965,992,80.25,82.5,27,0.3864818491055832,-28.397262666518213,1.793479259541071,0.9931737003697909
Pos71,ch08,992,1016,82.5,84.5,24,0.37452920080276714,-28.13922957963846,1.850715989765955,0.9971456783818435
Pos71,ch08,1016,1040,84.5,86.5,24,0.3636271909231984,-28.000691308928104,1.9062028304322949,0.9964708517502022
Pos71,ch08,1040,1069,86.5,88.91666666666667,29,0.3526744838599622,-27.77407553236645,1.965402126554684,0.9946903401544959
Pos71,ch08,1069,1091,88.91666666666667,90.75,22,0.36024508322360627,-29.213896323298062,1.9240989338630465,0.9964267295140098
Pos71,ch08,1091,1117,90.75,92.91666666666667,25,0.35779457635530976,-29.808388201698783,1.9372769358907551,0.9972947424403034
Pos71,ch08,1117,1151,92.91666666666667,95.75,33,0.3452799565589098,-29.46939259633631,2.0074932453882077,0.9959623525746909
Pos71,ch08,1151,1179,95.75,98.08333333333333,25,0.3378886249772387,-29.515031648482278,2.0514072665412693,0.9981962115342733
Pos71,ch09,25,47,1.9166666666666667,3.75,22,0.37972306064240213,1.9137102101299965,1.8254018583630482,0.9976151210506528
Pos71,ch09,47,74,3.75,6.0,27,0.3789987478865256,1.147185071588398,1.828890423583873,0.9968243992293383
Pos71,ch09,74,102,6.0,8.333333333333334,28,0.3633674177339714,0.43816883230814757,1.9075655843953854,0.9987116960419572
Pos71,ch09,102,127,8.333333333333334,10.416666666666666,25,0.36197518696279035,-0.2834214739914559,1.9149024726692057,0.9960662799959714
Pos71,ch09,127,151,10.416666666666666,12.416666666666666,24,0.36888947651287474,-1.1669782188621944,1.8790104480948877,0.9957467370553603
Pos71,ch09,151,175,12.416666666666666,14.416666666666666,24,0.3619796045097922,-1.875859275822016,1.9148791034749981,0.9981769144307833
Pos71,ch09,175,201,14.416666666666666,16.583333333333332,26,0.36967156186042127,-2.800550142887755,1.8750351719553162,0.9982224382729132
Pos71,ch09,201,226,16.583333333333332,18.666666666666668,25,0.3799935268288163,-3.701140504461393,1.8241026007587806,0.9929769010764006
Pos71,ch09,226,253,18.666666666666668,20.916666666666668,27,0.3660471773707329,-4.259468015270995,1.89360067065324,0.9970896893120523
Pos71,ch09,253,283,20.916666666666668,23.416666666666668,30,0.36978574097009254,-5.149419945409478,1.8744562154872422,0.9965342215714983
Pos71,ch09,283,303,23.416666666666668,25.083333333333332,20,0.35868003398881915,-5.718794694023454,1.9324944654754668,0.9960883671858985
Pos71,ch09,303,332,25.083333333333332,27.5,29,0.37290872744263276,-6.796534214905231,1.8587582685808208,0.998074283719155
Pos71,ch09,332,352,27.5,29.166666666666668,20,0.37685589628877375,-7.660501340532448,1.8392897321919748,0.9968849863538544
Pos71,ch09,352,378,29.166666666666668,31.333333333333332,26,0.36195428687337433,-8.034940747526962,1.9150130436290014,0.9950869028821723
Pos71,ch09,378,406,31.333333333333332,33.666666666666664,28,0.3796050187613437,-9.406077473299792,1.8259694848653314,0.9948675182215674
Pos71,ch09,406,431,33.666666666666664,35.75,25,0.3602165467552105,-9.557429708667087,1.9242513615871784,0.9970664614472395
Pos71,ch09,431,454,35.75,37.666666666666664,23,0.380844327614628,-11.05831188342202,1.8200275816142204,0.9923453300381083
Pos71,ch09,454,482,37.666666666666664,40.0,28,0.38949629658918183,-12.109017372610877,1.7795988989621558,0.997606460675344
Pos71,ch09,482,505,40.0,41.916666666666664,23,0.36731061912495777,-12.013490447998159,1.8870872348074943,0.9982882420296074
Pos71,ch09,505,532,41.916666666666664,44.166666666666664,27,0.3750061632294452,-13.054783818052016,1.8483621031472155,0.9969844800259074
Pos71,ch09,532,558,44.166666666666664,46.333333333333336,26,0.3580181106226437,-13.073577221785161,1.9360673664091046,0.9965646382298131
Pos71,ch09,558,579,46.333333333333336,48.083333333333336,21,0.37918539146388375,-14.847308047343605,1.8279902025866033,0.9962615969528529
Pos71,ch09,579,605,48.083333333333336,50.25,26,0.3755127274172656,-15.424634835328192,1.8458686748844275,0.9945559508467824
Pos71,ch09,605,629,50.25,52.25,24,0.36685712503947204,-15.753398481489404,1.8894199764700386,0.9980304566902163
Pos71,ch09,629,650,52.25,54.0,21,0.3619549127208898,-16.183184320430467,1.9150097324261048,0.9972078567429756
Pos71,ch09,650,674,54.0,56.0,24,0.36149431915895053,-16.88685826903837,1.9174497186362855,0.9916955819905942
Pos71,ch09,674,700,56.0,58.166666666666664,26,0.33621747506310473,-16.243491558010767,2.0616036701538145,0.997387129164711
Pos71,ch09,700,725,58.166666666666664,60.25,25,0.3834390980467964,-19.806193444933875,1.80771127433476,0.998247118684912
Pos71,ch09,725,753,60.25,62.583333333333336,28,0.3754570678584819,-20.17836858176168,1.8461423153211431,0.9975428597556187
Pos71,ch09,753,780,62.583333333333336,64.83333333333333,27,0.37611446919075603,-20.982495112186047,1.842915488072856,0.99619856892462
Pos71,ch09,780,808,64.83333333333333,67.16666666666667,28,0.3677155747474802,-21.268713845245546,1.885009034594054,0.9976890679981347
Pos71,ch09,808,832,67.16666666666667,69.16666666666667,24,0.37033499131432274,-22.157801433457365,1.8716761764799992,0.9980511266744536
Pos71,ch09,832,858,69.16666666666667,71.33333333333333,26,0.36684757490589975,-22.69900160896778,1.8894691636921541,0.9982067786801774
Pos71,ch09,858,880,71.33333333333333,73.16666666666667,21,0.3777554943353436,-24.242878549671396,1.8349095935177056,0.9962262721252446
Pos71,ch09,880,905,73.16666666666667,75.25,25,0.36934841082682085,-24.4957654536286,1.8766756813932697,0.996147216254692
Pos71,ch09,905,929,75.25,77.25,24,0.39995039928981935,-27.633492221464703,1.7330828567511052,0.9954902695536231
Pos71,ch09,929,959,77.25,79.75,30,0.369884999218141,-26.14727247100797,1.8739532071457683,0.9989727747983873
Pos71,ch09,959,987,79.75,82.08333333333333,28,0.35192818330096803,-25.464249257792602,1.9695699675384273,0.998361379005151
Pos71,ch09,987,1010,82.08333333333333,84.0,23,0.3779353579359875,-28.396252034647564,1.834036339826523,0.9977168607401241
Pos71,ch09,1010,1036,84.0,86.16666666666667,26,0.37045114716752703,-28.49463064586397,1.8710893078878421,0.9960402433666865
Pos72,ch03,7,31,0.4166666666666667,2.4166666666666665,24,0.34101619467362954,2.669699249471287,2.0325931477340062,0.9980986284310108
Pos72,ch03,31,59,2.4166666666666665,4.75,28,0.32209385650446504,2.0089520118933795,2.152003729851757,0.9976247994808644
Pos72,ch03,59,85,4.75,6.916666666666667,26,0.34837733542461713,1.1903746395903811,1.9896448766252488,0.9968596458849377
Pos72,ch03,85,109,6.916666666666667,8.916666666666666,24,0.33947331703159006,0.5455170841605864,2.041831112444822,0.9983068654570455
Pos72,ch03,109,134,8.916666666666666,11.0,25,0.34107078479738767,-0.23934355515328448,2.032267820803555,0.9973559535060993
Pos72,ch03,134,160,11.0,13.166666666666666,26,0.3418923147069108,-0.9523927162965695,2.0273845030829367,0.9975912180862133
Pos72,ch03,160,181,13.166666666666666,14.916666666666666,21,0.35938248780488047,-1.8722785438931844,1.9287171859533558,0.9948368065034455
Pos72,ch03,181,208,14.916666666666666,17.166666666666668,27,0.3319668978384337,-2.1898464999376057,2.0880008972981874,0.9932071624967941
Pos72,ch07,17,43,1.25,3.4166666666666665,26,0.3366443625793077,2.450279247369735,2.0589894191281806,0.996346321597609
Pos72,ch07,43,74,3.4166666666666665,6.0,31,0.3402030781990937,1.6578501465379132,2.037451231273991,0.9972178150679305
Pos72,ch07,74,93,6.0,7.583333333333333,19,0.33281710421644844,1.0076301735112818,2.0826669416279615,0.9976362628724477
Pos72,ch07,93,119,7.583333333333333,9.75,26,0.33489767163585765,0.2476161750804212,2.0697282760258213,0.9953200015066125
Pos72,ch07,119,147,9.75,12.083333333333334,28,0.33263182677296627,-0.5019157432966525,2.0838269966062035,0.9960840467520745
Pos72,ch07,147,168,12.083333333333334,13.833333333333334,21,0.3506013609166,-1.4726849566040423,1.977023645167279,0.997191145018382
Pos72,ch07,168,201,13.833333333333334,16.583333333333332,33,0.35184274114785974,-2.202370126949396,1.9700482616142831,0.993943419995221
Pos72,ch07,201,224,16.583333333333332,18.5,23,0.3418330927603217,-2.8364991707383997,2.0277357436716916,0.9962498174747567
Pos74,ch08,11,40,0.75,3.1666666666666665,29,0.2435359667859052,2.6006086383251494,2.846179928607004,0.9061859460796944
Pos74,ch08,40,88,3.1666666666666665,7.166666666666667,48,0.20419371310891632,2.056337033339863,3.394556913660817,0.9717790446491229
Pos74,ch10,27,51,2.0833333333333335,4.083333333333333,24,0.4112971612271589,1.8221807092309128,1.6852710057415663,0.9761139277066979
Pos74,ch10,51,75,4.083333333333333,6.083333333333333,24,0.41286528779472215,0.9466879920820835,1.6788700843859272,0.9862535460881011
Pos74,ch10,75,100,6.083333333333333,8.166666666666666,25,0.4303100488527263,-0.005585063315581708,1.610808723635397,0.976064735039875
Pos74,ch10,100,121,8.166666666666666,9.916666666666666,21,0.43208180559463216,-0.8775794260345916,1.6042035827128482,0.9854771744041645
Pos74,ch10,121,148,9.916666666666666,12.166666666666666,27,0.43776744307363424,-1.8796805664284957,1.5833685019910335,0.990480054002541
Pos74,ch10,148,179,12.166666666666666,14.75,31,0.38294816673524823,-2.1437704312812396,1.810028721299908,0.9824735586926592
Pos74,ch10,179,203,14.75,16.75,24,0.4233823064751926,-3.6417522961254574,1.6371661497397958,0.9751641745314095
Pos74,ch10,203,232,16.75,19.166666666666668,29,0.4040737283390837,-4.251057777064545,1.7153977899258073,0.9883554862140209
Pos74,ch10,232,259,19.166666666666668,21.416666666666668,27,0.4028313814900709,-5.132723481638953,1.7206881400252332,0.9855811123285472
Pos74,ch10,259,282,21.416666666666668,23.333333333333332,23,0.43370464792527746,-6.627485148087444,1.598200950521902,0.9784735252995486
Pos74,ch10,282,307,23.333333333333332,25.416666666666668,25,0.4620127136364489,-8.212015058165619,1.5002772869695804,0.991389831473436
Pos74,ch10,307,332,25.416666666666668,27.5,25,0.42133172588603823,-8.112165328552711,1.6451340783851336,0.9788111666439451
Pos74,ch10,332,362,27.5,30.0,30,0.4110215595062232,-8.735553435094568,1.6864010281909567,0.9698506494334703
Pos74,ch10,362,384,30.0,31.833333333333332,22,0.42052720285555323,-9.931205166751239,1.648281433051631,0.9732596576723899
Pos74,ch10,384,415,31.833333333333332,34.416666666666664,31,0.38916521496331624,-9.877063064051159,1.7811128896124058,0.9768591215775303
Pos74,ch10,415,437,34.416666666666664,36.25,22,0.3830402859532311,-10.435946387066789,1.8095934187052534,0.960193714691151
Pos74,ch10,437,463,36.25,38.416666666666664,25,0.35189095386641644,-10.008180342704058,1.9697783445239552,0.9590052054020382
Pos74,ch10,463,486,38.416666666666664,40.333333333333336,23,0.38974682117599235,-12.247415256517415,1.7784549941125776,0.9801274636125732
Pos74,ch10,486,510,40.333333333333336,42.333333333333336,24,0.40322920361462256,-13.61191323382782,1.7189905253549183,0.9723835313656786
Pos74,ch10,510,533,42.333333333333336,44.25,23,0.44556263283115843,-16.298270138125844,1.5556672159772575,0.9533880381158726
Pos74,ch10,533,557,44.25,46.25,24,0.4000675120676448,-15.131636245294096,1.7325755270094152,0.9457288763295624
Pos74,ch10,557,592,46.25,49.166666666666664,31,0.42245944833794463,-17.13206600967464,1.6407425216478178,0.9834877424519232
Pos74,ch10,592,611,49.166666666666664,50.75,19,0.4528062568753152,-19.48160989083145,1.5307809245904709,0.9817453865357978
Pos74,ch10,611,637,50.75,52.916666666666664,26,0.4296167985880428,-19.187236976348114,1.6134080018239705,0.9515078206090706
Pos74,ch10,637,655,52.916666666666664,54.416666666666664,18,0.3793825312525797,-17.355667075457376,1.8270403180437214,0.9397509342487185
Pos74,ch10,655,682,54.416666666666664,56.666666666666664,23,0.3924472151767566,-18.781111506450383,1.7662176052077592,0.9627809055261237
Pos74,ch10,682,709,56.666666666666664,58.916666666666664,27,0.398822360651954,-20.04088000703457,1.737984749468057,0.9686063963120283
Pos74,ch10,709,734,58.916666666666664,61.0,25,0.390548850798823,-20.430545184314308,1.7748027657543788,0.9593829482153884
Pos74,ch10,734,760,61.0,63.166666666666664,26,0.3698456375493704,-19.94288019298563,1.874152646906421,0.9446164865580233
Pos74,ch10,760,786,63.166666666666664,65.33333333333333,26,0.41615799833696576,-23.656065560231895,1.6655865880984453,0.9748084418035595
Pos74,ch10,786,808,65.33333333333333,67.16666666666667,22,0.46387040263005247,-27.683689832801395,1.4942690385718496,0.9832992804093968
Pos74,ch10,808,838,67.16666666666667,69.66666666666667,30,0.43947016365459146,-27.022488334165438,1.5772337643943795,0.9794428596379076
Pos74,ch10,838,859,69.66666666666667,71.41666666666667,21,0.38599365029989585,-24.156483725005604,1.7957476244010957,0.9258385271706608
Pos75,ch01,7,29,0.4166666666666667,2.25,22,0.37042440124004067,2.5253170786080945,1.87122440703029,0.998124846455973
Pos75,ch01,29,55,2.25,4.416666666666667,26,0.3603489118211361,1.764740964736462,1.9235445364796826,0.9944383093860465
Pos75,ch01,55,82,4.416666666666667,6.666666666666667,27,0.2854729024892211,1.277789374933629,2.428066462756889,0.9966684453272825
Pos75,ch01,82,136,6.666666666666667,11.166666666666666,53,0.19865596596372298,1.100202814806604,3.489183811809218,0.9934944718022962
Pos75,ch08,30,57,2.3333333333333335,4.583333333333333,27,0.3273744154083278,2.0057931021998514,2.1172918466930173,0.9984054132844048
Pos75,ch08,57,81,4.583333333333333,6.583333333333333,24,0.3087678772510909,1.3833781033891999,2.2448811279557948,0.9964520132968328
Pos75,ch08,81,111,6.583333333333333,9.083333333333334,30,0.324999500748978,0.5787561947308951,2.1327638318291324,0.9974384134549347
Pos75,ch08,111,132,9.083333333333334,10.833333333333334,19,0.3291812407127789,-0.19163221685557846,2.1056703567283117,0.9957457457264535
Pos75,ch08,132,159,10.833333333333334,13.083333333333334,27,0.30659996296975517,-0.6301156773756551,2.2607542866152315,0.9942609850788354
Pos75,ch08,159,185,13.083333333333334,15.25,22,0.3298559976941823,-1.610671017536571,2.101362974768703,0.9970995975945985
Pos75,ch08,185,212,15.25,17.5,27,0.32482479504883366,-2.237814605844925,2.1339109302162065,0.9965508197374736
Pos75,ch08,212,238,17.5,19.666666666666668,26,0.332190469899064,-3.0672246166001584,2.086595623199419,0.9973636940907673
Pos75,ch08,238,265,19.666666666666668,21.916666666666668,27,0.3323312815607243,-3.8099088989285006,2.0857115144404244,0.9959233601404324
Pos75,ch08,265,287,21.916666666666668,23.75,22,0.3413842891257159,-4.709426973253564,2.030401522973108,0.9962732255432138
Pos75,ch08,287,314,23.75,26.0,27,0.32479875072806635,-5.018236991624271,2.1340820400515454,0.9964094371730955
Pos75,ch08,314,344,26.0,28.5,30,0.31794887307738007,-5.519818634080857,2.180058617132611,0.9938490944339828
Pos75,ch08,344,362,28.5,30.0,18,0.3268354062312591,-6.425541861551194,2.1207836340396202,0.9937982829506923
Pos75,ch08,362,391,30.0,32.416666666666664,27,0.31665295759346795,-6.762206387759501,2.1889805982795716,0.9967797082605352
Pos75,ch08,391,422,32.416666666666664,35.0,29,0.33168868143182223,-8.02832435066471,2.089752286896832,0.9988104965999417
Pos75,ch08,422,442,35.0,36.666666666666664,20,0.32909690873742337,-8.645060509967616,2.1062099404676777,0.9965253471725323
Pos75,ch08,442,467,36.666666666666664,38.75,25,0.3442530425488373,-9.844288543826623,2.0134816396331843,0.9978347604817154
Pos75,ch08,467,487,38.75,40.416666666666664,20,0.34319399667136796,-10.508626355901274,2.0196949459569997,0.9950365557344604
Pos75,ch08,487,516,40.416666666666664,42.833333333333336,29,0.34251083313601177,-11.18318981543287,2.0237233789469515,0.9977811079775898
Pos75,ch08,516,541,42.833333333333336,44.916666666666664,25,0.3429645285897681,-11.997315623734904,2.02104626799188,0.9958320439530952
Pos75,ch08,541,568,44.916666666666664,47.166666666666664,27,0.30737229382394377,-11.088549969051368,2.2550737151246465,0.9970352863939012
Pos75,ch08,568,591,47.166666666666664,49.083333333333336,21,0.3380807378474486,-13.283555424156033,2.0502415635188083,0.9906817144395471
Pos75,ch08,591,617,49.083333333333336,51.25,26,0.3090997472059246,-12.57668876535406,2.2424708749378737,0.9960275256034986
Pos75,ch08,617,647,51.25,53.75,30,0.29714815160032965,-12.666215820163222,2.3326652944900106,0.9974864902648282
Pos75,ch08,647,675,53.75,56.083333333333336,28,0.31881761730228436,-14.495334483902994,2.1741181884021903,0.9960875397094519
Pos75,ch08,675,700,56.083333333333336,58.166666666666664,25,0.3325020644949431,-15.994388670726115,2.084640231069865,0.9974874890188741
Pos75,ch08,700,724,58.166666666666664,60.166666666666664,24,0.3204339979304272,-15.932079334816846,2.1631511794526928,0.9960706158992076
Pos75,ch08,724,748,60.166666666666664,62.166666666666664,24,0.33083543726151077,-17.228130178213668,2.095141881708528,0.9975814728673434
Pos75,ch08,748,771,62.166666666666664,64.08333333333333,23,0.33564831309714005,-18.204107614901087,2.0650995506696956,0.992926637119321
Pos75,ch08,771,798,64.08333333333333,66.33333333333333,27,0.3285605657480156,-18.469258332740036,2.109648122202053,0.9971961109764814
Pos75,ch08,798,828,66.33333333333333,68.83333333333333,28,0.2550940766842962,-14.214331049902606,2.717221777821923,0.9959260469528917
Pos75,ch08,828,868,68.83333333333333,72.16666666666667,40,0.17350508758142003,-9.283221018739164,3.994967468805057,0.9898149501916147
Pos75,ch10,24,50,1.8333333333333333,4.0,26,0.36616315138236616,1.9661602967105685,1.893000914873943,0.9981833483196754
Pos75,ch10,50,77,4.0,6.25,27,0.3591847723640557,1.2613911876726407,1.9297788600497747,0.9964072759915663
Pos75,ch10,77,99,6.25,8.083333333333334,22,0.3644007533795573,0.4697037930471289,1.902156277481589,0.9964508107278883
Pos75,ch10,99,122,8.083333333333334,10.0,23,0.36598972735982466,-0.26454582018544504,1.893897912272478,0.9924305775676242
Pos75,ch10,122,148,10.0,12.166666666666666,25,0.3539419834828107,-0.8283643993178874,1.958363836183927,0.9940727080376083
Pos75,ch10,148,172,12.166666666666666,14.166666666666666,22,0.35642345756603455,-1.6333152565858733,1.944729410609923,0.997428997715651
Pos75,ch10,172,196,14.166666666666666,16.166666666666668,24,0.35324806782142315,-2.2652085940593496,1.962210819254504,0.9935200171432682
Pos75,ch10,196,218,16.166666666666668,18.0,22,0.3693762311961764,-3.266732210809777,1.8765343355074018,0.997456317211714
Pos75,ch10,218,245,18.0,20.25,27,0.35038134138348986,-3.6481676758255004,1.9782651034528138,0.9966806136241522
Pos75,ch10,245,267,20.25,22.083333333333332,22,0.3531405881827397,-4.472770878117352,1.9628080253444624,0.9964384590655974
Pos75,ch10,267,293,22.083333333333332,24.25,26,0.36078633092818935,-5.41062030726224,1.9212124217031625,0.9971236569580131
Pos75,ch10,293,316,24.25,26.166666666666668,23,0.3581718773270785,-6.085578259959093,1.9352361936751699,0.9935433735625796
Pos75,ch10,316,343,26.166666666666668,28.416666666666668,27,0.3875682955851802,-7.554042862419006,1.7884517089133383,0.997967500445084
Pos75,ch10,343,367,28.416666666666668,30.416666666666668,24,0.35613671827334076,-7.391007857453764,1.9462951866365643,0.9961740126871201
Pos75,ch10,367,389,30.416666666666668,32.25,21,0.39415061284589265,-9.225212974359838,1.7585845561807008,0.9261054894699425
Pos75,ch10,389,415,32.25,34.416666666666664,26,0.35056938288925926,-8.585614595281507,1.9772039841223166,0.9973319805714373
Pos75,ch10,415,440,34.416666666666664,36.5,25,0.3605529160562606,-9.72041144162693,1.9224561768674941,0.9973603638125719
Pos75,ch10,440,466,36.5,38.666666666666664,26,0.35238683257323644,-10.158677415505098,1.967006472683365,0.9986049029378501
Pos75,ch10,466,495,38.666666666666664,41.083333333333336,29,0.36551980566498155,-11.40496284441133,1.8963327563028192,0.9970817692868977
Pos75,ch10,495,516,41.083333333333336,42.833333333333336,21,0.3817786563628002,-12.833105304137293,1.8155734193303226,0.9975351943463656
Pos75,ch10,516,540,42.833333333333336,44.833333333333336,24,0.36420080461279225,-12.851068551721594,1.9032005744657245,0.9979348357796398
Pos75,ch10,540,566,44.833333333333336,47.0,26,0.3517993132540924,-13.026817541715769,1.970291454376175,0.9969038490223426
Pos75,ch10,566,593,47.0,49.25,27,0.3461085478736094,-13.399171063337606,2.002687263341055,0.9971327343443445
Pos75,ch10,593,611,49.25,50.75,18,0.3646277688670386,-15.084146006068302,1.9009720041720166,0.9963109129503359
Pos75,ch10,611,634,50.75,52.666666666666664,23,0.35929157811545387,-15.472597957495745,1.9292051992858321,0.9973595248559743
Pos75,ch10,634,658,52.666666666666664,54.666666666666664,24,0.329153508510448,-14.578483852671825,2.1058477659761703,0.994487100370608
Pos75,ch10,658,686,54.666666666666664,57.0,28,0.3636700701167916,-17.149725860738478,1.9059780760548788,0.9952363608351069
Pos75,ch10,686,711,57.0,59.083333333333336,23,0.372478395876249,-18.500625245009942,1.8609057283156747,0.99550327828568
Pos75,ch10,711,732,59.083333333333336,60.833333333333336,20,0.33011711024308643,-16.677202321920696,2.099700860853703,0.9881981477842103
Pos75,ch10,732,752,60.833333333333336,62.5,20,0.38397612335625275,-20.71049310780798,1.8051830267499311,0.991898162846514
Pos75,ch10,752,776,62.5,64.5,24,0.37101849773362056,-20.62042898379891,1.8682280931922777,0.993586077739627
Pos75,ch10,776,804,64.5,66.83333333333333,28,0.36086705000738845,-20.71474875452169,1.9207826831121149,0.9963099753133373
Pos75,ch10,804,831,66.83333333333333,69.08333333333333,25,0.35360858400511036,-20.99522267689035,1.960210277446002,0.9976532623213624
Pos75,ch10,831,856,69.08333333333333,71.16666666666667,25,0.3542272220026811,-21.760747925968566,1.9567868800176487,0.9964853919670896
Pos75,ch10,856,880,71.16666666666667,73.16666666666667,24,0.35624710920208297,-22.698347688261375,1.9456920846668655,0.9945120930080961
Pos75,ch10,880,908,73.16666666666667,75.5,28,0.3500129308605255,-22.999409277760517,1.9803473513272951,0.9969475725230582
Pos75,ch10,908,931,75.5,77.41666666666667,23,0.35840390187713644,-24.377649652952204,1.9339833548953977,0.9971182813707884
Pos75,ch10,931,955,77.41666666666667,79.41666666666667,24,0.3765164802678791,-26.46798810726874,1.8409477855173666,0.9981181378220589
Pos75,ch10,955,980,79.41666666666667,81.5,23,0.3784373982575993,-27.3986171650335,1.8316032816823393,0.9926095762872817
Pos75,ch10,980,1002,81.5,83.33333333333333,22,0.3646402398862187,-27.009838396910656,1.9009069892457096,0.99606784018102
Pos75,ch10,1002,1028,83.33333333333333,85.5,26,0.35899736545886796,-27.306743521475084,1.9307862598767802,0.9977143500392045
Pos75,ch10,1028,1063,85.5,88.41666666666667,35,0.340430702366441,-26.474953467430275,2.036088918366237,0.9973574321491027
Pos75,ch10,1063,1082,88.41666666666667,90.0,19,0.33684639890743184,-26.833911848950518,2.057754462592393,0.99542136805374
Pos75,ch10,1082,1104,90.0,91.83333333333333,22,0.3290442549170901,-26.76057851421227,2.1065469771979424,0.9886359591205415
Pos75,ch10,1104,1131,91.83333333333333,94.08333333333333,27,0.34451148395475384,-28.954356398631624,2.0119711906351987,0.9959651662583875
Pos75,ch10,1131,1153,94.08333333333333,95.91666666666667,22,0.3459564850110988,-29.78063583507726,2.003567531152677,0.9951920046669808
Pos75,ch10,1153,1180,95.91666666666667,98.16666666666667,27,0.34560329421982694,-30.454432639367027,2.005615085714597,0.9961258215677744
Pos76,ch08,17,45,1.25,3.5833333333333335,28,0.3648644240985321,2.1235950497950355,1.8997390120248063,0.9970031204246271
Pos76,ch08,45,69,3.5833333333333335,5.583333333333333,24,0.3522674482731288,1.3642585737753314,1.967673095989605,0.996960983735062
Pos76,ch08,69,101,5.583333333333333,8.25,29,0.35718887661178184,0.5493697267570555,1.9405620553892744,0.9987282076836742
Pos76,ch08,101,129,8.25,10.583333333333334,28,0.3487667154415441,-0.09553845264056492,1.9874235409259458,0.9976848143272349
Pos76,ch08,129,150,10.583333333333334,12.333333333333334,21,0.36244118735528796,-0.9725757634290738,1.9124404310056469,0.9956901034252453
Pos76,ch08,150,176,12.333333333333334,14.5,26,0.36880700977668984,-1.8220151418667867,1.8794306024162644,0.9972487759839596
Pos76,ch08,176,201,14.5,16.583333333333332,25,0.38106445796549515,-2.764438865838707,1.818976202243214,0.9975207059368947
Pos76,ch08,201,227,16.583333333333332,18.75,26,0.374043139245354,-3.4732808243454483,1.853120958075573,0.9989535333300189
Pos76,ch08,227,251,18.75,20.75,24,0.3593878836660699,-3.9711910535454016,1.9286882281317874,0.9945890467383829
Pos76,ch08,251,279,20.75,23.083333333333332,26,0.34797529165263197,-4.4924823100955535,1.9919436729774562,0.9979296901852118
Pos76,ch08,279,300,23.083333333333332,24.833333333333332,21,0.3739535893639886,-5.85466912897707,1.8535647210629362,0.9968168935881094
Pos76,ch08,300,326,24.833333333333332,27.0,26,0.3520635058564627,-6.052107217646849,1.9688129244572807,0.9969748453520927
Pos76,ch08,326,351,27.0,29.083333333333332,25,0.36938239132968226,-7.32296821581041,1.876503040832002,0.9976794917434058
Pos76,ch08,351,375,29.083333333333332,31.083333333333332,24,0.3746314293541098,-8.285595122762665,1.8502109706998646,0.9969645443472268
Pos76,ch08,375,402,31.083333333333332,33.333333333333336,26,0.3743305061606741,-9.079869215163635,1.8516983498599104,0.9980656438131401
Pos76,ch08,402,427,33.333333333333336,35.416666666666664,24,0.3589626014828187,-9.295505511516877,1.9309732481786739,0.9988668675153222
Pos76,ch08,427,451,35.416666666666664,37.416666666666664,24,0.36706956944701935,-10.35187926557738,1.8883264597611653,0.9973224333182774
Pos76,ch08,451,478,37.416666666666664,39.666666666666664,27,0.35030974328109465,-10.505284509948412,1.9786694314230133,0.9981628015013467
Pos76,ch08,478,502,39.666666666666664,41.666666666666664,24,0.3711563996912283,-12.061681782700187,1.86753395909807,0.9983208309212808
Pos76,ch08,502,528,41.666666666666664,43.833333333333336,25,0.36129638566409267,-12.367605646711814,1.9185001789760043,0.9968385821875582
Pos76,ch08,528,554,43.833333333333336,46.0,23,0.3678409883495388,-13.39374418587854,1.8843663499003165,0.9966421679953537
Pos76,ch08,554,576,46.0,47.833333333333336,22,0.3756869634431301,-14.474267861710361,1.8450125982741774,0.9977662667224146
Pos76,ch08,576,599,47.833333333333336,49.75,23,0.37891528496231913,-15.386606518628337,1.8292932696786688,0.9890714529153385
Pos76,ch08,599,625,49.75,51.916666666666664,26,0.35658470710823853,-15.03919017928512,1.9438499934029583,0.9952805129185376
Pos76,ch08,625,650,51.916666666666664,54.0,25,0.3756227222992643,-16.80300980763456,1.845328142869122,0.998525696458379
Pos76,ch08,650,670,54.0,55.666666666666664,20,0.3583753938964116,-16.59466971724207,1.9341371990519514,0.9974674981359608
Pos76,ch08,670,693,55.666666666666664,57.583333333333336,23,0.3844666965433745,-18.831503932261583,1.802879642871086,0.9980787794812183
Pos76,ch08,693,721,57.583333333333336,59.916666666666664,28,0.3838622911013603,-19.588262406127278,1.8057183438654494,0.9958358299203337
Pos76,ch08,721,744,59.916666666666664,61.833333333333336,23,0.3736356405504437,-19.74696927366658,1.8551420296489758,0.9942741100345927
Pos76,ch08,744,771,61.833333333333336,64.08333333333333,26,0.38058027289131263,-20.91705908593325,1.8212903556299056,0.9974338505864009
Pos76,ch08,771,792,64.08333333333333,65.83333333333333,21,0.38171609816117064,-21.687458780441936,1.8158709677140212,0.9974629593766674
Pos76,ch08,792,813,65.83333333333333,67.58333333333333,21,0.36608444000643503,-21.42360448144718,1.893407926727946,0.9964831643554974
Pos76,ch08,813,840,67.58333333333333,69.83333333333333,27,0.35508135558080023,-21.429109881831028,1.9520799097608965,0.998158570510682
Pos76,ch08,840,865,69.83333333333333,71.91666666666667,25,0.35809325871659103,-22.424682067560973,1.9356610706501152,0.9959322092910596
Pos76,ch08,865,895,71.91666666666667,74.41666666666667,30,0.3632030940155496,-23.554950343050713,1.9084286229408332,0.9979763884992218
Pos76,ch08,895,924,74.41666666666667,76.83333333333333,18,0.3743475977828569,-25.1755529066255,1.851613806700612,0.9979754710040201
Pos76,ch08,924,946,76.83333333333333,78.66666666666667,22,0.3864012617495719,-26.972361201844794,1.7938533052958212,0.9964581511516428
Pos76,ch08,946,968,78.66666666666667,80.5,22,0.4017146481591204,-28.946485584695083,1.7254715100291478,0.9942129032448594
Pos76,ch08,968,995,80.5,82.75,27,0.3623889202126764,-26.53081775070417,1.9127162611736466,0.9981119675666774
Pos76,ch08,995,1019,82.75,84.75,24,0.26044758306596805,-18.85980347464334,2.6613692183289714,0.9887752582221424
Pos76,ch08,1019,1056,84.75,87.83333333333333,36,0.21866076854084174,-16.051009669104822,3.1699659028248517,0.9913014687242497
Pos76,ch10,9,28,0.5833333333333334,2.1666666666666665,19,0.3805176917043145,2.4583303314793072,1.8215898910123818,0.9978312650447618
Pos76,ch10,28,60,2.1666666666666665,4.833333333333333,28,0.3835524968750375,1.6079305472781709,1.8071768172735285,0.9962005792460052
Pos76,ch10,60,84,4.833333333333333,6.833333333333333,24,0.38547881248869403,0.8057127027281921,1.7981459891009575,0.9969258149559267
Pos76,ch10,84,110,6.833333333333333,9.0,26,0.37510265109469376,0.036445894527864765,1.8478866479271083,0.9953156112460448
Pos76,ch10,110,134,9.0,11.0,22,0.39168320835905013,-0.9425231160417019,1.7696627421529587,0.9968985416065689
Pos76,ch10,134,158,11.0,13.0,24,0.4069804410896006,-1.9128725221571636,1.7031461725880395,0.9969298159329839
Pos76,ch10,158,184,13.0,15.166666666666666,26,0.37849097267274073,-2.359577260662673,1.8313440229901323,0.9958175201295111
Pos76,ch10,184,211,15.166666666666666,17.416666666666668,25,0.3886843401967846,-3.298841133251,1.7833164572800027,0.9975266572516864
Pos76,ch10,211,238,17.416666666666668,19.666666666666668,27,0.3856231998412235,-4.063273212208448,1.7974727164894169,0.9981733970045672
Pos76,ch10,238,261,19.666666666666668,21.583333333333332,23,0.3895986908608626,-4.977701308761757,1.779131185036474,0.9956698585238206
Pos76,ch10,261,285,21.583333333333332,23.583333333333332,24,0.39537323598512225,-5.93982397129467,1.753146438536442,0.9955203396185618
Pos76,ch10,285,311,23.583333333333332,25.75,26,0.39565667866536486,-6.769065050969446,1.7518905099696027,0.9982993675202375
Pos76,ch10,311,332,25.75,27.5,21,0.4058496943118934,-7.780287156964944,1.7078913456745524,0.9983118955533846
Pos76,ch10,332,356,27.5,29.5,24,0.3867137644553136,-7.983045310482779,1.7924036956280656,0.996958416873213
Pos76,ch10,356,383,29.5,31.75,27,0.3853980975093548,-8.755569512854745,1.7985225797413815,0.996590027449575
Pos76,ch10,383,406,31.75,33.666666666666664,23,0.3858657124112602,-9.602153095103418,1.7963430236609903,0.996020611747774
Pos76,ch10,406,432,33.666666666666664,35.833333333333336,26,0.37432827537316266,-9.978254674268928,1.851709384948162,0.9982236863812736
Pos76,ch10,432,460,35.833333333333336,38.166666666666664,28,0.362743674241706,-10.356549812092865,1.9108456736259511,0.9970507770413952
Pos76,ch10,460,482,38.166666666666664,40.0,22,0.37362764000178594,-11.555401594930526,1.8551817541031816,0.9971298494708152
Pos76,ch10,482,508,40.0,42.166666666666664,26,0.3720291267649233,-12.290436090487326,1.8631529917761767,0.9969936914747464
Pos76,ch10,508,533,42.166666666666664,44.25,25,0.39236500464729135,-13.965705816144668,1.766587673085259,0.9976520571639798
Pos76,ch10,533,560,44.25,46.5,27,0.3875023607424753,-14.562600321262437,1.7887560200454988,0.9969043168240105
Pos76,ch10,560,588,46.5,48.833333333333336,28,0.37248744091601127,-14.674445416804401,1.8608605403054022,0.9969348944204934
Pos76,ch10,588,611,48.833333333333336,50.75,23,0.3496825935335234,-14.388914601268068,1.9822181411883593,0.9949379177423491
Pos76,ch10,611,634,50.75,52.666666666666664,23,0.3458918247828758,-14.930542084406962,2.0039420734937856,0.9934258138237778
Pos76,ch10,634,662,52.666666666666664,55.0,28,0.37284118905293184,-17.088560602915987,1.859094973708873,0.9976246528276376
Pos76,ch10,662,686,55.0,57.0,24,0.3572318154137618,-17.023700355497116,1.940328802341167,0.9944521183451314
Pos76,ch10,686,712,57.0,59.166666666666664,26,0.37973677445000015,-19.093161047999573,1.8253359358304968,0.9963223200342305
Pos76,ch10,712,738,59.166666666666664,61.333333333333336,26,0.38351498282131624,-20.16203514575544,1.807353588798094,0.9963842735325801
Pos76,ch10,738,765,61.333333333333336,63.583333333333336,27,0.38929669764703745,-21.32461652685871,1.7805113291466939,0.995964952527181
Pos76,ch10,765,786,63.583333333333336,65.33333333333333,21,0.40132868653975257,-22.859024686232583,1.727130912410587,0.9938836844256842
Pos76,ch10,786,812,65.33333333333333,67.5,26,0.3926303000521059,-23.069916468787014,1.7653940117916467,0.9963181184595585
Pos76,ch10,812,847,67.5,70.41666666666667,33,0.34355290106700254,-20.522036445622845,2.017585001923072,0.9976549635242665
Pos76,ch10,847,865,70.41666666666667,71.91666666666667,18,0.34538047337832584,-21.382799496710035,2.0069090003263725,0.992063919556815
Pos76,ch10,865,889,71.91666666666667,73.91666666666667,24,0.35922892680401497,-23.162097253248042,1.929541662267378,0.994977975082553
Pos76,ch10,889,922,73.91666666666667,76.66666666666667,33,0.35597411957805664,-23.70217398610279,1.947184198057844,0.9945905573751721
Pos76,ch10,922,940,76.66666666666667,78.16666666666667,18,0.37376484842342705,-25.843315265734475,1.854500720128447,0.992108533662937
Pos76,ch10,940,969,78.16666666666667,80.58333333333333,29,0.3831922426260316,-27.381190071515906,1.8088758159867233,0.9953722645845079
Pos76,ch10,969,992,80.58333333333333,82.5,23,0.3712608453580266,-27.188734873094212,1.867008571538177,0.9974971532253017
Pos76,ch10,992,1020,82.5,84.83333333333333,28,0.38560888144436667,-29.216413303132768,1.79753946009656,0.9933420940951087
Pos76,ch10,1020,1044,84.83333333333333,86.83333333333333,23,0.37999738550609263,-29.626223019834953,1.824084077938562,0.996226581987038
Pos76,ch10,1044,1070,86.83333333333333,89.0,20,0.3667308332254546,-29.23253841150157,1.890070639721259,0.9950943882717033
Pos76,ch10,1070,1098,89.0,91.33333333333333,28,0.4028517873390945,-33.324129228337206,1.7206009811655594,0.99770260533556
Pos76,ch10,1098,1122,91.33333333333333,93.33333333333333,24,0.4091796590509439,-34.74408699824598,1.6939922726550949,0.9915892693906084
Pos76,ch10,1122,1152,93.33333333333333,95.83333333333333,30,0.3834133610190753,-33.197872749415936,1.8078326188676046,0.9977022864667793
Pos76,ch10,1152,1186,95.83333333333333,98.66666666666667,34,0.3439317059879698,-30.19153152519331,2.0153628423667067,0.9975949042315235
Pos77,ch07,14,38,1.0,3.0,24,0.3938294806573524,2.2950008896953284,1.760018522237068,0.997330238978482
Pos77,ch07,38,65,3.0,5.25,27,0.39802707836702117,1.3606877013298146,1.7414573485897198,0.99207888432042
Pos77,ch07,65,93,5.25,7.583333333333333,27,0.38392923328370554,0.5572090310723004,1.805403497492316,0.9900593582254286
Pos77,ch07,93,121,7.583333333333333,9.916666666666666,25,0.5145651346498561,-1.3120337451515476,1.34705430641275,0.9093738212942322
Pos77,ch07,121,146,9.916666666666666,12.0,25,0.38713934105284864,-1.0370934397589273,1.7904333325434971,0.9977812496750469
Pos77,ch07,146,169,12.0,13.916666666666666,23,0.372927708588795,-1.6344980596351906,1.8586636621421904,0.9950303294582016
Pos77,ch07,169,197,13.916666666666666,16.25,28,0.3737462842646963,-2.4953981730958725,1.8545928340762885,0.9950755946617149
Pos77,ch07,197,218,16.25,18.0,21,0.4046745071027492,-3.81091755419747,1.7128511146464465,0.9960163388272449
Pos77,ch07,218,247,18.0,20.416666666666668,29,0.38924521119409144,-4.415117316670268,1.7807468419035155,0.9940131662647962
Pos77,ch07,247,277,20.416666666666668,22.916666666666668,30,0.3795978614639691,-5.137287037708697,1.8260039134223043,0.9970680351064259
Pos77,ch07,277,303,22.916666666666668,25.083333333333332,26,0.36824895536327845,-5.695127565784222,1.8822787423148397,0.9982603329107986
Pos77,ch07,303,329,25.083333333333332,27.25,26,0.3753275083731331,-6.61201780968375,1.846779586085789,0.9928828492061513
Pos77,ch07,329,354,27.25,29.333333333333332,25,0.40960324047849567,-8.362740190953229,1.692240470925512,0.9853027345695887
Pos77,ch07,354,378,29.333333333333332,31.333333333333332,24,0.3827983946588741,-8.490515857379362,1.810736905460731,0.9954604106989554
Pos77,ch07,378,409,31.333333333333332,33.916666666666664,31,0.3773717027895114,-9.188856533362616,1.8367757185720035,0.9975557143084157
Pos77,ch07,409,429,33.916666666666664,35.583333333333336,20,0.4186317689428087,-11.433171602114653,1.6557443366287843,0.9956453693493111
Pos77,ch07,429,456,35.583333333333336,37.833333333333336,27,0.39368487221961185,-11.436870474165833,1.760665012734557,0.9972467960741374
Pos77,ch07,456,480,37.833333333333336,39.833333333333336,24,0.40988025860661875,-12.939432810424227,1.6910967679104327,0.9976019290349839
Pos77,ch07,480,510,39.833333333333336,42.333333333333336,30,0.3939471409611649,-13.155183792515052,1.7594928570081318,0.9970469517121783
Pos77,ch07,510,534,42.333333333333336,44.333333333333336,24,0.3933142888629059,-13.900147088214327,1.7623239230994465,0.9924438319102398
Pos77,ch07,534,562,44.333333333333336,46.666666666666664,27,0.37998070594719124,-14.1746638670916,1.8241641475772117,0.9964509900047954
Pos77,ch07,562,588,46.666666666666664,48.833333333333336,26,0.39734455085556647,-15.790814561762593,1.74444868834228,0.9937428891640073
Pos77,ch07,588,608,48.833333333333336,50.5,20,0.38801295464851215,-16.16978641502963,1.7864021606903406,0.997849894563596
Pos77,ch07,608,639,50.5,53.083333333333336,31,0.37861033792866305,-16.522055232551175,1.830766651412848,0.9976718840762386
Pos77,ch07,639,662,53.083333333333336,55.0,23,0.3303754950154096,-14.735085532305613,2.098058696900674,0.9937071279579105
Pos77,ch07,662,687,55.0,57.083333333333336,25,0.3988704648492495,-19.309511833009886,1.737775146680554,0.9952900011648946
Pos77,ch07,687,711,57.083333333333336,59.083333333333336,24,0.4035667178119198,-20.400394088520272,1.717552885228219,0.9948104576345673
Pos77,ch07,711,735,59.083333333333336,61.083333333333336,24,0.3812909851499398,-19.933355190475986,1.8178955379376998,0.995129291464983
Pos77,ch07,735,767,61.083333333333336,63.75,32,0.3810743090100807,-20.82761822890545,1.8189291804019494,0.9984290452490433
Pos77,ch07,767,799,63.75,66.41666666666667,32,0.36221165171658526,-20.456975841134362,1.9136523556738108,0.9956765026135442
Pos77,ch07,799,828,66.41666666666667,68.83333333333333,29,0.3602866006496239,-21.22045683924751,1.9238772113926763,0.9912945591787559
Pos77,ch07,828,858,68.83333333333333,71.33333333333333,30,0.3603944397136707,-22.014308878142398,1.9233015390321861,0.9937570773351845
Pos77,ch07,858,879,71.33333333333333,73.08333333333333,21,0.3537264235527504,-22.28097833202533,1.9595572578325573,0.9931971499137419
Pos77,ch07,879,903,73.08333333333333,75.08333333333333,24,0.375290689171592,-24.70557986965568,1.8469607708360216,0.9923639918064594
Pos77,ch07,903,928,75.08333333333333,77.16666666666667,25,0.4123146628429201,-28.333108439830085,1.6811121287336177,0.9933921696864061
Pos77,ch07,928,953,77.16666666666667,79.25,25,0.406162751968988,-28.78576986966483,1.70657495597447,0.9959565746085699
Pos77,ch07,953,980,79.25,81.5,27,0.4005847265148511,-29.236773131651262,1.730338514377302,0.9960689090578345
Pos77,ch07,980,1003,81.5,83.41666666666667,23,0.42030947798787466,-31.73133487112215,1.649135260708876,0.9973915985731803
Pos77,ch07,1003,1033,83.41666666666667,85.91666666666667,28,0.4003060573737892,-30.9379248436439,1.7315430725863665,0.9974021832111929
Pos77,ch07,1033,1059,85.91666666666667,88.08333333333333,26,0.4080333775541237,-32.47230134442942,1.698751177452395,0.9959421791871287
Pos77,ch07,1059,1086,88.08333333333333,90.33333333333333,27,0.39111086431217706,-31.79664436015844,1.7722524322584112,0.9957369301515541
Pos77,ch07,1086,1115,90.33333333333333,92.75,29,0.39205922060586956,-32.74482783440277,1.7679655116611945,0.9944306430120197
Pos77,ch07,1115,1137,92.75,94.58333333333333,22,0.3853536446730951,-32.98429104023751,1.7987300500244625,0.9956341735565557
Pos77,ch07,1137,1162,94.58333333333333,96.66666666666667,25,0.3985635952175777,-35.047478219151586,1.73911312743341,0.9934441624793917
Pos77,ch07,1162,1194,96.66666666666667,99.33333333333333,31,0.38405255251015474,-34.58459016225989,1.8048237826556763,0.9954843951457455
Pos77,ch08,5,31,0.25,2.4166666666666665,26,0.3339119376089394,2.736156812699934,2.075838274975733,0.9969710982319264
Pos78,ch00,20,45,1.5,3.5833333333333335,25,0.3470645140522172,2.192072181773684,1.9971709941387397,0.9941393669987452
Pos78,ch00,45,70,3.5833333333333335,5.666666666666667,25,0.34737368254768314,1.5469091664497572,1.9953934779293439,0.9936097157515759
Pos78,ch00,70,94,5.666666666666667,7.666666666666667,24,0.341293432694794,0.8940479223741051,2.0309420403638443,0.9900322633751083
Pos78,ch00,94,118,7.666666666666667,9.666666666666666,24,0.36905121531012947,-0.06339182146775735,1.878186961063017,0.9927790869161353
Pos78,ch00,118,148,9.666666666666666,12.166666666666666,30,0.3387658336165991,-0.4939683090010041,2.0460953017606256,0.9948412094498639
Pos78,ch00,148,167,12.166666666666666,13.75,19,0.34282672207220094,-1.28338816538296,2.0218586706726005,0.991531737086089
Pos78,ch00,167,192,13.75,15.833333333333334,25,0.35421689436877823,-2.1819186312586947,1.9568439325717306,0.9912431260521672
Pos78,ch00,192,222,15.833333333333334,18.333333333333332,30,0.340955585553932,-2.810093577461562,2.03295446658786,0.9924902295237632
Pos78,ch00,222,250,18.333333333333332,20.666666666666668,28,0.34827341354137115,-3.6594135353156045,1.990238570069911,0.9955662189578137
Pos78,ch00,250,278,20.666666666666668,23.0,28,0.3278243752668876,-3.961382850750024,2.114385728625707,0.9921789594148095
Pos78,ch00,278,299,23.0,24.75,21,0.36950138754727496,-5.633963484932998,1.8758987216827765,0.9967031923992634
Pos78,ch00,299,326,24.75,27.0,27,0.34615719872263506,-5.710964138704437,2.002405794586241,0.9939836891748363
Pos78,ch00,326,348,27.0,28.833333333333332,22,0.3494515150572828,-6.543505363644576,1.9835289037059212,0.9974381196614469
Pos78,ch00,348,367,28.833333333333332,30.416666666666668,19,0.3557754136157903,-7.479387194060339,1.9482717299529029,0.994280445740445
Pos78,ch00,367,396,30.416666666666668,32.833333333333336,29,0.30897304504342604,-6.813377997678704,2.2433904564798643,0.9894370774033636
Pos78,ch00,396,422,32.833333333333336,35.0,26,0.32826203024240186,-8.15132029427219,2.111566726276864,0.9939947549459611
Pos78,ch00,422,444,35.0,36.833333333333336,22,0.3525553875081009,-9.754328575233036,1.966066056908628,0.99147447052197
Pos78,ch00,444,475,36.833333333333336,39.416666666666664,31,0.3504811062381051,-10.378193650152557,1.9777019879897446,0.9964974616874515
Pos78,ch00,475,501,39.416666666666664,41.583333333333336,26,0.3537991581739504,-11.359836952184402,1.9591544087822548,0.9963973835437341
Pos78,ch00,501,531,41.583333333333336,44.083333333333336,30,0.333670552357255,-11.225120159549936,2.077339985992546,0.996182239814398
Pos78,ch00,531,560,44.083333333333336,46.5,29,0.35043234774844795,-12.722010018618404,1.9779771616788913,0.9965302570609008
Pos78,ch00,560,580,46.5,48.166666666666664,20,0.3700609506679682,-14.40333711389839,1.8730622058577089,0.9961561677612769
Pos78,ch00,580,608,48.166666666666664,50.5,28,0.34662626404703706,-14.049600056007476,1.999696077461359,0.9957961242718808
Pos78,ch00,608,633,50.5,52.583333333333336,25,0.33174807704683923,-14.027641484891845,2.0893781411793397,0.9943581675808315
Pos78,ch00,633,656,52.583333333333336,54.5,23,0.34095407018448703,-15.200852468402317,2.0329635020485015,0.99520998985384
Pos78,ch00,656,680,54.5,56.5,24,0.36575402963137793,-17.318572413125175,1.8951183702843348,0.9925260715341899
Pos78,ch00,680,712,56.5,59.166666666666664,32,0.34055506359556836,-16.691498004578683,2.0353453953722545,0.9905558729967696
Pos78,ch00,712,737,59.166666666666664,61.25,25,0.3477389008398885,-17.87032752278142,1.9932977843025252,0.9972281744911379
Pos78,ch00,737,764,61.25,63.5,27,0.3421519272807567,-18.243769178615466,2.025846196655135,0.995013056584448
Pos78,ch00,764,788,63.5,65.5,24,0.3407750110612666,-18.90028030153186,2.0340317161205435,0.9971327060116499
Pos78,ch00,788,817,65.5,67.91666666666667,29,0.3421789282543206,-19.746858589654888,2.0256863392966484,0.9973203251643308
Pos78,ch00,817,841,67.91666666666667,69.91666666666667,24,0.3602333127514148,-21.7157428502971,1.924161802987564,0.9955395553094596
Pos78,ch00,841,865,69.91666666666667,71.91666666666667,24,0.37272915571721976,-23.31320667547997,1.859653772525964,0.9986678339464714
Pos78,ch00,865,886,71.91666666666667,73.66666666666667,21,0.39254319682869476,-25.532626338721027,1.7657857432246715,0.9941361349490047
Pos78,ch00,886,912,73.66666666666667,75.83333333333333,26,0.35959573944188683,-23.844010164828177,1.9275733957130565,0.9955600441749294
Pos78,ch00,912,938,75.83333333333333,78.0,24,0.3726164757739984,-25.667659699948224,1.8602161354248787,0.9933932395925946
Pos78,ch00,938,965,78.0,80.25,27,0.3548851774181883,-24.991843007480515,1.9531590065345474,0.996420809192631
Pos78,ch00,965,993,80.25,82.58333333333333,28,0.3506411906201241,-25.370896589459363,1.976799072961407,0.9965679535929377
Pos78,ch00,993,1014,82.58333333333333,84.33333333333333,21,0.3696418572772331,-27.665267561617462,1.8751858506112897,0.9940700818513102
Pos78,ch00,1014,1036,84.33333333333333,86.16666666666667,22,0.3643647590771846,-27.913442175890367,1.9023441847544693,0.996079412999242
Pos78,ch00,1036,1065,86.16666666666667,88.58333333333333,29,0.34477485886608195,-27.05908904372804,2.0104342376924262,0.9954916741601205
Pos78,ch00,1065,1089,88.58333333333333,90.58333333333333,24,0.34429570847784724,-27.732911046980245,2.0132321242817466,0.9960226631457844
Pos78,ch00,1089,1113,90.58333333333333,92.58333333333333,24,0.3556055113881206,-29.50125562706271,1.949202580843635,0.9977866129523144
Pos78,ch00,1113,1144,92.58333333333333,95.16666666666667,31,0.33820197079781567,-28.63712208023369,2.0495066274298073,0.9965387930327688
Pos78,ch00,1144,1172,95.16666666666667,97.5,28,0.33356671145277184,-28.9134565427737,2.077986671814777,0.996162922042986
Pos78,ch00,1172,1200,97.5,99.83333333333333,28,0.3223656368913008,-28.557165117561524,2.150189416106001,0.9958507195440175
Pos78,ch01,6,32,0.3333333333333333,2.5,26,0.36496347479293106,2.7049269913590646,1.8992234249008493,0.9958522344444753
Pos78,ch01,32,51,2.5,4.083333333333333,19,0.34636393186684644,2.034588803876481,2.0012106249746973,0.9908264895954746
Pos78,ch01,51,79,4.083333333333333,6.416666666666667,28,0.36231005593682397,1.2640426145353736,1.9131326034207823,0.9931550072210972
Pos78,ch01,79,105,6.416666666666667,8.583333333333334,26,0.3447277373284776,0.6025492369543611,2.0107090480493377,0.9963392176198824
Pos78,ch01,105,133,8.583333333333334,10.916666666666666,28,0.3468446536335701,-0.13051791937030788,1.99843697545424,0.9966405482170652
Pos78,ch01,133,155,10.916666666666666,12.75,22,0.3420323913498013,-0.7974581189293931,2.026554203900104,0.992517824233605
Pos78,ch01,155,183,12.75,15.083333333333334,28,0.35063853318421145,-1.6054066049000213,1.976814054819792,0.9952914950786959
Pos78,ch01,183,206,15.083333333333334,17.0,23,0.3185193250684963,-1.8371565100478657,2.1761542424808504,0.985377165474496
Pos78,ch01,206,229,17.0,18.916666666666668,23,0.3472821160423969,-3.038233901967152,1.9959195954545625,0.995268637686466
Pos78,ch01,229,258,18.916666666666668,21.333333333333332,29,0.34909633148625596,-3.8390349602693328,1.9855470196690816,0.9966193447226528
Pos78,ch01,258,281,21.333333333333332,23.25,23,0.34353927181655314,-4.422542479605701,2.0176650456722154,0.9949755398711277
Pos78,ch01,281,303,23.25,25.083333333333332,22,0.3545367337717517,-5.40369889512772,1.9550785984455665,0.998227778090163
Pos78,ch01,303,327,25.083333333333332,27.083333333333332,24,0.3226904005656692,-5.304054533864979,2.1480254118029958,0.9929131372688241
Pos78,ch01,327,352,27.083333333333332,29.166666666666668,25,0.3550451437118576,-6.892534608340254,1.9522790068704043,0.9924957797024065
Pos78,ch01,352,375,29.166666666666668,31.083333333333332,23,0.3645791256536641,-7.864970718278009,1.9012256374173433,0.9959585884945047
Pos78,ch01,375,404,31.083333333333332,33.5,29,0.3503927927158589,-8.193988134469615,1.9782004509494389,0.9962314656794213
Pos78,ch01,404,428,33.5,35.5,24,0.3407657748264125,-8.61982064233147,2.0340868472282385,0.9967644230558955
Pos78,ch01,428,452,35.5,37.5,24,0.34689182079040026,-9.540052372739785,1.9981652463889028,0.9979636651314717
Pos78,ch01,452,476,37.5,39.5,24,0.3375065746812936,-9.87549602551737,2.0537294161290993,0.9920479524562947
Pos78,ch01,476,501,39.5,41.583333333333336,25,0.3570213701796587,-11.361646671290663,1.9414725236507353,0.9962259516282774
Pos78,ch01,501,528,41.583333333333336,43.833333333333336,27,0.3487575866328356,-11.738439978633801,1.9874755621866242,0.9980754164748122
Pos78,ch01,528,555,43.833333333333336,46.083333333333336,27,0.344692145745335,-12.317359004708852,2.0109166661199622,0.9980024925043326
Pos78,ch01,555,580,46.083333333333336,48.166666666666664,25,0.3476209592160879,-13.193512665591992,1.993974074874673,0.9978284095930138
Pos78,ch01,580,599,48.166666666666664,49.75,19,0.31841135668465853,-12.504069597680527,2.1768921428465555,0.9931455262591871
Pos78,ch01,599,633,49.75,52.583333333333336,34,0.33906347752109345,-14.250758635831193,2.044299154918046,0.9969415450755171
Pos78,ch01,633,654,52.583333333333336,54.333333333333336,21,0.3455765373192533,-15.336216988657387,2.005770374160548,0.9949031049033507
Pos78,ch01,654,679,54.333333333333336,56.416666666666664,25,0.3267049088541127,-15.014015066319379,2.1216307492626756,0.9956295995936005
Pos78,ch01,679,702,56.416666666666664,58.333333333333336,23,0.3318381480854912,-16.007187678726133,2.0888110199475025,0.9953323805951912
Pos78,ch01,702,727,58.333333333333336,60.416666666666664,25,0.28715362981318715,-14.026375407139664,2.413854844916585,0.994454202986593
Pos78,ch01,727,753,60.416666666666664,62.583333333333336,26,0.36617721758472094,-19.45215841629415,1.8929281978051369,0.9973386528571306
Pos78,ch01,753,781,62.583333333333336,64.91666666666667,28,0.3341207774258393,-18.191717448026715,2.0745407870176367,0.9964508201601707
Pos78,ch01,781,813,64.91666666666667,67.58333333333333,32,0.3245591542065865,-18.329743022302946,2.135657465137302,0.9976727807514946
Pos78,ch01,813,835,67.58333333333333,69.41666666666667,22,0.34945689765077803,-20.72524974755773,1.9834983519272997,0.9976078720404773
Pos78,ch01,835,856,69.41666666666667,71.16666666666667,21,0.3321948642932028,-20.20937700992881,2.0865680209557897,0.9935049237863003
Pos78,ch01,856,890,71.16666666666667,74.0,34,0.3337963531080913,-21.066418037808063,2.076557080704496,0.9986700350119195
Pos78,ch01,890,913,74.0,75.91666666666667,23,0.34952321959044313,-22.96733668153169,1.9831219836328657,0.9970487065516939
Pos78,ch01,913,938,75.91666666666667,78.0,25,0.3524789608501278,-23.864878383414826,1.9664923514531916,0.9965056549611521
Pos78,ch01,938,962,78.0,80.0,24,0.3742166299298198,-26.31063560970037,1.852261832110287,0.9967112104986869
Pos78,ch01,962,984,80.0,81.83333333333333,22,0.3659936435004077,-26.39158077729288,1.893877647520327,0.9980369795612993
Pos78,ch01,984,1008,81.83333333333333,83.83333333333333,24,0.3583052400421397,-26.514768012682644,1.9345158906367803,0.9956487215621931
Pos78,ch01,1008,1031,83.83333333333333,85.75,23,0.36305539450375623,-27.6970586018878,1.9092050167919317,0.997584448874258
Pos78,ch01,1031,1063,85.75,88.41666666666667,32,0.3532790687469074,-27.630246208899212,1.9620386314382037,0.9950298963047642
Pos78,ch01,1063,1092,88.41666666666667,90.83333333333333,28,0.32925753680224495,-26.305517784439743,2.10518242738436,0.9986060116145085
Pos78,ch01,1092,1121,90.83333333333333,93.25,29,0.32934546015716154,-27.065668987337514,2.1046204196322607,0.9979527910853085
Pos78,ch01,1121,1147,93.25,95.41666666666667,26,0.34106556974237523,-28.906200421549755,2.0322988951465133,0.9983966552411411
Pos78,ch01,1147,1170,95.41666666666667,97.33333333333333,23,0.35638296703979766,-31.187363100698015,1.9449503614535562,0.9928625361093827
Pos78,ch01,1170,1201,97.33333333333333,99.91666666666667,31,0.3156087690473263,-27.926091758340068,2.1962228193222546,0.9978147568785524
Pos78,ch03,10,37,0.6666666666666666,2.9166666666666665,27,0.37033683472987367,2.5092533744369234,1.871666859888598,0.9967419588729528
Pos78,ch03,37,58,2.9166666666666665,4.666666666666667,21,0.353290158993459,1.8367732815333315,1.9619770404439105,0.9946251017408652
Pos78,ch03,58,81,4.666666666666667,6.583333333333333,23,0.382124295111441,0.984823300832219,1.813931198375646,0.9943162603382488
Pos78,ch03,81,106,6.583333333333333,8.666666666666666,25,0.36971690190551076,0.2097347789061345,1.874805227966273,0.9892147447543057
Pos78,ch03,106,134,8.666666666666666,11.0,28,0.3654970818509753,-0.49864131170101106,1.896450655774492,0.9931784025873973
Pos78,ch03,134,164,11.0,13.5,30,0.3414125396633007,-0.9818125166734465,2.0302335152760453,0.9975217264057491
Pos78,ch03,164,186,13.5,15.333333333333334,22,0.35205621699542733,-1.8339168492297666,1.9688536861399843,0.9968286182379469
Pos78,ch03,186,210,15.333333333333334,17.333333333333332,24,0.3486956628961363,-2.5196123185873693,1.9878285115533787,0.9940116976457206
Pos78,ch03,210,236,17.333333333333332,19.5,26,0.34124966090079756,-3.1884724499807855,2.031202547513873,0.9919247343403776
Pos78,ch03,236,259,19.5,21.416666666666668,23,0.38967730401500084,-4.893247589624509,1.778772264687148,0.9865068696487493
Pos78,ch03,259,289,21.416666666666668,23.916666666666668,30,0.37799994343005167,-5.492593190325775,1.8337229743215853,0.9950915204822128
Pos78,ch03,289,315,23.916666666666668,26.083333333333332,26,0.352764261022874,-5.695384894952164,1.9649019391876552,0.9957397143284442
Pos78,ch03,315,335,26.083333333333332,27.75,20,0.3685224359801207,-6.813240759576635,1.8808819026620565,0.9954406468927631
Pos78,ch03,335,367,27.75,30.416666666666668,32,0.36384413428942464,-7.467724634890928,1.9050662501778088,0.9965215869999259
Pos78,ch03,367,387,30.416666666666668,32.083333333333336,20,0.3352531278532935,-7.336598124850201,2.0675338213794863,0.9939689119904225
Pos78,ch03,387,412,32.083333333333336,34.166666666666664,25,0.3565472845277574,-8.746300871694027,1.94405401650446,0.9887785593339944
Pos78,ch03,412,438,34.166666666666664,36.333333333333336,26,0.36553712590848303,-9.851878223088116,1.8962429023789056,0.9943963088082105
Pos78,ch03,438,467,36.333333333333336,38.75,29,0.3741798087688071,-10.997137915616316,1.852444103920683,0.995191716217115
Pos78,ch03,467,492,38.75,40.833333333333336,24,0.36165836019366204,-11.317827298094755,1.9165800016036585,0.988625609431685
Pos78,ch03,492,516,40.833333333333336,42.833333333333336,24,0.3582601699787325,-11.933451796730155,1.9347592577793193,0.9912279997479343
Pos78,ch03,516,541,42.833333333333336,44.916666666666664,25,0.36166433349335914,-12.853592891907459,1.9165483470950913,0.9871413495554292
Pos78,ch03,541,567,44.916666666666664,47.083333333333336,26,0.3726027261179957,-14.132114637348954,1.8602847804727,0.9922720209211885
Pos78,ch03,567,593,47.083333333333336,49.25,26,0.40020291480462344,-16.29828916439341,1.7319893357057017,0.9936068438340744
Pos78,ch03,593,624,49.25,51.833333333333336,31,0.34654743935216203,-14.475768786302645,2.0001509226434306,0.9947854564625446
Pos78,ch03,624,650,51.833333333333336,54.0,26,0.36267160990226976,-16.04066412470819,1.9112253665147094,0.9980708643198097
Pos78,ch03,650,673,54.0,55.916666666666664,23,0.3553667689732349,-16.404384915914527,1.9505120936396587,0.9886133688259852
Pos78,ch03,673,697,55.916666666666664,57.916666666666664,24,0.37688713172610255,-18.356492508994727,1.839137296583743,0.9961799177830243
Pos78,ch03,697,718,57.916666666666664,59.666666666666664,21,0.3764092474452195,-19.08568652642407,1.8414722413556592,0.9952818141350309
Pos78,ch03,718,746,59.666666666666664,62.0,28,0.3714745093021023,-19.522591619682593,1.865934709388746,0.993571222248967
Pos78,ch03,746,767,62.0,63.75,21,0.3618271078310394,-19.679970040859914,1.9156861538511947,0.9903299699953108
Pos78,ch03,767,799,63.75,66.41666666666667,32,0.3601775028114747,-20.315929900014165,1.924459954187518,0.9976140231032041
Pos78,ch03,799,825,66.41666666666667,68.58333333333333,26,0.3525421088055985,-20.621189880939998,1.9661401099241902,0.9980441995072588
Pos78,ch03,825,851,68.58333333333333,70.75,26,0.35385851295987597,-21.45145557886485,1.9588257882001026,0.9940190551756205
Pos78,ch03,851,876,70.75,72.83333333333333,25,0.35540239215438857,-22.293100125866122,1.9503165872300563,0.9976672973650791
Pos78,ch03,876,903,72.83333333333333,75.08333333333333,27,0.35665606882738576,-23.176629760365174,1.943461057143582,0.9980551408151133
Pos78,ch03,903,926,75.08333333333333,77.0,23,0.3457274076797538,-23.11703481123636,2.0048950854425907,0.9926492574455945
Pos78,ch03,926,951,77.0,79.08333333333333,25,0.36572260687252184,-25.438481485590305,1.8952811981938875,0.9958005352508114
Pos78,ch03,951,973,79.08333333333333,80.91666666666667,22,0.37086887288779713,-26.627411363725177,1.8689818187293663,0.9956837214331664
Pos78,ch03,973,999,80.91666666666667,83.08333333333333,26,0.37867036209337124,-28.060709059877965,1.8304764511489058,0.9862007839069451
Pos78,ch03,999,1028,83.08333333333333,85.5,29,0.36133982383680285,-27.411060529854705,1.918269548039082,0.9950734997789564
Pos78,ch03,1028,1052,85.5,87.5,24,0.3594815794163613,-27.99603814867023,1.9281855323026815,0.9950885252783646
Pos78,ch03,1052,1077,87.5,89.58333333333333,25,0.3584389982026784,-28.632726407469214,1.9337939901506114,0.9934806956913093
Pos78,ch03,1077,1102,89.58333333333333,91.66666666666667,25,0.35153462610703684,-28.81794032415552,1.9717749805644829,0.9901085193553999
Pos78,ch03,1102,1133,91.66666666666667,94.25,31,0.3494558263288775,-29.391749457917072,1.9835044327108036,0.9919699654821427
Pos78,ch03,1133,1157,94.25,96.25,24,0.3386715952005787,-29.189750686122945,2.0466646461727267,0.9960831813037379
Pos78,ch03,1157,1186,96.25,98.66666666666667,23,0.34255393761605013,-30.231156740113487,2.0234687284104607,0.9940975925911885
Pos78,ch04,24,53,1.8333333333333333,4.25,29,0.3412181755186568,1.97216947335095,2.0313899736036953,0.9949449205709978
Pos78,ch04,53,80,4.25,6.5,27,0.37416799035284215,1.074927498088099,1.852502614951921,0.9959603064650949
Pos78,ch04,80,102,6.5,8.333333333333334,22,0.3441774122041479,0.5923258356506427,2.0139240867695496,0.9888543984528094
Pos78,ch04,102,131,8.333333333333334,10.75,29,0.3708296339207117,-0.3105108256392844,1.8691795831725502,0.9983570386646797
Pos78,ch04,131,150,10.75,12.333333333333334,19,0.31400557634967935,-0.5054799070650893,2.2074358953041346,0.9961962568743633
Pos78,ch04,150,179,12.333333333333334,14.75,29,0.33900604272590545,-1.4466024510607067,2.0446455024412984,0.9954052394355951
Pos78,ch04,179,203,14.75,16.75,24,0.3074591375709057,-1.7128389737139142,2.2544367555187486,0.9929492012275691
Pos78,ch04,203,232,16.75,19.166666666666668,29,0.35028786647373994,-3.1734049396405304,1.978793006842298,0.9963861482511809
Pos78,ch04,232,261,19.166666666666668,21.583333333333332,29,0.353126659461499,-3.9987823454976397,1.962885446306889,0.9980060139101822
Pos78,ch04,261,283,21.583333333333332,23.416666666666668,22,0.347581918000037,-4.615789805127547,1.9941980427182966,0.9963977968165859
Pos78,ch04,283,304,23.416666666666668,25.166666666666668,21,0.3797415784677144,-6.084146002376713,1.8253128439525792,0.9964531684580238
Pos78,ch04,304,328,25.166666666666668,27.166666666666668,24,0.3466364079493909,-5.9509369372212495,1.9996375587331414,0.9951109002700499
Pos78,ch04,328,353,27.166666666666668,29.25,25,0.35730577446949574,-6.953050523250104,1.9399271718714453,0.9962527970594189
Pos78,ch04,353,374,29.25,31.0,21,0.34228535307141916,-7.1978185275947695,2.025056504288448,0.9963843436162007
Pos78,ch04,374,402,31.0,33.333333333333336,28,0.36632267885925357,-8.67399669422884,1.892176544238099,0.9987009859370195
Pos78,ch04,402,426,33.333333333333336,35.333333333333336,24,0.35170299273720196,-8.95647034023286,1.9708310559582751,0.9950056818725497
Pos78,ch04,426,447,35.333333333333336,37.083333333333336,21,0.3617589835567993,-10.041632875441314,1.9160469043365584,0.9972996332725591
Pos78,ch04,447,469,37.083333333333336,38.916666666666664,22,0.35270474367658194,-10.356668912770834,1.9652335075922236,0.9895194331704152
Pos78,ch04,469,492,38.916666666666664,40.833333333333336,23,0.37679081978455237,-12.002176225088768,1.8396074006163003,0.9952675933745282
Pos78,ch04,492,516,40.833333333333336,42.833333333333336,24,0.38866277115634834,-13.217941911522537,1.783415423344242,0.9971331705026227
Pos78,ch04,516,543,42.833333333333336,45.083333333333336,27,0.38444804220776524,-13.831031295425273,1.8029671228897854,0.9988285016380323
Pos78,ch04,543,568,45.083333333333336,47.166666666666664,25,0.3784385520585129,-14.391957608486845,1.8315976974057686,0.9985157000236976
Pos78,ch04,568,592,47.166666666666664,49.166666666666664,24,0.36782377901481117,-14.56790723119018,1.8844545135621433,0.9984581832541559
Pos78,ch04,592,616,49.166666666666664,51.166666666666664,24,0.37928646304168545,-15.90352827130678,1.8275030830292642,0.9986220293698898
Pos78,ch04,616,636,51.166666666666664,52.833333333333336,20,0.35250429901010893,-15.270656699807896,1.9663509991407724,0.99050893308179
Pos78,ch04,636,663,52.833333333333336,55.083333333333336,27,0.3260450666097773,-14.528717906838231,2.1259244550678305,0.9968966926275078
Pos78,ch04,663,690,55.083333333333336,57.333333333333336,27,0.3656158860985525,-17.49158271937134,1.8958344177996305,0.9948494082098591
Pos78,ch04,690,714,57.333333333333336,59.333333333333336,24,0.33526374638267487,-16.478305874235105,2.067468338102913,0.9952265482592506
Pos78,ch04,714,738,59.333333333333336,61.333333333333336,24,0.3649612858736891,-18.906881330456933,1.8992348158260253,0.9988217455339402
Pos78,ch04,738,759,61.333333333333336,63.083333333333336,21,0.35308842204279417,-18.85623129610335,1.9630980153632342,0.99182536826492
Pos78,ch04,759,783,63.083333333333336,65.08333333333333,24,0.35470167820951215,-19.651644054015527,1.9541694419345912,0.9931851837070715
Pos78,ch04,783,810,65.08333333333333,67.33333333333333,27,0.3446925212020583,-19.78648497224308,2.010914475726682,0.9965264649341051
Pos78,ch04,810,834,67.33333333333333,69.33333333333333,24,0.36256612648484987,-21.711115553695603,1.9117814101392867,0.9982584771262303
Pos78,ch04,834,861,69.33333333333333,71.58333333333333,27,0.34722970564612676,-21.407664169527973,1.9962208569400293,0.9981415011904308
Pos78,ch04,861,885,71.58333333333333,73.58333333333333,24,0.3604768389016651,-23.11488970464421,1.9228619033386212,0.998428650528557
Pos78,ch04,885,910,73.58333333333333,75.66666666666667,25,0.34844949003094666,-22.96285488928751,1.9892328741775032,0.9971990126898452
Pos78,ch04,910,938,75.66666666666667,78.0,28,0.3496587904171204,-23.802635068785797,1.9823530812225982,0.9964880869741418
Pos78,ch04,938,963,78.0,80.08333333333333,25,0.3601804963868618,-25.38912947691791,1.9244439593848843,0.9980328167145504
Pos78,ch04,963,987,80.08333333333333,82.08333333333333,24,0.3281243640283355,-23.50950112312628,2.112452644632289,0.9947844832316395
Pos78,ch04,987,1017,82.08333333333333,84.58333333333333,30,0.3582279371783133,-26.802125433631794,1.934933344450243,0.9982567116254213
Pos78,ch04,1017,1042,84.58333333333333,86.66666666666667,25,0.3455396701120688,-26.489145694775267,2.0059843789719918,0.9989409926283623
Pos78,ch04,1042,1069,86.66666666666667,88.91666666666667,27,0.36146879468359905,-28.600244000664294,1.9175851159342012,0.9986145900550549
Pos78,ch04,1069,1096,88.91666666666667,91.16666666666667,27,0.32743785452046026,-26.30164991023083,2.1168816341503156,0.9984543291392197
Pos78,ch04,1096,1122,91.16666666666667,93.33333333333333,26,0.33568050390723364,-27.782922706698944,2.064901513468589,0.998901922643534
Pos78,ch04,1122,1145,93.33333333333333,95.25,23,0.34558226379497825,-29.500310862303564,2.0057371375145716,0.9974431255239933
Pos78,ch04,1145,1171,95.25,97.41666666666667,26,0.34542253850193216,-30.23031289473317,2.0066646014648173,0.9979958127996175
Pos78,ch04,1171,1197,97.41666666666667,99.58333333333333,26,0.3387249368473542,-30.318461622182372,2.046342341993884,0.9984443068429527
Pos78,ch08,25,49,1.9166666666666667,3.9166666666666665,24,0.3370517787337442,2.2738326078143127,2.0565005862422714,0.9886563741322997
Pos78,ch08,49,74,3.9166666666666665,6.0,25,0.35954793373237975,1.4105503406010336,1.9278296870310248,0.9940433591614317
Pos78,ch08,74,94,6.0,7.666666666666667,20,0.34160335483313103,0.7908732173261753,2.029099453366139,0.9859809982161823
Pos78,ch08,94,127,7.666666666666667,10.416666666666666,33,0.3475467742462803,-0.015856783840103986,1.9943996950141853,0.9965902984721438
Pos78,ch08,127,149,10.416666666666666,12.25,22,0.3222341511839583,-0.46269588811108237,2.1510667879651235,0.9907996801376753
Pos78,ch08,149,172,12.25,14.166666666666666,23,0.37323585470347254,-1.7264645566845225,1.8571291365097682,0.9931123035316247
Pos78,ch08,172,195,14.166666666666666,16.083333333333332,23,0.3481076736796822,-2.06306406682263,1.9911861558034991,0.9887767119505081
Pos78,ch08,195,232,16.083333333333332,19.166666666666668,35,0.3342877870598998,-2.586314850592537,2.073504349818627,0.9978922536810901
Pos78,ch08,232,250,19.166666666666668,20.666666666666668,18,0.3504554148915953,-3.6337372960922476,1.9778469702753863,0.9964696111589607
Pos78,ch08,250,274,20.666666666666668,22.666666666666668,24,0.34648411483086905,-4.236684461270102,2.0005164764863594,0.9940817115775404
Pos78,ch08,274,298,22.666666666666668,24.666666666666668,24,0.3469925495465309,-4.971227473542294,1.9975851973357595,0.9976464150367671
Pos78,ch08,298,320,24.666666666666668,26.5,22,0.3664701652791215,-6.189054638623809,1.891415035196687,0.995522971628743
Pos78,ch08,320,345,26.5,28.583333333333332,25,0.3474565755013207,-6.469458937777874,1.9949174355381012,0.9935864296943981
Pos78,ch08,345,368,28.583333333333332,30.5,23,0.3720719412739343,-7.881884917376658,1.862938597806338,0.9982731762103174
Pos78,ch08,368,391,30.5,32.416666666666664,23,0.3455401740603718,-7.740308671983287,2.00598145337173,0.994247853631715
Pos78,ch08,391,421,32.416666666666664,34.916666666666664,30,0.3558484648587977,-8.815670666802678,1.9478717741131448,0.998208780430135
Pos78,ch08,421,443,34.916666666666664,36.75,22,0.35632948818668,-9.597841162760005,1.945242264644703,0.9975084646600102
Pos78,ch08,443,468,36.75,38.833333333333336,25,0.3688026515472557,-10.802863283842568,1.879452812098696,0.996855038417849
Pos78,ch08,468,490,38.833333333333336,40.666666666666664,22,0.3772367989029395,-11.853463867190447,1.837432569080535,0.9958554261490306
Pos78,ch08,490,519,40.666666666666664,43.083333333333336,24,0.3583706505888876,-11.860639591826525,1.9341627988255756,0.9964561350144544
Pos78,ch08,519,543,43.083333333333336,45.083333333333336,23,0.36173392611252336,-12.720693252011312,1.9161796296218296,0.9980483338449342
Pos78,ch08,543,568,45.083333333333336,47.166666666666664,25,0.37224878001333916,-13.914104524134206,1.8620535990342455,0.9994700413257619
Pos78,ch08,568,590,47.166666666666664,49.0,22,0.3507840175783941,-13.638984545563748,1.975994189658424,0.9967119076516769
Pos78,ch08,590,619,49.0,51.416666666666664,29,0.3334879885591181,-13.50018616582434,2.078477199598059,0.998812782180954
Pos78,ch08,619,639,51.416666666666664,53.083333333333336,20,0.3337534593505107,-14.244125036229159,2.0768239583458405,0.9944526020524369
Pos78,ch08,639,662,53.083333333333336,55.0,23,0.351616408593993,-15.855723738472784,1.971316365273253,0.9980627377220767
Pos78,ch08,662,686,55.0,57.0,23,0.3587305267391251,-17.023241556823294,1.9322224591831674,0.9975380902763065
Pos78,ch08,686,708,57.0,58.833333333333336,22,0.3749873831178664,-18.712043694140284,1.8484546727858164,0.9934938011887742
Pos78,ch08,708,739,58.833333333333336,61.416666666666664,31,0.34788341280270296,-17.843524186895102,1.99246976156651,0.9985999176025011
Pos78,ch08,739,762,61.416666666666664,63.333333333333336,23,0.33294390166229104,-17.63941851198281,2.0818737844401567,0.9973715149656375
Pos78,ch08,762,788,63.333333333333336,65.5,26,0.37226120963992393,-20.92217602334361,1.8619914259409511,0.9989799471069574
Pos78,ch08,788,818,65.5,68.0,25,0.34151511749920366,-19.703232455111017,2.029623712225745,0.9969140130541505
Pos78,ch08,818,845,68.0,70.25,25,0.3565623383274455,-21.521208097052135,1.9439719399736504,0.9968061396687987
Pos78,ch08,845,873,70.25,72.58333333333333,21,0.36088665023756783,-22.566802183036884,1.9206783628700421,0.9969435796227663
Pos78,ch08,873,898,72.58333333333333,74.66666666666667,25,0.3724950084547756,-24.19884759986105,1.8608227354114997,0.998423526066016
Pos78,ch08,898,925,74.66666666666667,76.91666666666667,24,0.3673427772868014,-24.587649654658563,1.8869220341816422,0.9978162591286839
Pos78,ch08,925,949,76.91666666666667,78.91666666666667,24,0.34522187020475326,-23.611722173579565,2.0078310222606564,0.9968076744084327
Pos78,ch08,949,972,78.91666666666667,80.83333333333333,19,0.3585432895583691,-25.388671073149712,1.9332314974119862,0.999080401045116
Pos78,ch08,972,998,80.83333333333333,83.0,26,0.3384921984672554,-24.498260890399195,2.047749353452227,0.9976805850688806
Pos78,ch08,998,1030,83.0,85.66666666666667,32,0.3143461732167338,-23.223200071575206,2.205044118930749,0.9948317356614834
Pos78,ch08,1030,1047,85.66666666666667,87.08333333333333,17,0.3438293497524965,-26.51951245199164,2.0159628055571845,0.996405323624583
Pos78,ch08,1047,1069,87.08333333333333,88.91666666666667,20,0.34104106184859495,-26.958904300365496,2.032444940215638,0.9890109523331888
Pos78,ch08,1069,1106,88.91666666666667,92.0,29,0.31411612153843704,-25.293595742990476,2.206659044321378,0.9976408808644827
Pos78,ch08,1106,1138,92.0,94.66666666666667,32,0.3315846628005879,-27.63385589454768,2.09040784548228,0.9983299862286428
Pos78,ch08,1138,1162,94.66666666666667,96.66666666666667,22,0.3502506604882149,-30.155093703264406,1.9790032075707336,0.998654223394415
Pos78,ch08,1162,1184,96.66666666666667,98.5,22,0.34377406575286934,-30.321503241171897,2.0162870024588524,0.9955348540043644
Pos80,ch00,15,39,1.0833333333333333,3.0833333333333335,24,0.37621253433487717,2.5341077937119763,1.8424351059578357,0.997153078781611
Pos80,ch00,39,60,3.0833333333333335,4.833333333333333,21,0.3782788702662147,1.6401430332475468,1.8323708645744374,0.9968410798143672
Pos80,ch00,60,90,4.833333333333333,7.333333333333333,30,0.3545731995042889,0.9971547034710498,1.9548775303068584,0.9975772823517804
Pos80,ch00,90,116,7.333333333333333,9.5,26,0.37028851220969206,0.10893208376434499,1.8719111117533682,0.9990838548740821
Pos80,ch00,116,141,9.5,11.583333333333334,25,0.3796535692912561,-0.7508380216179578,1.825735977812416,0.9972469234639002
Pos80,ch00,141,169,11.583333333333334,13.916666666666666,28,0.37734541090902946,-1.5068759785205834,1.8369036975702069,0.9973770579610969
Pos80,ch00,169,189,13.916666666666666,15.583333333333334,20,0.37510607825404535,-2.202032636592707,1.8478697646976079,0.9986044601711955
Pos80,ch00,189,215,15.583333333333334,17.75,26,0.3671841698768655,-2.8682292116965993,1.8877371014997484,0.9967931044814047
Pos80,ch00,215,235,17.75,19.416666666666668,20,0.39243372914908586,-4.02776760582381,1.7662783014673495,0.9980303603197789
Pos80,ch00,235,260,19.416666666666668,21.5,25,0.3643549361607199,-4.239857402858279,1.9023954714701394,0.9966161630247637
Pos80,ch00,260,283,21.5,23.416666666666668,23,0.3839448802985478,-5.5592695106411325,1.805329921370401,0.9961733133754219
Pos80,ch00,283,309,23.416666666666668,25.583333333333332,26,0.3273996413232229,-5.0281272718532675,2.117128710827269,0.9953994777305808
Pos80,ch00,309,338,25.583333333333332,28.0,29,0.33649372892373286,-5.985006246910091,2.059911139434782,0.9958046835906352
Pos80,ch00,338,365,28.0,30.25,27,0.36167302567966675,-7.4104844421192055,1.9165022861668006,0.9976101118809733
Pos80,ch00,365,392,30.25,32.5,27,0.36129634030093705,-8.215237525883635,1.9185004198564464,0.9983558307656432
Pos80,ch00,392,415,32.5,34.416666666666664,23,0.36511785588933604,-9.057991560717829,1.8984203850332426,0.9968104445130517
Pos80,ch00,415,444,34.416666666666664,36.833333333333336,29,0.36988242288049533,-10.008187682478333,1.8739662597697782,0.9976720989070252
Pos80,ch00,444,468,36.833333333333336,38.833333333333336,24,0.3689665596288499,-10.793947565929997,1.8786178922479981,0.9974376391786061
Pos80,ch00,468,492,38.833333333333336,40.833333333333336,24,0.3632676768346748,-11.32274781505464,1.9080893367658487,0.997032270287652
Pos80,ch00,492,520,40.833333333333336,43.166666666666664,28,0.36813415087065243,-12.248562811629958,1.8828657404389777,0.9994150139464194
Pos80,ch00,520,542,43.166666666666664,45.0,22,0.378462087076831,-13.499669549681391,1.831483797792487,0.9971957896189741
Pos80,ch00,542,564,45.0,46.833333333333336,22,0.37097841339519827,-13.88272720806897,1.8684299558463662,0.9981466203709949
Pos80,ch00,564,590,46.833333333333336,49.0,26,0.3808939021698418,-15.145914500849402,1.819790699224344,0.9936615429426072
Pos80,ch00,590,612,49.0,50.833333333333336,22,0.3672672572960734,-15.2574265852984,1.8873100359206891,0.9963740313071797
Pos80,ch00,612,642,50.833333333333336,53.333333333333336,30,0.33806251147081373,-14.531400699146763,2.050352100693624,0.9974772584835724
Pos80,ch00,642,670,53.333333333333336,55.666666666666664,28,0.2959944323711037,-13.030798941539318,2.341757495258933,0.9969399905284289
Pos80,ch00,670,698,55.666666666666664,58.0,28,0.3323303223032142,-15.766640940982938,2.0857175347590644,0.9962230700088214
Pos80,ch00,698,721,58.0,59.916666666666664,23,0.344673907770212,-17.279461445121598,2.0110230711808166,0.9957437420785031
Pos80,ch00,721,755,59.916666666666664,62.75,34,0.3566750476650361,-18.815381038491484,1.9433576447178327,0.99845713810249
Pos80,ch00,755,777,62.75,64.58333333333333,22,0.3544605124766083,-19.48384642709363,1.955499008103724,0.9945909162715851
Pos80,ch00,777,809,64.58333333333333,67.25,32,0.3381550689082663,-19.14980284782929,2.0497908926746864,0.998090977818404
Pos80,ch00,809,834,67.25,69.33333333333333,25,0.38438240443625876,-23.050163261700906,1.8032750005207074,0.9975604084348588
Pos80,ch00,834,862,69.33333333333333,71.66666666666667,28,0.3496648031441066,-21.444984554456248,1.982318993296789,0.9966522565476584
Pos80,ch00,862,887,71.66666666666667,73.75,25,0.2774251320435607,-17.061996497459127,2.4985017595706105,0.9973986204723683
Pos80,ch00,887,928,73.75,77.16666666666667,41,0.19564340475569744,-11.705458246750919,3.54291104995585,0.9938848459530526
Pos80,ch07,17,38,1.25,3.0,21,0.394440860217894,2.3499641764200754,1.7572905103620406,0.9877653827646558
Pos80,ch07,38,61,3.0,4.916666666666667,23,0.3890875553125279,1.536260364026546,1.7814683895587118,0.993203349609292
Pos80,ch07,61,88,4.916666666666667,7.166666666666667,27,0.3681988014050727,0.8607507248076298,1.882535135679004,0.9939560594804432
Pos80,ch07,88,116,7.166666666666667,9.5,26,0.396516085914724,-0.22697722365514428,1.7480934700566366,0.991758444328331
Pos80,ch07,116,143,9.5,11.75,27,0.38216555309570666,-0.9054311295905193,1.8137353692533318,0.9953827193469736
Pos80,ch07,143,171,11.75,14.083333333333334,28,0.38050117329803906,-1.657375675656382,1.8216689703004325,0.9923981319912949
Pos80,ch07,171,196,14.083333333333334,16.166666666666668,25,0.3651901867663988,-2.2205117244792048,1.898044377088727,0.9893010751249005
Pos80,ch07,196,216,16.166666666666668,17.833333333333332,20,0.39730223446461804,-3.5613107914523394,1.744634488386382,0.9856079308820275
Pos80,ch07,216,245,17.833333333333332,20.25,29,0.37118367229562993,-3.8914689271827525,1.8673967426236544,0.992225099607944
Pos80,ch07,245,266,20.25,22.0,21,0.36558763555582685,-4.591769823603039,1.8959809171502975,0.9867639564941895
Pos80,ch07,266,294,22.0,24.333333333333332,28,0.39795232206354886,-6.177581074231298,1.741784485552661,0.9854930107161755
Pos80,ch07,294,322,24.333333333333332,26.666666666666668,28,0.37762253826723224,-6.577516509853652,1.835555641727681,0.99513551576983
Pos80,ch07,322,347,26.666666666666668,28.75,25,0.3777872039834162,-7.3360695459602,1.8347555799967552,0.992417834212496
Pos80,ch07,347,375,28.75,31.083333333333332,28,0.3657860695754797,-7.745936350428201,1.8949523730206321,0.9818876103544361
Pos80,ch07,375,400,31.083333333333332,33.166666666666664,25,0.37048579241543905,-8.775365416955111,1.8709143366628602,0.9928151311208996
Pos80,ch07,400,425,33.166666666666664,35.25,25,0.3810735529747057,-9.969698265880627,1.818932789087974,0.985281575162337
Pos80,ch07,425,452,35.25,37.5,27,0.37874095261734,-10.7467141354616,1.8301352831529283,0.9923691099039913
Pos80,ch07,452,482,37.5,40.0,28,0.35908807057330033,-10.799016613181236,1.9302985461291,0.9888012474169094
Pos80,ch07,482,504,40.0,41.833333333333336,22,0.3817677273145176,-12.547305102268986,1.81562539462352,0.9900647530474852
Pos80,ch07,504,532,41.833333333333336,44.166666666666664,28,0.3843581942586423,-13.513838083632953,1.8033885862558525,0.9934737001713336
Pos80,ch07,532,563,44.166666666666664,46.75,29,0.35616747019242984,-13.072275241084249,1.946127141216609,0.9908586589675527
Pos80,ch07,563,584,46.75,48.5,21,0.41318342789464135,-16.542191071962932,1.677577399683834,0.9915945318104606
Pos80,ch07,584,607,48.5,50.416666666666664,23,0.38762873888570354,-16.041841106878156,1.7881728340176737,0.9925429176405999
Pos80,ch07,607,630,50.416666666666664,52.333333333333336,23,0.37983511550993476,-16.40314655935367,1.8248633479539775,0.9877080832048823
Pos80,ch07,630,657,52.333333333333336,54.583333333333336,27,0.3799103550621529,-17.15678579479924,1.824501941902971,0.9914032094247635
Pos80,ch07,657,681,54.583333333333336,56.583333333333336,24,0.37579919413801904,-17.77842251921241,1.8444615937770596,0.9858063688902479
Pos80,ch07,681,713,56.583333333333336,59.25,32,0.35750795860532897,-17.41755556387778,1.9388300704240975,0.9904760892866735
Pos80,ch07,713,731,59.25,60.75,18,0.33673814832291077,-16.958247469939035,2.0584159650817484,0.984406892963801
Pos80,ch07,731,755,60.75,62.75,24,0.36382636799705576,-19.312005018398203,1.905159277970624,0.9842323305845656
Pos80,ch07,755,783,62.75,65.08333333333333,28,0.3650872698235187,-20.14870879254049,1.8985794297758152,0.9890459580987585
Pos80,ch07,783,803,65.08333333333333,66.75,20,0.3409179994302728,-19.32143848962953,2.033178599306292,0.9871302878187667
Pos80,ch07,803,833,66.75,69.25,30,0.3742557515257535,-22.38236235864051,1.852068212002476,0.9936346197241824
Pos80,ch07,833,860,69.25,71.5,24,0.385222278875716,-24.00726514678261,1.7993434403194912,0.9915992698204571
Pos80,ch07,860,886,71.5,73.66666666666667,26,0.3663387927649731,-23.43345177446082,1.8920933143016554,0.9870905271095048
Pos80,ch07,886,911,73.66666666666667,75.75,25,0.3786882663602291,-25.180187015559245,1.8303899067751561,0.989247811797635
Pos80,ch07,911,942,75.75,78.33333333333333,31,0.37585818085692435,-25.812147590871245,1.8441721262515274,0.988582974101458
Pos80,ch07,942,962,78.33333333333333,80.0,20,0.3675550868894483,-25.89747761145682,1.8858320977840994,0.9877686817480178
Pos80,ch07,962,988,80.0,82.16666666666667,26,0.3858988280702546,-28.171545010445445,1.7961888716432037,0.9937663195566921
Pos80,ch07,988,1012,82.16666666666667,84.16666666666667,24,0.39319073775776253,-29.572461849458815,1.7628776926759153,0.9918365570775479
Pos80,ch07,1012,1035,84.16666666666667,86.08333333333333,23,0.3951063944280935,-30.52852861576858,1.7543304546190863,0.988514994337114
Pos80,ch07,1035,1061,86.08333333333333,88.25,26,0.3756258256354838,-29.658941760509833,1.845312897182399,0.9938322478528393
Pos80,ch07,1061,1093,88.25,90.91666666666667,32,0.3510148909939912,-28.369526636799524,1.9746945167970404,0.9908356401979111
Pos80,ch07,1093,1127,90.91666666666667,93.75,34,0.33273020698835887,-27.510047125475978,2.0832108597347645,0.9928324829325477
Pos80,ch07,1127,1146,93.75,95.33333333333333,19,0.3496189446908406,-29.823592453924384,1.9825790080479713,0.9883956015397637
Pos80,ch07,1146,1180,95.33333333333333,98.16666666666667,34,0.34531073165464016,-30.133908778051914,2.007314331757262,0.9921434722685738
Pos80,ch07,1180,1201,98.16666666666667,99.91666666666667,21,0.3460364798904829,-30.909900370350933,2.0031043570299856,0.9857784517886483
Pos81,ch09,13,38,0.9166666666666666,3.0,25,0.3473219025880516,2.8156180183498103,1.995690958142847,0.9934302689483211
Pos81,ch09,38,54,3.0,4.333333333333333,16,0.3596817478238405,2.035791055860339,1.9271124674900781,0.9748186609635804
Pos81,ch09,54,79,4.333333333333333,6.416666666666667,25,0.39768853650995006,0.9499965762357225,1.7429398057155288,0.9909653327311965
Pos81,ch09,79,110,6.416666666666667,9.0,31,0.3645664758452777,0.36038826114314354,1.9012916065659244,0.9916331776882754
Pos81,ch09,110,132,9.0,10.833333333333334,22,0.4007652196851613,-0.8021497732443007,1.729559219496336,0.9917568403187439
Pos81,ch09,132,159,10.833333333333334,13.083333333333334,27,0.4078507090591762,-1.6790723699178676,1.699512015459987,0.9925832774231919
Pos81,ch09,159,184,13.083333333333334,15.166666666666666,25,0.3872396706028816,-2.2778765936772434,1.7899694509108677,0.9916817782459711
Pos81,ch09,184,209,15.166666666666666,17.25,25,0.29076793176784604,-1.627913793261665,2.3838501596295893,0.9791341772290455
Pos81,ch09,209,280,17.25,23.166666666666668,71,0.23001179636813807,-1.2476751185503518,3.013528834193141,0.9951527720777805
Pos82,ch00,9,32,0.5833333333333334,2.5,23,0.3334182872881936,2.6731816547255267,2.0789117063660525,0.9861385133243241
Pos82,ch00,32,62,2.5,5.0,30,0.3272527108606507,1.960080603292148,2.118079262772244,0.9926084403005591
Pos82,ch00,62,84,5.0,6.833333333333333,22,0.3044908797067526,1.3823732702310583,2.2764136030198925,0.9838719081936786
Pos82,ch00,84,111,6.833333333333333,9.083333333333334,27,0.31088076713208057,0.7069711102435872,2.2296238746266837,0.9926378750524233
Pos82,ch00,111,135,9.083333333333334,11.083333333333334,24,0.2756661720687588,0.31005090385828393,2.5144441022928814,0.9740291090916278
Pos82,ch00,135,181,11.083333333333334,14.916666666666666,46,0.18754129188985222,0.6912690003531202,3.6959710236348817,0.971028283277579
Pos82,ch01,24,48,1.8333333333333333,3.8333333333333335,24,0.3376692974589455,2.378436723562294,2.0527397242688887,0.9877124889053303
Pos82,ch01,48,71,3.8333333333333335,5.75,23,0.3855674917176122,1.4670264123025336,1.797732421559033,0.9936582865943343
Pos82,ch01,71,92,5.75,7.5,21,0.3612917242025147,0.9673565994487971,1.9185249318675668,0.9928891206585622
Pos82,ch01,92,116,7.5,9.5,24,0.3476097198472621,0.38387191517427616,1.9940385466335941,0.986014777337678
Pos82,ch01,116,144,9.5,11.833333333333334,28,0.3605929920553362,-0.5621619110527071,1.9222425167197252,0.9909980353831531
Pos82,ch01,144,168,11.833333333333334,13.833333333333334,24,0.333419511239162,-0.9677576876225656,2.07890407488106,0.9885559775309454
Pos82,ch01,168,191,13.833333333333334,15.75,23,0.32544271632921057,-1.536308485990807,2.129859252584326,0.98417784050357
Pos82,ch01,191,218,15.75,18.0,27,0.33828474805838893,-2.467891260082168,2.049005119321271,0.9905414447236361
Pos82,ch01,218,241,18.0,19.916666666666668,23,0.33609989867094564,-3.0769519559036875,2.0623248721611853,0.9794809097737985
Pos82,ch01,241,264,19.916666666666668,21.833333333333332,23,0.2999090304359429,-2.982269467025234,2.3111914287889155,0.9709614568844255
Pos82,ch01,264,298,21.833333333333332,24.666666666666668,34,0.3321419701924085,-4.35486327265163,2.0869003100042067,0.9919637022067518
Pos82,ch01,298,320,24.666666666666668,26.5,22,0.3449008906975598,-5.420570769977373,2.0096995956086388,0.9945535703429679
Pos82,ch01,320,353,26.5,29.25,33,0.31750990976307836,-5.339036664042502,2.1830725884340505,0.9988172107445608
Pos82,ch01,353,369,29.25,30.583333333333332,16,0.35858183663442256,-7.1845688546834205,1.9330236775674032,0.98160028958257
Pos82,ch01,369,394,30.583333333333332,32.666666666666664,25,0.3310552275839029,-7.087909580128884,2.093750899566368,0.9950958484657934
Pos82,ch01,394,417,32.666666666666664,34.583333333333336,23,0.3390023237501639,-8.038872853896855,2.0446679329277315,0.995154857270538
Pos82,ch01,417,440,34.583333333333336,36.5,23,0.34404238801483034,-9.00756506002722,2.0147144791067615,0.9955635188272668
Pos82,ch01,440,469,36.5,38.916666666666664,29,0.33751368324834985,-9.570678671752688,2.0536861613693826,0.9876049369707207
Pos82,ch01,469,495,38.916666666666664,41.083333333333336,26,0.36043790177703683,-11.17404491510157,1.923069624871801,0.986368377366456
Pos82,ch01,495,518,41.083333333333336,43.0,23,0.33148457835089257,-10.689731770899392,2.091038997977804,0.9861496580391552
Pos82,ch01,518,545,43.0,45.25,27,0.34264534097841876,-11.848817401611642,2.022928952078186,0.986479353047098
Pos82,ch01,545,570,45.25,47.333333333333336,23,0.3265295983176934,-11.848099278925885,2.1227698319879575,0.9796109585162581
Pos82,ch01,570,592,47.333333333333336,49.166666666666664,22,0.3586286717506489,-14.077166167611052,1.9327712343141485,0.9802666180962887
Pos82,ch01,592,625,49.166666666666664,51.916666666666664,33,0.3165363144327501,-12.808847850053523,2.1897872343718348,0.997277331691289
Pos82,ch01,625,649,51.916666666666664,53.916666666666664,24,0.3126616703847213,-13.274891091500306,2.216924062700258,0.9917451832900839
Pos82,ch01,649,672,53.916666666666664,55.833333333333336,23,0.3565688536039701,-16.306612742492344,1.943936419443416,0.9928115570853631
Pos82,ch01,672,693,55.833333333333336,57.583333333333336,21,0.3188029305169931,-14.918501772427083,2.1742183468511076,0.9904908170658693
Pos82,ch01,693,720,57.583333333333336,59.833333333333336,27,0.30013442767732446,-14.532202614990183,2.3094557526241215,0.9976962634697757
Pos82,ch01,720,757,59.833333333333336,62.916666666666664,37,0.23437110070978703,-11.289962859747872,2.957477173852776,0.9954025985698337
Pos82,ch03,14,44,1.0,3.5,30,0.3784083480042784,2.160221703246509,1.831743893113342,0.9838038700188918
Pos82,ch03,44,68,3.5,5.5,24,0.3827912429227803,1.3388709862905983,1.8107707356820921,0.9738126199043676
Pos82,ch03,68,96,5.5,7.833333333333333,28,0.3655049316299571,0.6508324132304169,1.896409926588072,0.9859258255189621
Pos82,ch03,96,118,7.833333333333333,9.666666666666666,22,0.39748833908251996,-0.36525546742140014,1.7438176479839966,0.9824820341718686
Pos82,ch03,118,144,9.666666666666666,11.833333333333334,26,0.3973589671224733,-1.249424482696699,1.7443853993769434,0.9791729113800364
Pos82,ch03,144,177,11.833333333333334,14.583333333333334,33,0.36613344674133325,-1.7457903293856853,1.8931544952505839,0.990469338650145
Pos82,ch03,177,199,14.583333333333334,16.416666666666668,22,0.40829581197237075,-3.1583730317145235,1.6976592956257175,0.9920697614208026
Pos82,ch03,199,229,16.416666666666668,18.916666666666668,30,0.38363893142108224,-3.6850313887071438,1.8067696570636798,0.993992342646666
Pos82,ch03,229,253,18.916666666666668,20.916666666666668,24,0.3561248367602745,-3.961033438891146,1.9463601215394517,0.9795480542394972
Pos82,ch03,253,279,20.916666666666668,23.083333333333332,26,0.39150063947872454,-5.49085387576208,1.7704879907293567,0.984874699351045
Pos82,ch03,279,303,23.083333333333332,25.083333333333332,24,0.37764622636697387,-6.017537553039572,1.8354405053325928,0.9929214102913917
Pos82,ch03,303,331,25.083333333333332,27.416666666666668,28,0.3926500135905591,-7.260414693103327,1.765305377737064,0.9953992653217281
Pos82,ch03,331,355,27.416666666666668,29.416666666666668,24,0.42826580500301825,-9.121917163751629,1.6184976070061448,0.9937205061424484
Pos82,ch03,355,383,29.416666666666668,31.75,28,0.37928011396910544,-8.437931478698976,1.8275336750621367,0.9862653609921965
Pos82,ch03,383,401,31.75,33.25,18,0.40096885457417286,-9.930071745818916,1.728680850526569,0.9840673401193272
Pos82,ch03,401,428,33.25,35.5,27,0.42575430209588994,-11.609458822516311,1.6280450418181145,0.9946298575717109
Pos82,ch03,428,455,35.5,37.75,27,0.4174289554136222,-12.237318796867239,1.6605153321793868,0.9783891431162157
Pos82,ch03,455,480,37.75,39.833333333333336,25,0.3848257417275499,-11.872393475122069,1.801197543200428,0.9885740945201429
Pos82,ch03,480,509,39.833333333333336,42.25,29,0.391346335326802,-12.956508332405935,1.771186077368319,0.9807595945081934
Pos82,ch03,509,531,42.25,44.083333333333336,22,0.43481623005782105,-15.674241188540096,1.5941152437381922,0.9855241981855664
Pos82,ch03,531,557,44.083333333333336,46.25,26,0.41386257905657653,-15.636115300908378,1.6748244843494042,0.970934827768547
Pos82,ch03,557,581,46.25,48.25,20,0.4279203858621672,-17.217082753154724,1.6198040651029124,0.9942362746999017
Pos82,ch03,581,609,48.25,50.583333333333336,28,0.42294306941152837,-17.890165484266035,1.6388663881509435,0.9871305580671624
Pos82,ch03,609,634,50.583333333333336,52.666666666666664,25,0.4213410215202675,-18.718745336060145,1.6450977834034688,0.9887620360248193
Pos82,ch03,634,657,52.666666666666664,54.583333333333336,23,0.37839864000991763,-17.341740434629223,1.8317908873609543,0.9847523234851031
Pos82,ch03,657,688,54.583333333333336,57.166666666666664,31,0.40749588125417546,-19.710949420576924,1.7009918687438093,0.9941823749993864
Pos82,ch03,688,711,57.166666666666664,59.083333333333336,23,0.36318007045170103,-17.974121138511745,1.9085496065294867,0.9967782453996364
Pos82,ch03,711,736,59.083333333333336,61.166666666666664,25,0.3980505353241091,-20.847990179384265,1.7413547252123562,0.9953226830350439
Pos82,ch03,736,758,61.166666666666664,63.0,22,0.3963778135831615,-21.491399861854358,1.7487032745199815,0.9895330268183976
Pos82,ch03,758,784,63.0,65.16666666666667,26,0.4333823774448623,-24.675548518717157,1.5993893998334807,0.9897826560680067
Pos82,ch03,784,808,65.16666666666667,67.16666666666667,24,0.4134335626518089,-24.210637642237582,1.676562435120221,0.9957492798244982
Pos82,ch03,808,837,67.16666666666667,69.58333333333333,29,0.38994537657448275,-23.423383899564072,1.7775494266632201,0.986368455710852
Pos82,ch03,837,858,69.58333333333333,71.33333333333333,21,0.382592654458347,-23.766491076982643,1.811710633967251,0.9824247672479003
Pos82,ch03,858,886,71.33333333333333,73.66666666666667,28,0.37942219434103297,-24.364933161911026,1.8268493274722075,0.9963282985911418
Pos82,ch03,886,908,73.66666666666667,75.5,22,0.4221392358722333,-28.367076378541046,1.6419871020227472,0.990974280441907
Pos82,ch03,908,934,75.5,77.66666666666667,26,0.3826422395895428,-26.2018636243609,1.8114758613776634,0.9893350927594488
Pos82,ch03,934,960,77.66666666666667,79.83333333333333,26,0.3505446948744179,-24.623978809865307,1.977343233815774,0.9931841139309528
Pos82,ch03,960,992,79.83333333333333,82.5,32,0.26797047117657774,-18.862242854123227,2.5866550800039443,0.9905513034175997
Pos82,ch07,8,30,0.5,2.3333333333333335,22,0.3669737626784729,2.6890190710350494,1.8888194499268653,0.9848594335932173
Pos82,ch07,30,53,2.3333333333333335,4.25,23,0.34447018541291846,2.040330181873184,2.012212405927281,0.9811008777612902
Pos82,ch07,53,78,4.25,6.333333333333333,25,0.3448428708188084,1.309636927720274,2.010037727948702,0.9842744918299144
Pos82,ch07,78,104,6.333333333333333,8.5,26,0.37644878091368267,0.3510752223915931,1.8412788557253412,0.9876339587655635
Pos82,ch07,104,129,8.5,10.583333333333334,25,0.3751443754922293,-0.3622809840610633,1.8476811218359932,0.9840415451912824
Pos82,ch07,129,151,10.583333333333334,12.416666666666666,22,0.37071409188381776,-1.0341772331272059,1.8697621583189734,0.9766280585610108
Pos82,ch07,151,176,12.416666666666666,14.5,25,0.3489537732610149,-1.5260295689443326,1.9863581759910538,0.982716880621431
Pos82,ch07,176,202,14.5,16.666666666666668,26,0.3406072068300587,-2.160160268613036,2.0350338062746323,0.9889243107029044
Pos82,ch07,202,223,16.666666666666668,18.416666666666668,21,0.34593014843277275,-3.008383892421319,2.0037200680548657,0.9837953769520766
Pos82,ch07,223,254,18.416666666666668,21.0,31,0.339165593267538,-3.607310036660032,2.043683658717063,0.9803462754817602
Pos82,ch07,254,284,21.0,23.5,30,0.35437633753555425,-4.7393027936879015,1.9559634973946376,0.9918496574045784
Pos82,ch07,284,305,23.5,25.25,21,0.37101108066808697,-5.862540417801203,1.8682654418616864,0.9971496930377387
Pos82,ch07,305,328,25.25,27.166666666666668,23,0.3813582146539212,-6.8473623433680215,1.817575061780089,0.9964230913711902
Pos82,ch07,328,352,27.166666666666668,29.166666666666668,24,0.396657226418144,-8.10755937127329,1.7474714549363852,0.9977491346840538
Pos82,ch07,352,381,29.166666666666668,31.583333333333332,29,0.36366321507547456,-7.926447196981532,1.906014003687697,0.9818918558448445
Pos82,ch07,381,401,31.583333333333332,33.25,20,0.3735861040954982,-9.064602512729458,1.855388016206189,0.9806510793030194
Pos82,ch07,401,438,33.25,36.333333333333336,37,0.34256503565836544,-8.820705451628125,2.023403174313475,0.9984499164951854
Pos82,ch07,438,457,36.333333333333336,37.916666666666664,19,0.3510709548353816,-9.934753084193542,1.9743791704015061,0.9632070958506057
Pos82,ch07,457,487,37.916666666666664,40.416666666666664,30,0.33738846942825707,-10.115817440646685,2.054448338837903,0.9905948343767801
Pos82,ch07,487,518,40.416666666666664,43.0,31,0.3322955732591221,-10.716146775440203,2.085935643865569,0.9852372907303687
Pos82,ch07,518,541,43.0,44.916666666666664,23,0.3515508439189393,-12.282465530503558,1.9716840182576019,0.9767624412518073
Pos82,ch07,541,567,44.916666666666664,47.083333333333336,26,0.3632917907135672,-13.56250948875138,1.9079626853072724,0.9777335741771424
Pos82,ch07,567,592,47.083333333333336,49.166666666666664,25,0.3526164611750815,-13.810450565793005,1.9657255315025781,0.9866257796929623
Pos82,ch07,592,613,49.166666666666664,50.916666666666664,21,0.3316846711105343,-13.528451938826624,2.0897775535998564,0.9937002071843363
Pos82,ch07,613,640,50.916666666666664,53.166666666666664,27,0.348041735327221,-15.07386790865176,1.9915633965801944,0.9902666195811352
Pos82,ch07,640,664,53.166666666666664,55.166666666666664,24,0.314405486697705,-14.006377908570101,2.204628131144522,0.9917981521298981
Pos82,ch07,664,690,55.166666666666664,57.333333333333336,26,0.3336898921714299,-15.779633076341591,2.077219588670812,0.9948308523160366
Pos82,ch07,690,716,57.333333333333336,59.5,26,0.32171397988645756,-15.770828154116783,2.15454479411985,0.9852789978943117
Pos82,ch07,716,742,59.5,61.666666666666664,26,0.36900274207383565,-19.350125964155062,1.878433684975842,0.9918224329390107
Pos82,ch07,742,768,61.666666666666664,63.833333333333336,26,0.3439045530147197,-18.61126082289904,2.0155219652770264,0.993292268002841
Pos82,ch07,768,798,63.833333333333336,66.33333333333333,30,0.3481792640021984,-19.58041668912757,1.9907767412466262,0.9971311451875022
Pos82,ch07,798,826,66.33333333333333,68.66666666666667,28,0.33950736547290916,-19.7693359270373,2.041626341727348,0.996055691250592
Pos82,ch07,826,850,68.66666666666667,70.66666666666667,24,0.3312041788191938,-19.903322006786848,2.0928092846870094,0.9921798025485574
Pos82,ch07,850,876,70.66666666666667,72.83333333333333,26,0.34920733653388697,-21.95220345938933,1.9849158595574996,0.9965538051924404
Pos82,ch07,876,900,72.83333333333333,74.83333333333333,21,0.3413336796528839,-22.07618460526931,2.030702570179523,0.9913121419865573
Pos82,ch07,900,926,74.83333333333333,77.0,26,0.353893329858619,-23.735471291798678,1.9586330740872082,0.9936249397107635
Pos82,ch07,926,948,77.0,78.83333333333333,22,0.3596687865475631,-24.91284981929669,1.9271819142645632,0.9950962661539838
Pos82,ch07,948,976,78.83333333333333,81.16666666666667,28,0.36416541126686586,-25.97477181144471,1.9033855471023762,0.9982576562383045
Pos82,ch07,976,999,81.16666666666667,83.08333333333333,23,0.3653522542336358,-26.858587261798327,1.8972024191116414,0.9983953801298046
Pos82,ch07,999,1022,83.08333333333333,85.0,23,0.345436060479368,-25.960454140691855,2.006586051259536,0.9940474465955647
Pos82,ch07,1022,1052,85.0,87.5,30,0.33033616315216957,-25.495643073778673,2.0983085047235552,0.9950730731708135
Pos82,ch07,1052,1078,87.5,89.66666666666667,26,0.34879022798907533,-27.792541893045037,1.9872895652961233,0.9946100365672316
Pos82,ch07,1078,1105,89.66666666666667,91.91666666666667,27,0.32931616943447395,-26.816932291597574,2.1048076131526394,0.985638476499569
Pos82,ch07,1105,1128,91.91666666666667,93.83333333333333,22,0.38220457273633696,-32.4534654739698,1.8135502032261437,0.9971812898080457
Pos82,ch07,1128,1155,93.83333333333333,96.08333333333333,26,0.34225825249485153,-29.487849069326458,2.025216851623971,0.9940294180906688
Pos82,ch07,1155,1183,96.08333333333333,98.41666666666667,28,0.34450563139485135,-30.41569082157948,2.012005370575502,0.9890147572451138
Pos83,ch01,6,34,0.3333333333333333,2.6666666666666665,28,0.33932177886934095,2.6328661823738186,2.04274297650328,0.9960383051566054
Pos83,ch01,34,53,2.6666666666666665,4.25,19,0.35102215499859407,1.9274638562885704,1.9746536527380203,0.9963287002019481
Pos83,ch01,53,86,4.25,7.0,33,0.3385701412063015,1.2635160343570708,2.0472779380080914,0.9974490901866343
Pos83,ch01,86,104,7.0,8.5,18,0.3390845805585289,0.5887202930224774,2.0441719273056185,0.9963710682793168
Pos83,ch01,104,138,8.5,11.333333333333334,34,0.32704617891440213,-0.05568678889895486,2.119416844620474,0.9973670004176634
Pos83,ch01,138,159,11.333333333333334,13.083333333333334,21,0.3294104814728634,-0.7523052133601545,2.1042049951195807,0.9975551606379703
Pos83,ch01,159,180,13.083333333333334,14.833333333333334,21,0.34276568579698724,-1.639853216732718,2.02221870298441,0.9954420079835552
Pos83,ch01,180,205,14.833333333333334,16.916666666666668,25,0.348719114949332,-2.4738042302047076,1.9876948261372418,0.9959903382453086
Pos83,ch01,205,231,16.916666666666668,19.083333333333332,26,0.34390065648684315,-3.1819300302697733,2.0155448019229456,0.9962483721063117
Pos83,ch01,231,258,19.083333333333332,21.333333333333332,27,0.34428833294630984,-3.9299438945695018,2.013275252833033,0.9967987128870929
Pos83,ch01,258,285,21.333333333333332,23.583333333333332,27,0.35452285359664315,-4.98986432499992,1.9551551431112266,0.995039094385278
Pos83,ch01,285,314,23.583333333333332,26.0,29,0.34613160792656583,-5.542648780724132,2.0025538398879803,0.9935742837719108
Pos83,ch01,314,337,26.0,27.916666666666668,23,0.3552655021074975,-6.481085453323083,1.9510680785161356,0.9948893667914457
Pos83,ch01,337,359,27.916666666666668,29.75,22,0.385867494027092,-8.10476745062624,1.796334729639805,0.9962412206230747
Pos83,ch01,359,385,29.75,31.916666666666668,26,0.36923432542347756,-8.410716814875078,1.877255533501577,0.9953813350391154
Pos83,ch01,385,412,31.916666666666668,34.166666666666664,27,0.3717390572434361,-9.264084986362532,1.8646068177496686,0.9973770921574407
Pos83,ch01,412,433,34.166666666666664,35.916666666666664,21,0.38098613180836427,-10.322808947047083,1.8193501618284567,0.993159037838169
Pos83,ch01,433,461,35.916666666666664,38.25,28,0.38514504401114197,-11.238176459383665,1.7997042707367488,0.9972805754629963
Pos83,ch01,461,487,38.25,40.416666666666664,26,0.3541479572185565,-10.840667256910827,1.9572248446775058,0.9971504680655942
Pos83,ch01,487,508,40.416666666666664,42.166666666666664,21,0.3645126594229818,-12.00385753840393,1.9015723120760393,0.9967552932816792
Pos83,ch01,508,538,42.166666666666664,44.666666666666664,30,0.35707724339049257,-12.478161227996837,1.9411687341887909,0.9993288786576566
Pos83,ch01,538,564,44.666666666666664,46.833333333333336,26,0.3341246666080262,-12.213099682735947,2.0745166395425136,0.9963727420269737
Pos83,ch01,564,592,46.833333333333336,49.166666666666664,28,0.3526681413580424,-13.803691534096162,1.9654374730045017,0.998241099097433
Pos83,ch01,592,610,49.166666666666664,50.666666666666664,18,0.35375311814187177,-14.566729990639985,1.9594093875434349,0.9975412546498116
Pos83,ch01,610,636,50.666666666666664,52.833333333333336,26,0.35641197519232864,-15.372372189044333,1.9447920631339788,0.9983081058956066
Pos83,ch01,636,663,52.833333333333336,55.083333333333336,27,0.35625650813858994,-16.167980761308506,1.9456407524499146,0.9979000603511745
Pos83,ch01,663,689,55.083333333333336,57.25,26,0.35810266530803325,-17.068631532326858,1.9356102249719727,0.9957897606661645
Pos83,ch01,689,713,57.25,59.25,24,0.3428547091362708,-16.916038589292306,2.0216936273272754,0.9976561086032937
Pos83,ch01,713,735,59.25,61.083333333333336,22,0.3621878039687896,-18.750524021095814,1.913778357428278,0.9919784942617568
Pos83,ch01,735,764,61.083333333333336,63.5,29,0.3518763762996792,-18.916505417226666,1.9698599486815767,0.9933939385446335
Pos83,ch01,764,787,63.5,65.41666666666667,23,0.350693520731215,-19.61820436030696,1.976504097123596,0.9958803346960099
Pos83,ch01,787,813,65.41666666666667,67.58333333333333,26,0.3703143557294368,-21.730796408482576,1.8717804747120856,0.9973088657630031
Pos83,ch01,813,849,67.58333333333333,70.58333333333333,36,0.3315169004914827,-19.82835116432393,2.0908351264515805,0.9957894318945717
Pos83,ch01,849,873,70.58333333333333,72.58333333333333,24,0.33230965470549373,-20.577048736724574,2.0858472534426977,0.9952595249650531
Pos83,ch01,873,894,72.58333333333333,74.33333333333333,21,0.3617106812108161,-23.426334947661136,1.9163027706001243,0.9953643136111365
Pos83,ch01,894,922,74.33333333333333,76.66666666666667,28,0.33141801611662836,-21.948868047095022,2.0914589637638223,0.9956999368447642
Pos83,ch01,922,945,76.66666666666667,78.58333333333333,23,0.3439781418663668,-23.676196434302863,2.015090775242423,0.9983398228901684
Pos83,ch01,945,973,78.58333333333333,80.91666666666667,28,0.3711950314582226,-26.60391542087304,1.8673395972918831,0.9975801982248504
Pos83,ch01,973,1000,80.91666666666667,83.16666666666667,27,0.34379300819908865,-25.18530968671615,2.0161759082620656,0.9973939295348943
Pos83,ch01,1000,1022,83.16666666666667,85.0,22,0.3465298701633714,-26.130425090215258,2.000252331013085,0.997016629743156
Pos83,ch01,1022,1053,85.0,87.58333333333333,31,0.34131565726618607,-26.40486537050964,2.0308097967488554,0.9959500124243879
Pos83,ch01,1053,1079,87.58333333333333,89.75,26,0.3441733181577276,-27.400709537430732,2.0139480430098016,0.9982151389045028
Pos83,ch01,1079,1105,89.75,91.91666666666667,26,0.3270294850188693,-26.590161703058524,2.119525034630903,0.9946043515900261
Pos83,ch01,1105,1160,91.91666666666667,96.5,55,0.3078053224331342,-25.52830441892018,2.2519012182140563,0.9980689615515247
Pos83,ch01,1160,1175,96.5,97.75,15,0.3034070797670867,-25.84992786556555,2.284545176375074,0.9921728954431928
Pos83,ch01,1175,1193,97.75,99.25,18,0.2983578141317956,-26.013581130451676,2.323207731552011,0.994049842431796
Pos84,ch01,20,39,1.5,3.0833333333333335,19,0.355309152237441,2.4710141010988083,1.9508283876029704,0.9961995647405596
Pos84,ch01,39,62,3.0833333333333335,5.0,23,0.34861410798970965,1.7783006098906573,1.9882935448510464,0.9956717753325635
Pos84,ch01,62,85,5.0,6.916666666666667,23,0.3584755816356767,0.9434971844607823,1.933596641080004,0.9970458148410261
Pos84,ch01,85,108,6.916666666666667,8.833333333333334,21,0.3396036608292376,0.32027602416192513,2.041047434139644,0.9954918413462583
Pos84,ch01,108,136,8.833333333333334,11.166666666666666,28,0.3473632857205721,-0.5233745939005247,1.995453201457596,0.9923010856703323
Pos84,ch01,136,168,11.166666666666666,13.833333333333334,30,0.3611283160191271,-1.4283628889003024,1.9193930517573505,0.99675418804799
Pos84,ch01,168,189,13.833333333333334,15.583333333333334,21,0.3594728267256261,-2.155333878468971,1.9282324810854257,0.9928935914051393
Pos84,ch01,189,216,15.583333333333334,17.833333333333332,27,0.3300950846201645,-2.3732043332510457,2.0998409635742967,0.9909674875209511
Pos84,ch01,216,249,17.833333333333332,20.583333333333332,31,0.318470795428775,-2.9006158662248107,2.1764858521068553,0.9921615526340669
Pos84,ch01,249,267,20.583333333333332,22.083333333333332,18,0.3547394924018956,-4.34805661892103,1.9539611331874402,0.9894630414317613
Pos84,ch01,267,296,22.083333333333332,24.5,29,0.3734098949779191,-5.552589545951582,1.8562635588457914,0.9937224931202654
Pos84,ch01,296,321,24.5,26.583333333333332,25,0.3898951707336585,-6.799622583413731,1.7777783173247905,0.9912132784382028
Pos84,ch01,321,343,26.583333333333332,28.416666666666668,22,0.3969943222892963,-7.780594098170456,1.745987641744754,0.9935475722415956
Pos84,ch01,343,368,28.416666666666668,30.5,25,0.40510608794109837,-8.797211731012387,1.7110263241976447,0.9928006128534819
Pos84,ch01,368,394,30.5,32.666666666666664,26,0.3538462364373326,-8.026669739347907,1.9588937487051783,0.9817774764314531
Pos84,ch01,394,422,32.666666666666664,35.0,28,0.3632033187804459,-9.072335342467518,1.9084274419280522,0.9926124062693057
Pos84,ch01,422,451,35.0,37.416666666666664,29,0.3421943206639899,-9.035939729272913,2.025595220911237,0.9918370358712293
Pos84,ch01,451,473,37.416666666666664,39.25,22,0.35102917312699794,-10.14493672362841,1.9746141734754716,0.9819848271535841
Pos84,ch01,473,495,39.25,41.083333333333336,22,0.3759166550980972,-11.869823644094895,1.8438852632881226,0.9970372333033561
Pos84,ch01,495,516,41.083333333333336,42.833333333333336,21,0.34950313947300166,-11.54766544337333,1.983235920584597,0.9811203685147832
Pos84,ch01,516,547,42.833333333333336,45.416666666666664,28,0.36498690742626366,-12.993580607450513,1.8991014922911393,0.9768915948144276
Pos84,ch01,547,572,45.416666666666664,47.5,25,0.3507457117752911,-13.095000827510265,1.9762099928509382,0.9821885615019339
Pos84,ch01,572,596,47.5,49.5,24,0.36673365795091795,-14.560109856912193,1.890056081661076,0.9741245818093844
Pos84,ch01,596,620,49.5,51.5,24,0.3641859902792583,-15.25282869913128,1.9032779927323373,0.9888376137623498
Pos84,ch01,620,641,51.5,53.25,21,0.3083144903254359,-13.150432187387862,2.248182301870749,0.973441105019582
Pos84,ch01,641,671,53.25,55.75,30,0.36572480698220033,-16.944437118615674,1.8952697966525427,0.9863339791510145
Pos84,ch01,671,694,55.75,57.666666666666664,23,0.3271203129679471,-15.554393086666476,2.118936529104701,0.9975603863296303
Pos84,ch01,694,722,57.666666666666664,60.0,28,0.3699458148465719,-18.76455046743803,1.8736451467829556,0.9931165449797279
Pos84,ch01,722,747,60.0,62.083333333333336,25,0.4023749000985841,-21.497588142525036,1.7226402054156964,0.9905765757740218
Pos84,ch01,747,770,62.083333333333336,64.0,23,0.40415726300373683,-22.389895318952423,1.7150432369033943,0.98821656651122
Pos84,ch01,770,798,64.0,66.33333333333333,28,0.40134322866523564,-23.093765205196483,1.7270683321733733,0.9890592452745558
Pos84,ch01,798,821,66.33333333333333,68.25,23,0.40041836198154723,-23.808406431866068,1.731057429858544,0.9881549387288797
Pos84,ch01,821,845,68.25,70.25,24,0.3997965408170539,-24.573676347837175,1.733749819704238,0.9966374986028824
Pos84,ch01,845,871,70.25,72.41666666666667,26,0.38405257599417686,-24.288095512769576,1.8048236722944284,0.9949476636375023
Pos84,ch01,871,895,72.41666666666667,74.41666666666667,22,0.36292472331753967,-23.513534283899112,1.9098924267925355,0.9976437079441174
Pos84,ch01,895,920,74.41666666666667,76.5,25,0.38275979856763137,-25.833939674210445,1.8109194935148611,0.993839013595961
Pos84,ch01,920,950,76.5,79.0,30,0.38626192986523267,-26.943840119257437,1.7945003816497922,0.9947494708377105
Pos84,ch01,950,978,79.0,81.33333333333333,28,0.35793474263967007,-25.540869193853883,1.9365183034431803,0.9956091901133698
Pos84,ch01,978,999,81.33333333333333,83.08333333333333,19,0.34446921385305584,-25.154725267734353,2.0122180812815076,0.9908286245348957
Pos84,ch01,999,1022,83.08333333333333,85.0,23,0.3748476229359014,-28.381025277160724,1.849143860459995,0.9863644514213523
Pos84,ch01,1022,1048,85.0,87.16666666666667,26,0.38700102726787217,-30.217058061742218,1.7910732316484697,0.9946847990928144
Pos84,ch01,1048,1079,87.16666666666667,89.75,31,0.36691180598384376,-29.275956909367487,1.889138395809664,0.9922509428472781
Pos84,ch01,1079,1131,89.75,94.08333333333333,52,0.32574274938919456,-26.32319124192552,2.127897495369204,0.9953462819997483
Pos84,ch01,1131,1169,94.08333333333333,97.25,38,0.2848251561378286,-23.209842326852545,2.4335883457728262,0.9951126640311136
Pos84,ch03,8,33,0.5,2.5833333333333335,25,0.20151731428810354,3.3018568610484293,3.439640821974099,0.9827014418419527
Pos84,ch03,33,58,2.5833333333333335,4.666666666666667,25,0.2165530722077187,2.800707227686439,3.20081896550087,0.9862179050874347
Pos84,ch03,58,87,4.666666666666667,7.083333333333333,29,0.2119777030889212,2.370496408419277,3.2699060819108006,0.9900037570615392
Pos84,ch03,87,111,7.083333333333333,9.083333333333334,24,0.21199978214260948,1.8926462144857679,3.269565532353586,0.9868845504909153
Pos84,ch03,111,141,9.083333333333334,11.583333333333334,30,0.16180907777480347,1.90682122270516,4.283734819406285,0.9842132881511318
Pos84,ch03,141,176,11.583333333333334,14.5,35,0.14527540506675518,1.6652962617050553,4.771263107071969,0.9761709298048595
Pos84,ch03,176,189,14.5,15.583333333333334,13,0.11959691509229227,1.6207508568468163,5.79569447945248,0.5470984583011784
Pos84,ch06,18,43,1.3333333333333333,3.4166666666666665,25,0.3702135616871226,2.325363916244696,1.8722900841372812,0.9967064472613179
Pos84,ch06,43,71,3.4166666666666665,5.75,28,0.3681300605094343,1.6047713421647427,1.88288666130861,0.9963893373923093
Pos84,ch06,71,90,5.75,7.333333333333333,19,0.3109145664306113,1.2253629254602245,2.229381493821516,0.9916846424452816
Pos84,ch06,90,112,7.333333333333333,9.166666666666666,22,0.3618171084120775,0.1927679666256114,1.9157390970316206,0.9938065620118338
Pos84,ch06,112,137,9.166666666666666,11.25,25,0.3420342817261376,-0.4243484270538162,2.026543003414316,0.9954069116754537
Pos84,ch06,137,166,11.25,13.666666666666666,29,0.34371004643620096,-1.1792161744171807,2.0166625553920388,0.9946772742897263
Pos84,ch06,166,191,13.666666666666666,15.75,25,0.35144791679566734,-2.035975363635911,1.9722614573440271,0.9931648334061179
Pos84,ch06,191,216,15.75,17.833333333333332,25,0.3263709671963665,-2.3142357066997734,2.1238015945912916,0.9910697201915338
Pos84,ch06,216,248,17.833333333333332,20.5,32,0.3609621967775519,-3.69840683859477,1.9202763800418332,0.996961354450173
Pos84,ch06,248,274,20.5,22.666666666666668,26,0.33666163626362444,-3.9254659956696694,2.0588837749756945,0.995362612403312
Pos84,ch06,274,293,22.666666666666668,24.25,19,0.32348517773646346,-4.3232242219278465,2.142747885421315,0.9803640999618868
Pos84,ch06,293,319,24.25,26.416666666666668,26,0.32129165615516225,-4.958654292228958,2.15737684835862,0.9930408670951962
Pos84,ch06,319,344,26.416666666666668,28.5,25,0.35357640272865165,-6.591872855181452,1.9603886888681694,0.9967884008380954
Pos84,ch06,344,367,28.5,30.416666666666668,23,0.3758867480740268,-7.994818948177654,1.8440319700322012,0.9925616109747675
Pos84,ch06,367,392,30.416666666666668,32.5,25,0.3565220252013608,-8.110267870889313,1.9441917513187617,0.9834324158937925
Pos84,ch06,392,425,32.5,35.25,33,0.34803680111400626,-8.620224323197743,1.9915916315208615,0.9932942421602258
Pos84,ch06,425,448,35.25,37.166666666666664,23,0.37191746668788006,-10.229771260756463,1.863712362672246,0.9840088842996635
Pos84,ch06,448,467,37.166666666666664,38.75,19,0.349049906855826,-10.112072949149884,1.9858111030702772,0.9673195953194142
Pos84,ch06,467,506,38.75,42.0,38,0.3564825304465414,-11.320480867276608,1.9444071486243295,0.9968590709772756
Pos84,ch06,506,528,42.0,43.833333333333336,22,0.36163593853427844,-12.351863581713266,1.9166988307890307,0.9831276223523673
Pos84,ch06,528,550,43.833333333333336,45.666666666666664,22,0.3637195286548303,-13.149477603268817,1.9057189013838784,0.9717838765395458
Pos84,ch06,550,576,45.666666666666664,47.833333333333336,26,0.34853669031510665,-13.200655281529686,1.9887351886347506,0.9814431976426988
Pos84,ch06,576,606,47.833333333333336,50.333333333333336,30,0.33582255562806884,-13.259021661098433,2.064028067631114,0.9815875905160244
Pos84,ch06,606,627,50.333333333333336,52.083333333333336,21,0.35958881680814764,-15.235939565974743,1.9276105044439185,0.9895754835822823
Pos84,ch06,627,653,52.083333333333336,54.25,26,0.34235980313990855,-15.013028625390811,2.024616132509821,0.9941118171402518
Pos84,ch06,653,675,54.25,56.083333333333336,22,0.3199353670943328,-14.48125921155152,2.166522528769291,0.9835446715937259
Pos84,ch06,675,697,56.083333333333336,57.916666666666664,22,0.35877905204209243,-17.376263849721013,1.931961123746501,0.9971447759015678
Pos84,ch06,697,722,57.916666666666664,60.0,25,0.3264797530905298,-16.213814084951046,2.123093925422512,0.9810755758206579
Pos84,ch06,722,751,60.0,62.416666666666664,29,0.33198750140833205,-17.258771240280538,2.0878713132859796,0.9922523562887301
Pos84,ch06,751,781,62.416666666666664,64.91666666666667,30,0.35456592877963106,-19.379971639709378,1.95491761700191,0.9939440368738991
Pos84,ch06,781,806,64.91666666666667,67.0,25,0.34891253300879776,-19.750636115866147,1.9865929566435714,0.9864692141497454
Pos84,ch06,806,827,67.0,68.75,21,0.32949692850878964,-19.122473460357405,2.103652934480859,0.9817804042610644
Pos84,ch06,827,855,68.75,71.08333333333333,28,0.34922289713368915,-21.17212600232027,1.9848274160975057,0.996674943543583
Pos84,ch06,855,879,71.08333333333333,73.08333333333333,24,0.35090199896964097,-22.08031859525911,1.9753298145785552,0.9902506186156499
Pos84,ch06,879,903,73.08333333333333,75.08333333333333,23,0.3464341164108909,-22.504200618310275,2.00080519707774,0.998022044013617
Pos84,ch06,903,924,75.08333333333333,76.83333333333333,21,0.3755103601073355,-25.406307343103474,1.845880311695839,0.9899941821484785
Pos84,ch06,924,956,76.83333333333333,79.5,32,0.33670426056197633,-23.25259186280776,2.0586231353385545,0.9950750671513972
Pos84,ch06,956,979,79.5,81.41666666666667,23,0.3493747303514354,-24.96359899551409,1.9839648387355027,0.9865541733016668
Pos84,ch06,979,1003,81.41666666666667,83.41666666666667,22,0.36325886447622396,-26.821821991631847,1.9081356254289377,0.9970951276492148
Pos84,ch06,1003,1029,83.41666666666667,85.58333333333333,25,0.34828871031838726,-26.319768927695804,1.9901511591527228,0.9891171805404415
Pos84,ch06,1029,1056,85.58333333333333,87.83333333333333,27,0.3420179844643986,-26.527259214328954,2.026639568809273,0.9926983431238704
Pos84,ch06,1056,1081,87.83333333333333,89.91666666666667,25,0.3334657526766761,-26.50529412490078,2.0786157948639823,0.9865117546842329
Pos84,ch06,1081,1111,89.91666666666667,92.41666666666667,30,0.3327591782913552,-27.14529949881662,2.0830294873280515,0.9952634036684272
Pos84,ch06,1111,1137,92.41666666666667,94.58333333333333,26,0.34420048899685896,-28.957869092749863,2.013789063984365,0.9968399149648256
Pos84,ch06,1137,1164,94.58333333333333,96.83333333333333,27,0.3564051660198927,-30.871075716330278,1.9448292186686693,0.997729356642744
Pos84,ch06,1164,1186,96.83333333333333,98.66666666666667,22,0.3377323439716312,-29.779689479055612,2.052356527091075,0.9950798014898691
Pos84,ch10,19,42,1.4166666666666667,3.3333333333333335,23,0.37651814837104364,2.206033673326032,1.8409396294939715,0.9965963763555722
Pos84,ch10,42,67,3.3333333333333335,5.416666666666667,25,0.34098152479411475,1.559208775363469,2.0327998151174578,0.9959948334349134
Pos84,ch10,67,93,5.416666666666667,7.583333333333333,26,0.3412125967279305,0.8191965701518162,2.0314231866200227,0.9944494280621935
Pos84,ch10,93,119,7.583333333333333,9.75,26,0.3497579983086798,0.06998852599515804,1.9817907922385993,0.9981244016680056
Pos84,ch10,119,146,9.75,12.0,27,0.35835993718190673,-0.8075026904333685,1.9342206218997564,0.9972903637583862
Pos84,ch10,146,171,12.0,14.083333333333334,25,0.32008680864200034,-1.0643751067518434,2.1654974895738133,0.9896150257044543
Pos84,ch10,171,192,14.083333333333334,15.833333333333334,21,0.36293591717018053,-2.4073699500882064,1.9098335209268604,0.9903845079455473
Pos84,ch10,192,225,15.833333333333334,18.583333333333332,33,0.3312119897214533,-2.651444736301626,2.0927599304085476,0.9896862032040658
Pos84,ch10,225,251,18.583333333333332,20.75,24,0.3352872436264151,-3.4959643164855354,2.0673234479873805,0.9913121230553334
Pos84,ch10,251,279,20.75,23.083333333333332,28,0.35882867878171726,-4.705314967966774,1.931693929574678,0.9976861546086787
Pos84,ch10,279,300,23.083333333333332,24.833333333333332,21,0.3382943092350452,-5.001945703449983,2.048947208504031,0.9863041666185913
Pos84,ch10,300,334,24.833333333333332,27.666666666666668,34,0.33756568111877666,-5.758404017981647,2.053369816098257,0.9970951088719917
Pos84,ch10,334,357,27.666666666666668,29.583333333333332,23,0.33582343127651804,-6.493392655453025,2.0640226857464445,0.9947327212114546
Pos84,ch10,357,383,29.583333333333332,31.75,26,0.3476175697640657,-7.544312523339866,1.9939935171585161,0.9919634071452924
Pos84,ch10,383,406,31.75,33.666666666666664,23,0.35418751008967264,-8.561568727503657,1.9570062772243306,0.9781729197425907
Pos84,ch10,406,438,33.666666666666664,36.333333333333336,32,0.345345981774543,-8.974490256242095,2.0071094413730926,0.9978146494830006
Pos84,ch10,438,464,36.333333333333336,38.5,26,0.37638270674544516,-10.898648334326165,1.8416020931289332,0.9932934875770647
Pos84,ch10,464,486,38.5,40.333333333333336,22,0.39125984290255206,-12.214704553081118,1.7715776181318508,0.9962425370767155
Pos84,ch10,486,508,40.333333333333336,42.166666666666664,22,0.3902869647343952,-12.927365853813887,1.7759936743766416,0.9946493373182896
Pos84,ch10,508,534,42.166666666666664,44.333333333333336,26,0.37220838826118385,-12.956624138999324,1.8622556675792974,0.9932607262556319
Pos84,ch10,534,558,44.333333333333336,46.333333333333336,24,0.36498597132719507,-13.421807391542819,1.8991063630184488,0.9828395964468767
Pos84,ch10,558,581,46.333333333333336,48.25,23,0.37144093358037167,-14.470308079850723,1.866103377133483,0.9912330994607256
Pos84,ch10,581,607,48.25,50.416666666666664,26,0.3319787371190882,-13.332613750641134,2.0879264334067815,0.9837974893407881
Pos84,ch10,607,633,50.416666666666664,52.583333333333336,26,0.3548297585350132,-15.227278210899826,1.9534640595584327,0.9927572905106213
Pos84,ch10,633,661,52.583333333333336,54.916666666666664,28,0.35541613152695006,-15.994555345263075,1.9502411935609798,0.993478871963494
Pos84,ch10,661,683,54.916666666666664,56.75,22,0.3566819399683307,-16.780601765101352,1.9433200924652616,0.9922162022151115
Pos84,ch10,683,705,56.75,58.583333333333336,22,0.38758578603101645,-19.216008852912374,1.7883710020895254,0.9955764566434449
Pos84,ch10,705,729,58.583333333333336,60.583333333333336,24,0.3616682603445232,-18.49164561954901,1.9165275379698983,0.9870832338303605
Pos84,ch10,729,753,60.583333333333336,62.583333333333336,24,0.3228160837784803,-16.886493366859543,2.147189112905508,0.9784481704199651
Pos84,ch10,753,785,62.583333333333336,65.25,32,0.3327991023746237,-18.152579781179337,2.082779597703622,0.9942591637463977
Pos84,ch10,785,807,65.25,67.08333333333333,22,0.3558134101327522,-20.414602021688154,1.9480636783794505,0.9941074105734138
Pos84,ch10,807,831,67.08333333333333,69.08333333333333,24,0.36275201500775806,-21.59186721435574,1.9108017375041215,0.987543965249753
Pos84,ch10,831,857,69.08333333333333,71.25,26,0.3488576898061912,-21.4246439423101,1.9869052648517653,0.9983399372520122
Pos84,ch10,857,882,71.25,73.33333333333333,25,0.3359777302624766,-21.180810126250723,2.0630747758740924,0.9842878593928851
Pos84,ch10,882,906,73.33333333333333,75.33333333333333,23,0.3739290096561422,-24.745160969214137,1.8536865625840315,0.8403744762113053
Pos84,ch10,906,937,75.33333333333333,77.91666666666667,30,0.3367548832235545,-22.74014748609808,2.0583136729150264,0.9967606356870475
Pos84,ch10,937,969,77.91666666666667,80.58333333333333,32,0.34419063333026706,-24.08847745277027,2.0138467274756953,0.9989335020604522
Pos84,ch10,969,995,80.58333333333333,82.75,25,0.3444548967748777,-24.915580636881515,2.012301718018424,0.9957453424529842
Pos84,ch10,995,1014,82.75,84.33333333333333,19,0.34190926834442,-25.369071273764636,2.0272839748283986,0.9912442437703232
Pos84,ch10,1014,1042,84.33333333333333,86.66666666666667,28,0.3386491042504298,-25.855685241369958,2.0468005728057834,0.9947761297123887
Pos84,ch10,1042,1065,86.66666666666667,88.58333333333333,23,0.329599899125775,-25.7676622470643,2.102995730273088,0.9957099378620834
Pos84,ch10,1065,1091,88.58333333333333,90.75,20,0.35358337319375804,-28.606999863577602,1.9603500421953146,0.9862788188942055
Pos84,ch10,1091,1116,90.75,92.83333333333333,23,0.3442354487913425,-28.507077073911262,2.013584547999572,0.9947260770631019
Pos84,ch10,1116,1141,92.83333333333333,94.91666666666667,25,0.3921567156136264,-33.74326159701138,1.7675259735775395,0.9191942495111045
Pos84,ch10,1141,1173,94.91666666666667,97.58333333333333,32,0.3351663342086847,-29.129123811252054,2.0680692235884615,0.9967994190802709
Pos84,ch10,1173,1193,97.58333333333333,99.25,20,0.3585168117118397,-32.16325615368572,1.9333742739993656,0.9967699071393539
Pos85,ch00,17,42,1.25,3.3333333333333335,25,0.31260935216624164,2.4808219156456914,2.217295086524918,0.9947446675839413
Pos85,ch00,42,66,3.3333333333333335,5.333333333333333,24,0.3339004984715627,1.7836230079495212,2.0759093913691133,0.9987414707533253
Pos85,ch00,66,90,5.333333333333333,7.333333333333333,24,0.3219892689463056,1.1462401647649245,2.152702737045356,0.9986305136198925
Pos85,ch00,90,116,7.333333333333333,9.5,26,0.33364217807879243,0.3703006456029057,2.077516651375692,0.9969837252036206
Pos85,ch00,116,137,9.5,11.25,21,0.3431399978827362,-0.44535026719337434,2.020012778565149,0.9977493661104537
Pos85,ch00,137,162,11.25,13.333333333333334,25,0.2992370083184657,-0.5782492459797479,2.3163818688571336,0.9963590298541671
Pos85,ch00,162,193,13.333333333333334,15.916666666666666,31,0.29900368959835666,-1.304507002770931,2.31818938920463,0.9965992357212161
Pos85,ch00,193,221,15.916666666666666,18.25,28,0.3214196243988589,-2.304647313636085,2.1565179221907087,0.9982799048871689
Pos85,ch00,221,244,18.25,20.166666666666668,23,0.31172874550743124,-2.780590521215548,2.2235587527600065,0.9984946298801961
Pos85,ch00,244,269,20.166666666666668,22.25,25,0.31487927668012045,-3.5369721883724643,2.2013108892653475,0.9981383903379389
Pos85,ch00,269,292,22.25,24.166666666666668,23,0.32813404208026165,-4.492106966975584,2.112390339525947,0.9967196431313121
Pos85,ch00,292,319,24.166666666666668,26.416666666666668,27,0.31007122833552747,-4.744728421051132,2.2354450113955497,0.994769740588971
Pos85,ch00,319,345,26.416666666666668,28.583333333333332,26,0.3060647477881958,-5.3072264850274875,2.264707665842065,0.9964811483471325
Pos85,ch00,345,366,28.583333333333332,30.333333333333332,21,0.2789655495912396,-5.181164148581819,2.484705303488529,0.9836929091648026
Pos85,ch00,366,411,30.333333333333332,34.083333333333336,45,0.21329181471728845,-3.8358409353646987,3.249759872307758,0.9855374880967666
Pos85,ch00,411,980,34.083333333333336,81.5,569,0.024062168516789835,2.4942396269083646,28.806513431085342,0.8108661121904104
Pos85,ch07,21,39,1.5833333333333333,3.0833333333333335,18,0.37329667240216796,2.3351273677243087,1.8568265720118424,0.9896623548517433
Pos85,ch07,39,64,3.0833333333333335,5.166666666666667,25,0.40643717435983234,1.5177722202144561,1.70542269331466,0.995632519407703
Pos85,ch07,64,92,5.166666666666667,7.5,28,0.3783829811603675,0.8754716957647591,1.831866693460437,0.9917646156160924
Pos85,ch07,92,115,7.5,9.416666666666666,23,0.37112786494928823,0.15547879288239363,1.8676775473451948,0.9943285737888296
Pos85,ch07,115,138,9.416666666666666,11.333333333333334,23,0.39047834205028503,-0.7862282775316238,1.775123242227563,0.9963279316598016
Pos85,ch07,138,158,11.333333333333334,13.0,20,0.3720433454673204,-1.3394666946987508,1.8630817860464328,0.9953391549137112
Pos85,ch07,158,186,13.0,15.333333333333334,28,0.3838879119188226,-2.2241328895658596,1.8055978295730213,0.9977901519980592
Pos85,ch07,186,210,15.333333333333334,17.333333333333332,24,0.3895275333763694,-3.178200630740264,1.7794561903027595,0.994106857315596
Pos85,ch07,210,236,17.333333333333332,19.5,26,0.378721557384471,-3.7801891443136664,1.830229008739197,0.9963394491672823
Pos85,ch07,236,262,19.5,21.666666666666668,26,0.3626658490089275,-4.234431671728405,1.9112557260468233,0.9967712748994093
Pos85,ch07,262,285,21.666666666666668,23.583333333333332,23,0.39710289686809636,-5.788376031205377,1.7455102594987728,0.9954904708334349
Pos85,ch07,285,306,23.583333333333332,25.333333333333332,21,0.39904185321571956,-6.6338154056388605,1.7370287727318523,0.9982196120316257
Pos85,ch07,306,330,25.333333333333332,27.333333333333332,24,0.4082568632406432,-7.652477258229863,1.6978212565929998,0.991858855447389
Pos85,ch07,330,361,27.333333333333332,29.916666666666668,31,0.372954923933309,-7.463464746128178,1.8585280313496877,0.9954900743813188
Pos85,ch07,361,385,29.916666666666668,31.916666666666668,24,0.39202606703569315,-8.888414334244807,1.7681150281693785,0.9984495215130135
Pos85,ch07,385,406,31.916666666666668,33.666666666666664,21,0.38900058084986455,-9.569011581426823,1.78186669810518,0.9929627610244218
Pos85,ch07,406,435,33.666666666666664,36.083333333333336,29,0.3780003074351719,-9.994008712133576,1.833721208490874,0.9953807549886793
Pos85,ch07,435,458,36.083333333333336,38.0,23,0.38192844544091814,-10.935394954707997,1.8148613669236917,0.9892972040092809
Pos85,ch07,458,479,38.0,39.75,21,0.36382094768027,-11.052839527142254,1.9051876616216472,0.9930109397533997
Pos85,ch07,479,512,39.75,42.5,33,0.40423520600110274,-13.489924429529042,1.7147125492034814,0.9945735722587238
Pos85,ch07,512,535,42.5,44.416666666666664,23,0.3745502536113241,-13.074982878064302,1.8506119642872638,0.998479950538621
Pos85,ch07,535,557,44.416666666666664,46.25,22,0.3686989672140099,-13.521518323476858,1.8799813457508565,0.9921855859311876
Pos85,ch07,557,585,46.25,48.583333333333336,28,0.42164643761554127,-16.848970328372992,1.6439061704867513,0.9965623642962025
Pos85,ch07,585,605,48.583333333333336,50.25,20,0.381956097705732,-15.704782739217775,1.8147299774068857,0.9932158426930286
Pos85,ch07,605,629,50.25,52.25,24,0.407741122329573,-17.82082623426447,1.6999687855856773,0.9958744618073633
Pos85,ch07,629,661,52.25,54.916666666666664,32,0.3894997812551537,-17.770338793845752,1.7795829777523753,0.996961832502287
Pos85,ch07,661,686,54.916666666666664,57.0,25,0.40691433128630855,-19.539309835579704,1.7034228761833428,0.996966351225401
Pos85,ch07,686,705,57.0,58.583333333333336,19,0.40665467083188095,-20.334891335168933,1.7045105596401866,0.9948275301756481
Pos85,ch07,705,730,58.583333333333336,60.666666666666664,25,0.39761789871870573,-20.60891319184589,1.7432494432307017,0.9899402439940858
Pos85,ch07,730,758,60.666666666666664,63.0,28,0.36591765752469296,-19.51690334621607,1.8942709276421572,0.9881564880462979
Pos85,ch07,758,783,63.0,65.08333333333333,25,0.4077725210052017,-22.948079934414203,1.6998378871907929,0.9957050442123684
Pos85,ch07,783,808,65.08333333333333,67.16666666666667,25,0.3964797913137848,-23.011231252237444,1.7482534942401893,0.995317488007699
Pos85,ch07,808,832,67.16666666666667,69.16666666666667,24,0.39246501449270216,-23.541252197475202,1.7661375026151134,0.990290722555421
Pos85,ch07,832,858,69.16666666666667,71.33333333333333,26,0.39115059554487186,-24.287001286182218,1.7720724152148941,0.9968972606472636
Pos85,ch07,858,883,71.33333333333333,73.41666666666667,25,0.3967717165463178,-25.558796972962774,1.7469672147838935,0.996305234424166
Pos85,ch07,883,914,73.41666666666667,76.0,31,0.36868459436661394,-24.289032597311927,1.8800546351841625,0.9914292758416051
Pos85,ch07,914,939,76.0,78.08333333333333,25,0.3783394489615784,-25.846473727954407,1.8320774702781168,0.9939031369604513
Pos85,ch07,939,962,78.08333333333333,80.0,23,0.3918606163210445,-27.747673124680208,1.7688615586519212,0.9968580948392779
Pos85,ch07,962,992,80.0,82.5,29,0.37630914057768966,-27.35991886128439,1.8419621152328716,0.987518866012667
Pos85,ch07,992,1012,82.5,84.16666666666667,20,0.4305220925138625,-32.73240172577395,1.6100153571970908,0.9984943810806499
Pos85,ch07,1012,1040,84.16666666666667,86.5,28,0.421257835528775,-32.9150302054034,1.6454226416700046,0.9935363445083578
Pos85,ch07,1040,1066,86.5,88.66666666666667,26,0.39835767656245646,-31.787667098845077,1.7400121080665814,0.9969971935875602
Pos85,ch09,8,33,0.5,2.5833333333333335,25,0.40952820171512483,2.5979956008691945,1.6925505439112858,0.9986568410852971
Pos85,ch09,33,56,2.5833333333333335,4.5,23,0.3836917762042204,1.8288310649749815,1.806520815788913,0.997160431574331
Pos85,ch09,56,79,4.5,6.416666666666667,23,0.3794772575718965,1.0959800501482475,1.8265842464317386,0.998510375594033
Pos85,ch09,79,102,6.416666666666667,8.333333333333334,23,0.4236669022583892,0.02205479513367251,1.6360663928786285,0.9968854862415623
Pos85,ch09,102,126,8.333333333333334,10.333333333333334,24,0.3803065327178484,-0.42737769537089926,1.8226012990268434,0.9942908128847827
Pos85,ch09,126,147,10.333333333333334,12.083333333333334,21,0.39581288542112936,-1.3962008445632974,1.7511991299183298,0.9981762740579018
Pos85,ch09,147,177,12.083333333333334,14.583333333333334,30,0.3869928363665198,-2.129833511802085,1.7911111406296616,0.9972798975420195
Pos85,ch09,177,200,14.583333333333334,16.5,23,0.4071118536368165,-3.2553479823625295,1.7025964102197333,0.997691666779577
Pos85,ch09,200,224,16.5,18.5,21,0.40101142741531043,-3.9747539649289365,1.7284973274392061,0.9962858435291608
Pos85,ch09,224,254,18.5,21.0,30,0.3957116299565812,-4.719685006612424,1.7516472301711214,0.996872227301113
Pos85,ch09,254,276,21.0,22.833333333333332,22,0.4115032409875024,-5.910407968987451,1.6844270263742505,0.9942008726073329
Pos85,ch09,276,299,22.833333333333332,24.75,23,0.38144306707421066,-6.085701853391539,1.8171707402538577,0.9920281355963915
Pos85,ch09,299,325,24.75,26.916666666666668,24,0.40939043241379536,-7.678371992146016,1.693120126117994,0.9969441912710207
Pos85,ch09,325,356,26.916666666666668,29.5,31,0.39750938953577347,-8.23905080893944,1.7437253026134272,0.9986118382159516
Pos85,ch09,356,378,29.5,31.333333333333332,22,0.3187315849507695,-6.692876330096427,2.1747050285807323,0.9921723619902367
Pos85,ch09,378,403,31.333333333333332,33.416666666666664,25,0.38322743620523764,-9.486908380409346,1.8087096984066924,0.9884176383248473
Pos85,ch09,403,429,33.416666666666664,35.583333333333336,26,0.4131573960275033,-11.398499152257482,1.6776830990429699,0.9979086225946321
Pos85,ch09,429,485,35.583333333333336,40.25,40,0.15244038275666397,-3.0372295661897315,4.547004986640551,0.6508477247644573
Pos85,ch09,485,511,40.25,42.416666666666664,26,0.43351273767160975,-14.997799464309944,1.5989084525701094,0.997062164247078
Pos85,ch09,511,538,42.416666666666664,44.666666666666664,23,0.40890816298910604,-14.875299529173049,1.6951170049848376,0.9962844502505135
Pos85,ch09,538,569,44.666666666666664,47.25,24,0.4169841719687189,-16.168999022039984,1.662286549840418,0.9962476214799145
Pos85,ch09,569,592,47.25,49.166666666666664,23,0.39042030829444785,-15.714694620721886,1.7753871041902523,0.9985571397680864
Pos85,ch09,592,616,49.166666666666664,51.166666666666664,24,0.38083848210851473,-16.01535482147081,1.8200555172952362,0.9971040606267759
Pos85,ch09,616,639,51.166666666666664,53.083333333333336,23,0.36836541893539965,-16.148927484460483,1.8816836351337929,0.9947772808369632
Pos85,ch09,639,665,53.083333333333336,55.25,26,0.3934500691083811,-18.196292441091046,1.7617157423068304,0.9911713371390244
Pos85,ch09,665,686,55.25,57.0,21,0.38222278177108454,-18.312636911284986,1.8134638059723902,0.9897326175157034
Pos85,ch09,686,708,57.0,58.833333333333336,22,0.3674145078292214,-18.259571020752304,1.8865536493243982,0.9886569353669237
Pos85,ch09,708,737,58.833333333333336,61.25,29,0.4121006496721257,-21.82076825363863,1.681985168214185,0.9985441081867139
Pos85,ch09,737,765,61.25,63.583333333333336,28,0.3818954425915587,-20.796503118810687,1.8150182046065253,0.9928133837038727
Pos85,ch09,765,792,63.583333333333336,65.83333333333333,27,0.38191323293138807,-21.610627444866747,1.8149336571547166,0.9977290170409782
Pos85,ch09,792,817,65.83333333333333,67.91666666666667,25,0.3678317940339959,-21.50222272518871,1.8844134514807138,0.9941781777883316
Pos85,ch09,817,846,67.91666666666667,70.33333333333333,29,0.3387098011070611,-20.294812627611602,2.0464337857789117,0.9981298801291087
Pos85,ch09,846,873,70.33333333333333,72.58333333333333,27,0.36382079446309773,-22.873228134549322,1.9051884639602452,0.9954961834784734
Pos85,ch09,873,900,72.58333333333333,74.83333333333333,27,0.3647705224732152,-23.72477489678023,1.9002280553271476,0.9982253792074068
Pos85,ch09,900,924,74.83333333333333,76.83333333333333,24,0.36996158289097986,-24.89263613854015,1.8735652905999205,0.9981343037644226
Pos85,ch09,924,951,76.83333333333333,79.08333333333333,27,0.3755377053953973,-26.113985565213586,1.8457459014139268,0.9978113612071879
Pos85,ch09,951,973,79.08333333333333,80.91666666666667,22,0.38047981858655705,-27.259834462008634,1.8217712128199466,0.9971487659350182
Pos85,ch09,973,994,80.91666666666667,82.66666666666667,21,0.3932443300790384,-29.065153113923273,1.7626374432928993,0.9951864435109615
Pos85,ch09,994,1021,82.66666666666667,84.91666666666667,27,0.3913879390552372,-29.652612448839314,1.7709978039515426,0.9987453430646914
Pos85,ch09,1021,1048,84.91666666666667,87.16666666666667,27,0.3608141675603277,-27.95403089878786,1.9210642011280001,0.9953966774712939
Pos85,ch09,1048,1075,87.16666666666667,89.41666666666667,27,0.35407027460521623,-28.191094066680343,1.9576542575701827,0.9982960125161601
Pos85,ch09,1075,1100,89.41666666666667,91.5,25,0.3509793129705238,-28.606114896304206,1.974894687363405,0.9964385635886858
Pos85,ch09,1100,1131,91.5,94.08333333333333,31,0.3488332526381289,-29.219672400961983,1.9870444555324525,0.9965763369997495
Pos85,ch09,1131,1153,94.08333333333333,95.91666666666667,22,0.3710663177986534,-32.12644458559821,1.8679873308685975,0.9976144802913913
Pos85,ch09,1153,1181,95.91666666666667,98.25,28,0.37635230258085267,-33.40857742320902,1.8417508696151388,0.994201152897501
Pos86,ch00,25,51,1.9166666666666667,4.083333333333333,26,0.3172661950615679,2.2781806619436686,2.184749561564335,0.9941240920445802
Pos86,ch00,51,79,4.083333333333333,6.416666666666667,28,0.30541879271403755,1.7010487289764118,2.269497480493731,0.9971241661026183
Pos86,ch00,79,102,6.416666666666667,8.333333333333334,23,0.3231192728080335,0.9270118628924194,2.1451743640551797,0.9956031138209819
Pos86,ch00,102,125,8.333333333333334,10.25,23,0.31525578586014086,0.35235198338880164,2.1986818692915318,0.996698164137739
Pos86,ch00,125,151,10.25,12.416666666666666,26,0.320402232847034,-0.4132671020361478,2.16336563700187,0.994772532665923
Pos86,ch00,151,181,12.416666666666666,14.916666666666666,30,0.30493498664603064,-0.8835066141436188,2.2730982370499597,0.9979858326924099
Pos86,ch00,181,204,14.916666666666666,16.833333333333332,23,0.3046240996365044,-1.4934911682719778,2.275418068980917,0.9969098189572403
Pos86,ch00,204,231,16.833333333333332,19.083333333333332,27,0.29889472525138006,-2.011967117997998,2.3190345027901924,0.9953262486588077
Pos86,ch00,231,257,19.083333333333332,21.25,26,0.30578917788075577,-2.778105479637657,2.2667485663284066,0.9954386227369062
Pos86,ch00,257,281,21.25,23.25,24,0.30905185711336347,-3.482158327434254,2.242818363992848,0.995934364024675
Pos86,ch00,281,306,23.25,25.333333333333332,25,0.3138838744675535,-4.276335826749247,2.2082917822259667,0.9969108768095858
Pos86,ch00,306,332,25.333333333333332,27.5,26,0.3158457386951152,-4.954308361182989,2.194575058772719,0.9944752134077653
Pos86,ch00,332,354,27.5,29.333333333333332,22,0.32064778154297724,-5.779211461728058,2.1617089543688017,0.9962014702169897
Pos86,ch00,354,379,29.333333333333332,31.416666666666668,25,0.30382916263470644,-5.855901683458906,2.281371460689294,0.9948344146348721
Pos86,ch00,379,399,31.416666666666668,33.083333333333336,20,0.34156145573549523,-7.771648589546744,2.029348361533854,0.9973503776409447
Pos86,ch00,399,427,33.083333333333336,35.416666666666664,28,0.31129992015643215,-7.449584465566119,2.226621774305724,0.9931155106867804
Pos86,ch00,427,453,35.416666666666664,37.583333333333336,26,0.3430114025912508,-9.25157025611456,2.0207700832206252,0.9966613050068083
Pos86,ch00,453,482,37.583333333333336,40.0,29,0.33041573820017717,-9.544622849349985,2.0978031625721565,0.9951074288185668
Pos86,ch00,482,513,40.0,42.583333333333336,31,0.3059377934283941,-9.303119064693142,2.265647446797641,0.990466882452922
Pos86,ch00,513,536,42.583333333333336,44.5,23,0.3177434581273836,-10.51016457955287,2.1814679825196026,0.9963677033315633
Pos86,ch00,536,561,44.5,46.583333333333336,25,0.3140987295551684,-11.0292960566584,2.2067812293974933,0.9945396073480948
Pos86,ch00,561,590,46.583333333333336,49.0,29,0.3243009582059173,-12.208519992682575,2.1373577938053034,0.998303631545392
Pos86,ch00,590,608,49.0,50.5,18,0.31573682296919875,-12.471525788651283,2.1953320934871265,0.9968483446152893
Pos86,ch00,608,635,50.5,52.75,27,0.30595279018746785,-12.652519141413046,2.2655363925108514,0.9956758761629201
Pos86,ch00,635,660,52.75,54.833333333333336,25,0.322975453147677,-14.23691157679103,2.1461296015056948,0.9902264826443189
Pos86,ch00,660,692,54.833333333333336,57.5,32,0.30673856479144024,-14.069269400174198,2.259732750041504,0.9958875536806063
Pos86,ch00,692,719,57.5,59.75,27,0.3119753725478487,-15.05652392867871,2.221800954668738,0.9900617275905284
Pos86,ch00,719,754,59.75,62.666666666666664,35,0.29950235546232656,-15.01039793333168,2.31432964689032,0.996087158587079
Pos86,ch00,754,777,62.666666666666664,64.58333333333333,23,0.29879155992083145,-15.617943695452308,2.3198352080078943,0.9950682394446086
Pos86,ch00,777,805,64.58333333333333,66.91666666666667,28,0.2801525532747756,-14.964480621745775,2.4741776309284664,0.9935179382843164
Pos86,ch00,805,825,66.91666666666667,68.58333333333333,20,0.29659728413310343,-16.688745358004688,2.3369977327536247,0.990990785302432
Pos86,ch00,825,845,68.58333333333333,70.25,20,0.3272155567990004,-19.494573053466244,2.1183197624852745,0.99723351439244
Pos86,ch00,845,874,70.25,72.66666666666667,29,0.3001343487133764,-18.293616140301978,2.3094563602311644,0.9949508346428846
Pos86,ch00,874,903,72.66666666666667,75.08333333333333,25,0.29493347868136155,-18.548073765620842,2.350181416022979,0.9936523736160127
Pos86,ch00,903,926,75.08333333333333,77.0,23,0.3255819773280908,-21.476695081398216,2.1289482490655707,0.9956121632250486
Pos86,ch00,926,956,77.0,79.5,30,0.3161078930902824,-21.420285912070288,2.192755055192431,0.9942765126374847
Pos86,ch00,956,983,79.5,81.75,26,0.28706583216310116,-19.715500774712414,2.4145931103570777,0.9973241925440548
Pos86,ch00,983,1005,81.75,83.58333333333333,22,0.31216062316833704,-22.393521073011183,2.2204824347309042,0.9941610533815217
Pos86,ch00,1005,1025,83.58333333333333,85.25,20,0.3227980599731273,-23.908059942832292,2.147309003708539,0.9960632682904966
Pos86,ch00,1025,1050,85.25,87.33333333333333,23,0.3328888919025419,-25.44903424364469,2.0822178132722864,0.9944087894472675
Pos86,ch00,1050,1074,87.33333333333333,89.33333333333333,24,0.30608491508605834,-23.811361134291474,2.2645584489685198,0.995112620171463
Pos86,ch00,1074,1100,89.33333333333333,91.5,26,0.3312829180768217,-26.792682128527282,2.0923118661953173,0.9964352484214423
Pos86,ch00,1100,1131,91.5,94.08333333333333,26,0.30771927099111696,-25.334541094431188,2.2525309459086644,0.9936524505728229
Pos86,ch00,1131,1157,94.08333333333333,96.25,26,0.2987434015271961,-25.127202787776497,2.3202091728772283,0.986765216910966
Pos86,ch00,1157,1188,96.25,98.83333333333333,30,0.30753473442317986,-26.626011643810536,2.2538825796703263,0.9914092888363677
Pos87,ch02,23,53,1.75,4.25,30,0.3331665238693286,2.244583638976568,2.0804826742791387,0.9947644766551401
Pos87,ch02,53,80,4.25,6.5,27,0.32616155937335406,1.5272957307650914,2.1251651540165293,0.9983801507015713
Pos87,ch02,80,100,6.5,8.166666666666666,20,0.29796684430293874,1.0470333110922587,2.326256071146064,0.9966726773573819
Pos87,ch02,100,124,8.166666666666666,10.166666666666666,24,0.3379884558789261,0.014577420020812758,2.0508013469200965,0.9934505187845832
Pos87,ch02,124,152,10.166666666666666,12.5,28,0.33519130535119035,-0.7230423093136242,2.067915156193307,0.9964400933827262
Pos87,ch02,152,176,12.5,14.5,24,0.3502249286334725,-1.660299820197742,1.9791486096221258,0.9978272490934896
Pos87,ch02,176,206,14.5,17.0,30,0.3436117900660392,-2.373644398053694,2.0172392234466936,0.9955214835608015
Pos87,ch02,206,237,17.0,19.583333333333332,31,0.34371704006462295,-3.107702745982993,2.016621522254542,0.995698186060721
Pos87,ch02,237,261,19.583333333333332,21.583333333333332,24,0.3128556589268896,-3.223738340503608,2.2155494419933923,0.9916442911494062
Pos87,ch02,261,283,21.583333333333332,23.416666666666668,22,0.34411882256667287,-4.623859601682344,2.0142669772899398,0.9970091001719018
Pos87,ch02,283,312,23.416666666666668,25.833333333333332,29,0.3302418725740679,-5.06178494174098,2.0989076132509017,0.9963590828624422
Pos87,ch02,312,335,25.833333333333332,27.75,23,0.34614550326578647,-6.181992498214968,2.0024734512518423,0.9942810186539242
Pos87,ch02,335,357,27.75,29.583333333333332,22,0.3556055119797465,-7.103650426165734,1.9492025776007191,0.9911110919090822
Pos87,ch02,357,382,29.583333333333332,31.666666666666668,25,0.346335923573288,-7.540421449678149,2.001372463498632,0.995690531000808
Pos87,ch02,382,408,31.666666666666668,33.833333333333336,26,0.3569565158563274,-8.574264935535021,1.941825263777878,0.9962022894079834
Pos87,ch02,408,434,33.833333333333336,36.0,26,0.34835536968981895,-9.047879440177798,1.9897703347507871,0.9985109531773262
Pos87,ch02,434,460,36.0,38.166666666666664,26,0.35050747336901267,-9.826788861575908,1.977553214194104,0.9942998346097343
Pos87,ch02,460,496,38.166666666666664,41.166666666666664,36,0.33056713065497034,-9.820316235410388,2.096842414993214,0.9972063861998375
Pos87,ch02,496,512,41.166666666666664,42.5,16,0.3208215780832789,-10.093377863366175,2.160537906150496,0.9964457369887326
Pos87,ch02,512,534,42.5,44.333333333333336,22,0.3467465289669059,-11.859324851205061,1.9990025066007235,0.9975770306502711
Pos87,ch02,534,560,44.333333333333336,46.5,26,0.34130205156229043,-12.340511962438802,2.030890753182127,0.9975201386631025
Pos87,ch02,560,588,46.5,48.833333333333336,28,0.3334219844272068,-12.695498839231725,2.0788886544200698,0.9969854004347192
Pos87,ch02,588,611,48.833333333333336,50.75,23,0.3225344569420323,-12.894650573239652,2.1490639701931804,0.9968559814393486
Pos87,ch02,611,635,50.75,52.75,24,0.34497460455243756,-14.728878894151919,2.009270164855234,0.9948842241648542
Pos87,ch02,635,661,52.75,54.916666666666664,26,0.36312976456451534,-16.436337597181076,1.9088140059000795,0.9965179401861161
Pos87,ch02,661,684,54.916666666666664,56.833333333333336,23,0.34411287169620813,-16.12774274681979,2.0143018107496826,0.9961133222937594
Pos87,ch02,684,707,56.833333333333336,58.75,23,0.34507059172670823,-16.891517023261326,2.0087112526497464,0.9953611319055841
Pos87,ch02,707,734,58.75,61.0,27,0.33292855034829705,-16.844792947238265,2.081969779506147,0.9960534565855111
Pos87,ch02,734,757,61.0,62.916666666666664,23,0.356046841028713,-18.94090042003003,1.9467864917920934,0.994825453663265
Pos87,ch02,757,782,62.916666666666664,65.0,25,0.3295652993959882,-17.97873933900616,2.103216515301559,0.9965370504211071
Pos87,ch02,782,813,65.0,67.58333333333333,31,0.34043272549511217,-19.341414577840794,2.0360768182666895,0.9966544572741265
Pos87,ch02,813,835,67.58333333333333,69.41666666666667,22,0.30699806972695753,-17.746831719111576,2.257822601869864,0.9970500804491046
Pos87,ch02,835,859,69.41666666666667,71.41666666666667,24,0.3319947234093826,-20.19928953363902,2.087825895067693,0.9970751597967715
Pos87,ch02,859,885,71.41666666666667,73.58333333333333,25,0.3450997528878982,-21.854426890809282,2.0085415151980897,0.9967711323342913
Pos87,ch02,885,909,73.58333333333333,75.58333333333333,24,0.3265980990869316,-21.176625198641908,2.1223246016978448,0.99247897863221
Pos87,ch02,909,933,75.58333333333333,77.58333333333333,24,0.3399486851142604,-22.86256135391834,2.038975912870412,0.9931749096789819
Pos87,ch02,933,954,77.58333333333333,79.33333333333333,21,0.34729990513475334,-24.13594248106687,1.995817362204583,0.9966829317586442
Pos87,ch02,954,982,79.33333333333333,81.66666666666667,28,0.34721027635376833,-24.89231439067741,1.9963325620400303,0.9962492262491833
Pos87,ch02,982,1004,81.66666666666667,83.5,22,0.34330608546712416,-25.245691463202455,2.0190355193290705,0.9970266725273662
Pos87,ch02,1004,1036,83.5,86.16666666666667,32,0.3284343085402829,-24.775950408310944,2.1104591162860498,0.9950460989127201
Pos87,ch02,1036,1063,86.16666666666667,88.41666666666667,27,0.3102599487266072,-23.96539035374424,2.234085267546821,0.9916973341958272
Pos87,ch02,1063,1092,88.41666666666667,90.83333333333333,29,0.31350979754707525,-24.94382759552758,2.210926695060831,0.9924940866424917
Pos87,ch02,1092,1116,90.83333333333333,92.83333333333333,24,0.3108700970615882,-25.346497787601994,2.2297004025531026,0.9969941859627681
Pos87,ch02,1116,1146,92.83333333333333,95.33333333333333,29,0.3091117882809968,-25.90991775082327,2.242383522202792,0.9930394283469347
Pos87,ch02,1146,1175,95.33333333333333,97.75,29,0.3038610497851374,-26.07273958147037,2.2811320537794337,0.9949228598556835
Pos87,ch02,1175,1201,97.75,99.91666666666667,26,0.3223715401516374,-28.561402260912303,2.1501500418861483,0.9940473022584146
Pos89,ch01,21,42,1.5833333333333333,3.3333333333333335,21,0.42080280645200796,2.163537503657039,1.6472018958338337,0.9951550951024606
Pos89,ch01,42,67,3.3333333333333335,5.416666666666667,25,0.39684318269253943,1.3999200700617531,1.7466526093683008,0.997209973812948
Pos89,ch01,67,95,5.416666666666667,7.75,28,0.40904536728883706,0.5407420545134645,1.6945484192967204,0.9967322377783634
Pos89,ch01,95,118,7.75,9.666666666666666,23,0.3915725090878895,-0.1500803181532437,1.7701630335963308,0.9975318475846778
Pos89,ch01,118,141,9.666666666666666,11.583333333333334,23,0.41291982010135353,-1.1908267567489743,1.6786483642025427,0.9978537438140533
Pos89,ch01,141,167,11.583333333333334,13.75,26,0.42550653690486856,-2.2376218816220748,1.6289930246475008,0.9974886395249999
Pos89,ch01,167,192,13.75,15.833333333333334,25,0.4097449399207471,-2.9535596228694474,1.6916552543492394,0.9973396853855726
Pos89,ch01,192,218,15.833333333333334,18.0,26,0.3839024236908019,-3.387104985619013,1.8055295767505015,0.9974853165527895
Pos89,ch01,218,248,18.0,20.5,30,0.39983959360677707,-4.505471113427872,1.7335631379258105,0.9966925618204787
Pos89,ch01,248,273,20.5,22.583333333333332,25,0.39568151850082645,-5.306767668341585,1.7517805309334848,0.9973147040632863
Pos89,ch01,273,293,22.583333333333332,24.25,20,0.4091265125746674,-6.404245772078965,1.694212326152886,0.9956349552011081
Pos89,ch01,293,319,24.25,26.416666666666668,26,0.41066369740579317,-7.293121691859533,1.687870598104071,0.9980970012574775
Pos89,ch01,319,345,26.416666666666668,28.583333333333332,26,0.4123312469272677,-8.193075982621034,1.6810445139080414,0.9968325556525229
Pos89,ch01,345,370,28.583333333333332,30.666666666666668,25,0.34885649954068737,-7.2815024022920865,1.9869120439853036,0.9962791368268441
Pos89,ch01,370,398,30.666666666666668,33.0,26,0.4005735392420323,-9.736661243628895,1.7303868395089765,0.99482560906021
Pos89,ch01,398,423,33.0,35.083333333333336,25,0.4205475950753538,-11.315566474114203,1.6482015084065504,0.9971460316387302
Pos89,ch01,423,448,35.083333333333336,37.166666666666664,25,0.3930208344271085,-11.205552010750363,1.763639786603984,0.9981751705858402
Pos89,ch01,448,473,37.166666666666664,39.25,25,0.381819437475689,-11.605036146751356,1.8153795027894013,0.9981370644999811
Pos89,ch01,473,502,39.25,41.666666666666664,29,0.3898583595068166,-12.760524333493455,1.777946178804012,0.9975974243925685
Pos89,ch01,502,526,41.666666666666664,43.666666666666664,24,0.4002564508718615,-14.084380123957311,1.731757674486176,0.9964516070146988
Pos89,ch01,526,558,43.666666666666664,46.333333333333336,30,0.3964841278868266,-14.70246707048543,1.7482343725946048,0.996040508354438
Pos89,ch01,558,580,46.333333333333336,48.166666666666664,22,0.4087892681743004,-16.173090175158805,1.6956100233639202,0.9963871239429484
Pos89,ch01,580,605,48.166666666666664,50.25,25,0.3811820803215864,-15.667447565365526,1.818414915977078,0.9959927479002922
Pos89,ch01,605,630,50.25,52.333333333333336,25,0.4081469397101633,-17.87916388242099,1.6982785196237629,0.997325069588181
Pos89,ch01,630,654,52.333333333333336,54.333333333333336,24,0.4085958176228737,-18.74980600718196,1.6964128135048782,0.9982155834483697
Pos89,ch01,654,679,54.333333333333336,56.416666666666664,25,0.38727835893643797,-18.42489484668023,1.789790636542405,0.9973805335416097
Pos89,ch01,679,704,56.416666666666664,58.5,25,0.3564822518329463,-17.476854663211576,1.944408668302415,0.9978978713550847
Pos89,ch01,704,735,58.5,61.083333333333336,31,0.2875225628064602,-14.186131340040625,2.410757520363794,0.9869154602190083
Pos89,ch01,735,781,61.083333333333336,64.91666666666667,46,0.220107590920794,-10.870126723158805,3.149128922179586,0.989271536585755
Pos89,ch02,16,40,1.1666666666666667,3.1666666666666665,24,0.36611292549228763,2.5031259253863976,1.8932606097638223,0.9957459883523642
Pos89,ch02,40,62,3.1666666666666665,5.0,22,0.3767358317887791,1.690073078928187,1.8398759079241644,0.9969138501855144
Pos89,ch02,62,89,5.0,7.25,27,0.3525304041310548,1.0062757934486786,1.9662053894853977,0.9978226568826072
Pos89,ch02,89,118,7.25,9.666666666666666,29,0.3379076606975271,0.39529424015251374,2.0512917023813952,0.9974881989590455
Pos89,ch02,118,140,9.666666666666666,11.5,22,0.36274095233475756,-0.5017692516668497,1.910860012079007,0.9972324249202885
Pos89,ch02,140,162,11.5,13.333333333333334,22,0.3752286767046084,-1.3845069631732987,1.8472660102831429,0.9963677898407738
Pos89,ch02,162,187,13.333333333333334,15.416666666666666,25,0.36706415969424705,-2.022867738220371,1.8883542897168581,0.9948595341398409
Pos89,ch02,187,208,15.416666666666666,17.166666666666668,21,0.3656849245061135,-2.7800573439390295,1.8954764993282005,0.9965503037374989
Pos89,ch02,208,240,17.166666666666668,19.833333333333332,32,0.33548968720186795,-3.037093088768678,2.0660759689548094,0.9967372333282407
Pos89,ch02,240,262,19.833333333333332,21.666666666666668,22,0.3656716354049298,-4.382762232016967,1.8955453840229703,0.9969510617737458
Pos89,ch02,262,292,21.666666666666668,24.166666666666668,30,0.3635356869039205,-5.133883448534025,1.9066826326273116,0.99525782031701
Pos89,ch02,292,317,24.166666666666668,26.25,25,0.36478923467915236,-5.946292260777119,1.9001305813467815,0.9956739866372042
Pos89,ch02,317,339,26.25,28.083333333333332,22,0.3529555234532144,-6.349754299588371,1.96383718202904,0.9936402519090964
Pos89,ch02,339,362,28.083333333333332,30.0,23,0.3642058585703449,-7.354024482624166,1.903174164415773,0.9930109600433527
Pos89,ch02,362,390,30.0,32.333333333333336,27,0.3674668383561007,-8.222567821386995,1.8862849874040548,0.9954726340498486
Pos89,ch02,390,410,32.333333333333336,34.0,20,0.3709514173831225,-9.010119721527646,1.8685659309506173,0.9966736859918135
Pos89,ch02,410,431,34.0,35.75,21,0.3998284980909073,-10.771674349462117,1.7336112454954307,0.9971062233367667
Pos89,ch02,431,456,35.75,37.833333333333336,25,0.38117078167767887,-10.86093191149164,1.8184688173346828,0.9974802998323251
Pos89,ch02,456,483,37.833333333333336,40.083333333333336,27,0.3862674023492944,-11.868728314240204,1.7944749578768369,0.9959269320725528
Pos89,ch02,483,505,40.083333333333336,41.916666666666664,22,0.37273775763019723,-12.07779242460133,1.859610856079771,0.9977343805156095
Pos89,ch02,505,530,41.916666666666664,44.0,25,0.3663547252627634,-12.55173695150068,1.8920110285537985,0.9981241820808506
Pos89,ch02,530,555,44.0,46.083333333333336,25,0.370404513720414,-13.53922432307921,1.8713248756011152,0.9948292357325815
Pos89,ch02,555,583,46.083333333333336,48.416666666666664,28,0.35403568314728545,-13.594385952142014,1.9578455323995778,0.9984012440877266
Pos89,ch02,583,607,48.416666666666664,50.416666666666664,24,0.31418234779996157,-12.410003708819591,2.2061939043159384,0.9970138756988227
Pos89,ch02,607,633,50.416666666666664,52.583333333333336,26,0.3694806381251471,-15.919163264344611,1.8760040690553557,0.9977423639532786
Pos89,ch02,633,657,52.583333333333336,54.583333333333336,24,0.37402333102408775,-16.928380872909667,1.853219099092258,0.9914783205719525
Pos89,ch02,657,685,54.583333333333336,56.916666666666664,28,0.3210582718861452,-14.789556202534671,2.158945092701899,0.995855072880989
Pos89,ch02,685,708,56.916666666666664,58.833333333333336,23,0.32163661092393625,-15.550749484519123,2.155063065018638,0.9904099315265834
Pos89,ch02,708,735,58.833333333333336,61.083333333333336,27,0.3290650473402612,-16.692615124867366,2.106413872158274,0.9940580393944118
Pos89,ch02,735,766,61.083333333333336,63.666666666666664,31,0.36210009110418995,-19.421847139112973,1.9142419391452197,0.9967829207643844
Pos89,ch02,766,783,63.666666666666664,65.08333333333333,17,0.3707001723896202,-20.691093683422466,1.8698323663885994,0.997514349532189
Pos89,ch02,783,809,65.08333333333333,67.25,26,0.37224452832964633,-21.537831066402912,1.8620748669436966,0.9974792351172762
Pos89,ch02,809,836,67.25,69.5,26,0.34283828502131336,-20.290132885789188,2.0217904791959107,0.9976659132770528
Pos89,ch02,836,865,69.5,71.91666666666667,29,0.34505422790356943,-21.19306887658087,2.008806513605901,0.9978183634157144
Pos89,ch02,865,889,71.91666666666667,73.91666666666667,24,0.35795656795720837,-22.91929595117887,1.9364002301050305,0.9987458794079312
Pos89,ch02,889,918,73.91666666666667,76.33333333333333,29,0.34928445003517794,-23.065503961948977,1.9844776384695495,0.9987175084766213
Pos89,ch02,918,943,76.33333333333333,78.41666666666667,25,0.35855424393689567,-24.545522603920155,1.933172434243832,0.9931904138446922
Pos89,ch02,943,968,78.41666666666667,80.5,25,0.388521411724223,-27.65981398764518,1.7840643003015473,0.9926987620933202
Pos89,ch02,968,990,80.5,82.33333333333333,22,0.37268619488078636,-27.082548454248332,1.8598681412969078,0.9954255031513848
Pos89,ch02,990,1013,82.33333333333333,84.25,23,0.39383893808135173,-29.59907589968596,1.7599762581544647,0.9956267200177502
Pos89,ch02,1013,1035,84.25,86.08333333333333,22,0.3839302581282723,-29.55658496979226,1.8053986782369278,0.9960071303481549
Pos89,ch02,1035,1060,86.08333333333333,88.16666666666667,25,0.3643588420411393,-28.632253638256422,1.9023750780327788,0.9973120990897238
Pos89,ch02,1060,1089,88.16666666666667,90.58333333333333,29,0.35252693168863297,-28.360477917821797,1.9662247568993192,0.998076426917929
Pos89,ch02,1089,1114,90.58333333333333,92.66666666666667,25,0.32738033177153514,-26.805921172300913,2.117253583344962,0.9903893764455188
Pos89,ch02,1114,1139,92.66666666666667,94.75,25,0.35201188016891005,-29.811247843386347,1.9691016684645535,0.9902976873592585
Pos89,ch02,1139,1169,94.75,97.25,30,0.24237852067992088,-20.171404953772665,2.859771478988843,0.9900594649794773
Pos89,ch04,9,34,0.5833333333333334,2.6666666666666665,25,0.35616146367597157,2.5727210027781067,1.9461599618496528,0.9939605614207973
Pos89,ch04,34,57,2.6666666666666665,4.583333333333333,23,0.3621002569963848,1.8233712665241002,1.9142410621566215,0.9970981331938197
Pos89,ch04,57,81,4.583333333333333,6.583333333333333,24,0.3514161098684688,1.1817002178368436,1.972439968160204,0.9971298672845769
Pos89,ch04,81,103,6.583333333333333,8.416666666666666,22,0.3412222308548083,0.4905837766802039,2.031365831070024,0.9948882313777446
Pos89,ch04,103,128,8.416666666666666,10.5,25,0.3308360790884673,-0.1507076475925341,2.095137817101847,0.9962952788457318
Pos89,ch04,128,154,10.5,12.666666666666666,26,0.3245038818318821,-0.8151222617744663,2.1360212292284646,0.9981689518300513
Pos89,ch04,154,183,12.666666666666666,15.083333333333334,29,0.3293412838521944,-1.5927325856844101,2.1046471078646305,0.9937908206092441
Pos89,ch04,183,208,15.083333333333334,17.166666666666668,25,0.32980065811357967,-2.3346829214966944,2.101715577296493,0.994661188973838
Pos89,ch04,208,236,17.166666666666668,19.5,28,0.3235991473141612,-2.9062441527662854,2.14199322313731,0.9950372495363754
Pos89,ch04,236,261,19.5,21.583333333333332,25,0.3374977874260376,-3.8652464856982363,2.053782888019223,0.9953855499571557
Pos89,ch04,261,284,21.583333333333332,23.5,23,0.33162595047137994,-4.499413525101191,2.0901475881929374,0.9944816066652772
Pos89,ch04,284,310,23.5,25.666666666666668,26,0.33214313627302305,-5.133102620729328,2.086892983361774,0.9962352040457579
Pos89,ch04,310,331,25.666666666666668,27.416666666666668,21,0.34603131905661083,-6.16232111594646,2.0031342320391126,0.9902291677444239
Pos89,ch04,331,358,27.416666666666668,29.666666666666668,27,0.36824020911935806,-7.411567841394198,1.8823234491898597,0.9951581125751966
Pos89,ch04,358,381,29.666666666666668,31.583333333333332,23,0.3466417611381871,-7.551759156887385,1.9996066783298663,0.9958214163387611
Pos89,ch04,381,405,31.583333333333332,33.583333333333336,23,0.3458851571217958,-8.214188599351703,2.0039807036757837,0.9630242689891053
Pos89,ch04,405,428,33.583333333333336,35.5,23,0.3666870262113574,-9.614651806932612,1.8902964408683964,0.9962840630199082
Pos89,ch04,428,456,35.5,37.833333333333336,28,0.37071313470482437,-10.49322546387379,1.8697669860331627,0.9932067775938348
Pos89,ch04,456,477,37.833333333333336,39.583333333333336,21,0.3561894867929828,-10.700484078651336,1.9460068482111101,0.9957142621159306
Pos89,ch04,477,502,39.583333333333336,41.666666666666664,25,0.3329239433317571,-10.395336466690855,2.0819985898978355,0.9954897133329665
Pos89,ch04,502,526,41.666666666666664,43.666666666666664,24,0.37411609851116595,-12.787820612460218,1.852759566664992,0.9950047739231932
Pos89,ch04,526,549,43.666666666666664,45.583333333333336,23,0.3757485794429901,-13.579836847391826,1.8447100494364264,0.9937757045069059
Pos89,ch04,549,574,45.583333333333336,47.666666666666664,25,0.39160257241475055,-15.040001226400728,1.7700271381920993,0.9954176802875551
Pos89,ch04,574,598,47.666666666666664,49.666666666666664,24,0.3746658800523616,-14.980303011754566,1.8500408429587294,0.9973509211098757
Pos89,ch04,598,618,49.666666666666664,51.333333333333336,20,0.3825642080161683,-16.121253730053134,1.8118453478811871,0.9966967808338589
Pos89,ch04,618,640,51.333333333333336,53.166666666666664,22,0.3434242487495826,-14.882170223503309,2.018340822128064,0.9934931750323465
Pos89,ch04,640,664,53.166666666666664,55.166666666666664,24,0.3565362305238715,-16.265992827979026,1.9441142897076102,0.9980782147170009
Pos89,ch04,664,690,55.166666666666664,57.333333333333336,26,0.38518721869644856,-18.571246314750198,1.7995072186083836,0.9970503177668101
Pos89,ch04,690,711,57.333333333333336,59.083333333333336,21,0.33478157866286673,-16.469480594995485,2.0704460004293175,0.9923734312438603
Pos89,ch04,711,737,59.083333333333336,61.25,26,0.3560567991753264,-18.38342459664999,1.9467320443405767,0.9921249129381068
Pos89,ch04,737,760,61.25,63.166666666666664,23,0.3646566598168563,-19.616499867625414,1.9008213943166943,0.9964489943018031
Pos89,ch04,760,782,63.166666666666664,65.0,22,0.37185720671389155,-20.730412320608654,1.8640143798349336,0.9936456289657315
Pos89,ch04,782,808,65.0,67.16666666666667,26,0.38589647955138634,-22.357776052221464,1.7961998030294162,0.9961101644819271
Pos89,ch04,808,832,67.16666666666667,69.16666666666667,23,0.36130939174165644,-21.505556281790824,1.9184311186008682,0.9851655601481236
Pos89,ch04,832,855,69.16666666666667,71.08333333333333,23,0.34690669438480837,-21.234633891091956,1.998079575227417,0.9966337925730235
Pos89,ch04,855,877,71.08333333333333,72.91666666666667,22,0.3428638769599841,-21.651725101475872,2.021639569340934,0.9958978641417527
Pos89,ch04,877,908,72.91666666666667,75.5,31,0.3420885989148301,-22.34103931398993,2.026221226777915,0.9947691905212719
Pos89,ch04,908,932,75.5,77.5,24,0.34741445146833566,-23.49221489716977,1.9951593194537007,0.996304229169965
Pos89,ch04,932,956,77.5,79.5,24,0.3603786131412572,-25.223783614041427,1.9233860037311736,0.9954171675963467
Pos89,ch04,956,979,79.5,81.41666666666667,23,0.3549845262135046,-25.48372245006565,1.9526123799070991,0.9944296869325414
Pos89,ch04,979,1005,81.41666666666667,83.58333333333333,26,0.36131137444134853,-26.669426353480343,1.9184205911913894,0.9973560687713985
Pos89,ch04,1005,1028,83.58333333333333,85.5,23,0.29102412480066936,-21.5124896464814,2.381751619508181,0.9962434985735739
Pos89,ch04,1028,1059,85.5,88.08333333333333,31,0.21352114100326425,-15.4785396274529,3.246269560489791,0.9922512039687391
Pos89,ch07,19,44,1.4166666666666667,3.5,25,0.3927817537535717,2.239452843487551,1.7647132890873045,0.99239376356725
Pos89,ch07,44,67,3.5,5.416666666666667,23,0.37959275611725746,1.4668010076415463,1.8260284723289868,0.9970775557774586
Pos89,ch07,67,92,5.416666666666667,7.5,25,0.37725048453518295,0.699654651848858,1.837365911972212,0.9957302512457815
Pos89,ch07,92,116,7.5,9.5,24,0.38362644623063225,-0.15534860923554877,1.8068284587012866,0.9950420905456053
Pos89,ch07,116,144,9.5,11.833333333333334,28,0.38467477851890636,-1.023543163598935,1.8019044119001886,0.9967125059005427
Pos89,ch07,144,173,11.833333333333334,14.25,29,0.35881478890619367,-1.5653767120013442,1.931768706281383,0.9957328068885914
Pos89,ch07,173,196,14.25,16.166666666666668,23,0.38163997037978226,-2.7340637205297464,1.8162331892809136,0.9958515474941881
Pos89,ch07,196,225,16.166666666666668,18.583333333333332,28,0.3938050028166164,-3.74327504851076,1.760127920169475,0.9971228048959665
Pos89,ch07,225,252,18.583333333333332,20.833333333333332,27,0.3840924654482541,-4.383722442693869,1.8046362345353735,0.9934075007806761
Pos89,ch07,252,276,20.833333333333332,22.833333333333332,24,0.39815628446551143,-5.512874371287709,1.7408922265045552,0.9972032090353915
Pos89,ch07,276,299,22.833333333333332,24.75,23,0.3893100461876242,-6.11567744420268,1.7804502795334742,0.9935827604788824
Pos89,ch07,299,325,24.75,26.916666666666668,26,0.3827570018255063,-6.7299171569323235,1.8109327256041723,0.9985576004882101
Pos89,ch07,325,348,26.916666666666668,28.833333333333332,23,0.3989470146194691,-7.963941731068687,1.7374417031823024,0.9975594009301175
Pos89,ch07,348,371,28.833333333333332,30.75,23,0.39749832796197315,-8.74932093326436,1.7437738269587275,0.9962644432425026
Pos89,ch07,371,401,30.75,33.25,29,0.386173633704922,-9.239445194940977,1.7949106828188688,0.9940547898254175
Pos89,ch07,401,425,33.25,35.25,24,0.37675998858509313,-9.82625909075026,1.8397579402288216,0.9972300903404501
Pos89,ch07,425,452,35.25,37.5,27,0.38086092566875723,-10.75236750664252,1.8199482641671412,0.9969340130643224
Pos89,ch07,452,477,37.5,39.583333333333336,25,0.3916973943182798,-11.924144705277993,1.7695986509338832,0.9960260839673507
Pos89,ch07,477,503,39.583333333333336,41.75,26,0.3940760222544617,-12.926505040448253,1.7589174205386395,0.9968791566975568
Pos89,ch07,503,532,41.75,44.166666666666664,29,0.372839147743068,-12.871717526255129,1.8591051523312916,0.9965104859139756
Pos89,ch07,532,567,44.166666666666664,47.083333333333336,35,0.3577510623448879,-12.959590314058442,1.9375125709388408,0.995247456187147
Pos89,ch07,567,583,47.083333333333336,48.416666666666664,16,0.3478632460016513,-13.24136943474926,1.9925852717324868,0.9947559246583976
Pos89,ch07,583,606,48.416666666666664,50.333333333333336,23,0.37829928199805224,-15.479065608104527,1.8322719961269027,0.9972594902311476
Pos89,ch07,606,628,50.333333333333336,52.166666666666664,22,0.38348878677191733,-16.487303398985155,1.8074770487936052,0.9983220670800359
Pos89,ch07,628,653,52.166666666666664,54.25,25,0.3577263304251597,-15.9540374912745,1.9376465236320066,0.9977380080401983
Pos89,ch07,653,676,54.25,56.166666666666664,23,0.36757622920017974,-17.232980991812916,1.8857236281796166,0.9951579796488695
Pos89,ch07,676,708,56.166666666666664,58.833333333333336,32,0.3379611263173702,-16.31727152424044,2.0509671870043107,0.9934804738147027
Pos89,ch07,708,734,58.833333333333336,61.0,26,0.3459984069073219,-17.629298356761453,2.003324774687791,0.9979306065856143
Pos89,ch07,734,758,61.0,63.0,24,0.38981872233690956,-21.083738479435947,1.7781269622059797,0.9959524284780952
Pos89,ch07,758,783,63.0,65.08333333333333,25,0.3716687412716307,-20.718502498135816,1.8649595825261103,0.9988654769416896
Pos89,ch07,783,802,65.08333333333333,66.66666666666667,19,0.39374290113432725,-22.939525164304154,1.7604055300122727,0.9962558769374276
Pos89,ch07,802,834,66.66666666666667,69.33333333333333,31,0.35544876743906173,-21.087282866172302,1.9500621300614827,0.9935090961257896
Pos89,ch07,834,859,69.33333333333333,71.41666666666667,25,0.37149922510298333,-22.977457798849418,1.8658105689663227,0.9957361259305295
Pos89,ch07,859,883,71.41666666666667,73.41666666666667,24,0.37873508608850964,-24.28925242131476,1.8301636315732261,0.9977011621929397
Pos89,ch07,883,905,73.41666666666667,75.25,22,0.37189151377107615,-24.53028655903858,1.8638424241824008,0.9977786953633198
Pos89,ch07,905,932,75.25,77.5,27,0.38143410163981634,-26.012062517151012,1.8172134520223782,0.9945313250781531
Pos89,ch07,932,955,77.5,79.41666666666667,23,0.38743953546919746,-27.299808844684186,1.7890460758490467,0.9954286966356576
Pos89,ch07,955,987,79.41666666666667,82.08333333333333,32,0.36552408953294246,-26.36990938086206,1.8963105316687374,0.994469779471095
Pos89,ch07,987,1009,82.08333333333333,83.91666666666667,22,0.41596274900323266,-31.362015619312515,1.6663684001053625,0.9968085623054069
Pos89,ch07,1009,1037,83.91666666666667,86.25,28,0.37584255785306786,-28.7886909635439,1.8442487847023559,0.9946397673054415
Pos89,ch07,1037,1064,86.25,88.5,27,0.3642089539392408,-28.63788573855852,1.9031579895632649,0.9935285815638605
Pos89,ch07,1064,1090,88.5,90.66666666666667,26,0.3714561483680645,-30.096431766019876,1.8660269418212105,0.9925993156782158
Pos89,ch07,1090,1118,90.66666666666667,93.0,28,0.3620962733190208,-30.025584719757614,1.9142621220772849,0.9934115643765976
Pos89,ch07,1118,1144,93.0,95.16666666666667,26,0.360137391544947,-30.63285507578039,1.924674296069135,0.9909211117536012
Pos89,ch07,1144,1172,95.16666666666667,97.5,16,0.3740581762902458,-32.75752501894847,1.8530464630777281,0.9866738367901893
Pos89,ch07,1172,1200,97.5,99.83333333333333,28,0.3853000776308557,-34.76784143614123,1.7989801217326213,0.9939747367547931
Pos90,ch04,12,36,0.8333333333333334,2.8333333333333335,24,0.33523365643678815,2.505485619731798,2.067653910193368,0.9982262323560612
Pos90,ch04,36,62,2.8333333333333335,5.0,26,0.3518412996612402,1.7436205508057323,1.9700563328617793,0.9971261572395168
Pos90,ch04,62,87,5.0,7.083333333333333,25,0.35424387551956077,1.0316773539559507,1.956694888636602,0.9969193107757838
Pos90,ch04,87,114,7.083333333333333,9.333333333333334,27,0.3458402843796691,0.3344611260208624,2.0042407199706007,0.9978963518387911
Pos90,ch04,114,142,9.333333333333334,11.666666666666666,28,0.34519959805757555,-0.41644302676417516,2.007960566756905,0.9957703210896236
Pos90,ch04,142,162,11.666666666666666,13.333333333333334,20,0.34063459013994674,-1.0493313333191034,2.034870211727975,0.9972602825088508
Pos90,ch04,162,189,13.333333333333334,15.583333333333334,27,0.33279947451387676,-1.657767891163026,2.082777268721448,0.9979183457132014
Pos90,ch04,189,213,15.583333333333334,17.583333333333332,24,0.3394421323372096,-2.4848957147837067,2.0420186963454405,0.9960237749528761
Pos90,ch04,213,235,17.583333333333332,19.416666666666668,22,0.33392423547620675,-3.0611558332684616,2.075761825347757,0.9983251699276993
Pos90,ch04,235,269,19.416666666666668,22.25,34,0.3352257625443605,-3.8386148408791305,2.06770259928403,0.9991217439406151
Pos90,ch04,269,299,22.25,24.75,30,0.33779126315042607,-4.576798304575023,2.0519985451822396,0.9984416880414094
Pos90,ch04,299,318,24.75,26.333333333333332,19,0.3408980129726289,-5.340607381076529,2.0332978022244994,0.9978473270101316
Pos90,ch04,318,338,26.333333333333332,28.0,20,0.3495037490678348,-6.298590567699261,1.9832324614790129,0.996236552314238
Pos90,ch04,338,364,28.0,30.166666666666668,26,0.34229951602918407,-6.83895105581363,2.024972715710321,0.998144923771877
Pos90,ch04,364,391,30.166666666666668,32.416666666666664,27,0.34887297909286175,-7.807654778644901,1.9868181891365277,0.9981958846039747
Pos90,ch04,391,417,32.416666666666664,34.583333333333336,26,0.3589482989863639,-8.88769075075525,1.9310501888916245,0.9974973416544288
Pos90,ch04,417,439,34.583333333333336,36.416666666666664,22,0.3446687587658685,-9.135829889540782,2.0110531138413856,0.995153204941939
Pos90,ch04,439,464,36.416666666666664,38.5,25,0.36151883047743555,-10.455807519119514,1.9173197137326117,0.9984054873811687
Pos90,ch04,464,486,38.5,40.333333333333336,22,0.34738582773451787,-10.640084394582226,1.9953237156516013,0.9976175485990553
Pos90,ch04,486,512,40.333333333333336,42.5,26,0.35535042757807733,-11.704157418584938,1.95060179126321,0.998354154410757
Pos90,ch04,512,539,42.5,44.75,27,0.35335071556990505,-12.395720816137926,1.9616408005343822,0.9974929150786506
Pos90,ch04,539,572,44.75,47.5,33,0.3684269833397725,-13.828849849452615,1.8813692044936563,0.9986014028054712
Pos90,ch04,572,593,47.5,49.25,21,0.36014292982541585,-14.189048205833064,1.9246446984144816,0.9934977688783014
Pos90,ch04,593,618,49.25,51.333333333333336,25,0.35323404572062983,-14.614782693336716,1.962288711853529,0.9964991153517017
Pos90,ch04,618,646,51.333333333333336,53.666666666666664,28,0.34728122919103865,-15.125594542201346,1.9959246924303142,0.9924294466030708
Pos90,ch04,646,671,53.666666666666664,55.75,25,0.2914808698520802,-12.856924879400754,2.3780194594303956,0.9731116084537925
Pos90,ch04,671,698,55.75,58.0,27,0.3377463588354256,-16.158613309223302,2.052271364079151,0.996535931069081
Pos90,ch04,698,726,58.0,60.333333333333336,28,0.34109356344167346,-17.081398859334296,2.032132103479204,0.9973353182734642
Pos90,ch04,726,747,60.333333333333336,62.083333333333336,21,0.34972073465694437,-18.282831812192764,1.9820019571898768,0.9947852698872912
Pos90,ch04,747,781,62.083333333333336,64.91666666666667,34,0.3753568568688092,-20.574462759563772,1.8466351896222502,0.9992440268711885
Pos90,ch04,781,799,64.91666666666667,66.41666666666667,18,0.35105891845902215,-19.761626129630926,1.9744468637986017,0.9966893238604605
Pos90,ch04,799,823,66.41666666666667,68.41666666666667,24,0.35439795842750427,-20.716451136809468,1.9558441691806068,0.9992571019008222
Pos90,ch04,823,845,68.41666666666667,70.25,22,0.3432058725455992,-20.64644717579755,2.019625058915191,0.9853603120905479
Pos90,ch04,845,868,70.25,72.16666666666667,23,0.33670986190781604,-20.894488385440173,2.058588889058777,0.9978573807808979
Pos90,ch04,868,900,72.16666666666667,74.83333333333333,32,0.3506851022446074,-22.64822733069391,1.9765515447430273,0.9988595754171782
Pos90,ch04,900,926,74.83333333333333,77.0,26,0.3731775753978541,-25.126535158126924,1.8574191651815182,0.9956887651343833
Pos90,ch04,926,949,77.0,78.91666666666667,22,0.3574093021168228,-24.694702399129035,1.9393652500219012,0.9969206375097479
Pos90,ch04,949,979,78.91666666666667,81.41666666666667,30,0.3432635910312743,-24.348364295954124,2.019285466534648,0.9976687325656868
Pos90,ch04,979,1001,81.41666666666667,83.25,22,0.34993724231468815,-25.60118362049535,1.9807756841628725,0.994739800695906
Pos90,ch04,1001,1026,83.25,85.33333333333333,25,0.36553557824737987,-27.620386932169044,1.896250930985577,0.9972371726227923
Pos90,ch04,1026,1053,85.33333333333333,87.58333333333333,27,0.3284192948724584,-25.331845471374614,2.1105555957944824,0.9967349958847064
Pos90,ch04,1053,1083,87.58333333333333,90.08333333333333,30,0.34034519853442285,-27.109139403693813,2.0366004384511385,0.9974923027229974
Pos90,ch04,1083,1107,90.08333333333333,92.08333333333333,24,0.3647089769373563,-30.05913696070893,1.9005487234798792,0.9905660592170419
Pos90,ch04,1107,1140,92.08333333333333,94.83333333333333,33,0.3421305899554456,-28.83158378252489,2.0259725406319595,0.9971339986369827
Pos90,ch04,1140,1161,94.83333333333333,96.58333333333333,21,0.3316845899583541,-28.5830386134422,2.089778064898873,0.998032978929089
Pos90,ch04,1161,1194,96.58333333333333,99.33333333333333,33,0.37298007491212465,-33.291183577827894,1.8584027061586414,0.9990407917382522
Pos90,ch09,11,38,0.75,3.0,27,0.3736025887007325,2.414458039372402,1.8553061502343555,0.9962575359394745
Pos90,ch09,38,58,3.0,4.666666666666667,20,0.39398909701765694,1.526298373568385,1.759305487910193,0.9955844165099461
Pos90,ch09,58,93,4.666666666666667,7.583333333333333,35,0.37469957587871533,0.8488234965937447,1.8498744732614982,0.9978095771905314
Pos90,ch09,93,118,7.583333333333333,9.666666666666666,25,0.35328851569041825,0.20514151775770206,1.9619861664774305,0.9930675379079518
Pos90,ch09,118,145,9.666666666666666,11.916666666666666,27,0.35648917153281723,-0.5588297013431498,1.9443709259935724,0.9983093482720996
Pos90,ch09,145,169,11.916666666666666,13.916666666666666,24,0.36518113219155524,-1.4268441393596694,1.89809143862437,0.9948631872092396
Pos90,ch09,169,189,13.916666666666666,15.583333333333334,20,0.3718943229660965,-2.2866892479394574,1.8638283451913182,0.9975384885876257
Pos90,ch09,189,221,15.583333333333334,18.25,32,0.3611307623182049,-3.0056516822208423,1.919380049792571,0.9958567388069299
Pos90,ch09,221,244,18.25,20.166666666666668,23,0.36231388533261866,-3.8202614675072972,1.9131123829924663,0.9941639641028409
Pos90,ch09,244,270,20.166666666666668,22.333333333333332,24,0.38430996526978944,-5.004523872837793,1.80361490255229,0.995858441449506
Pos90,ch09,270,292,22.333333333333332,24.166666666666668,22,0.36473236841406004,-5.377940647415558,1.900426835089817,0.9973511654427462
Pos90,ch09,292,316,24.166666666666668,26.166666666666668,24,0.37000010989553445,-6.323715693686848,1.8733702018511507,0.9972147353627436
Pos90,ch09,316,346,26.166666666666668,28.666666666666668,30,0.38674655984829903,-7.647586636409691,1.7922517031097358,0.9956684102958177
Pos90,ch09,346,374,28.666666666666668,31.0,28,0.377907113615061,-8.147667229794873,1.8341734134859131,0.9937118330794642
Pos90,ch09,374,396,31.0,32.833333333333336,22,0.3883998509328711,-9.312463968874207,1.7846226740178257,0.9949628840541056
Pos90,ch09,396,424,32.833333333333336,35.166666666666664,28,0.36729797455495206,-9.498378144492346,1.8871521995181664,0.9983374066386392
Pos90,ch09,424,462,35.166666666666664,38.333333333333336,37,0.35282255725893236,-9.735290684329312,1.9645772819770495,0.9951374143689403
Pos90,ch09,462,478,38.333333333333336,39.666666666666664,16,0.35145343619607694,-10.435665388278192,1.9722304839644145,0.9967062206271459
Pos90,ch09,478,500,39.666666666666664,41.5,22,0.3814263818395437,-12.338888009522083,1.817250231137747,0.9970792066254245
Pos90,ch09,500,526,41.5,43.666666666666664,26,0.39429412706180683,-13.717029288312949,1.7579444708576455,0.997923420602326
Pos90,ch09,526,547,43.666666666666664,45.416666666666664,21,0.3845287625332579,-14.153226317452308,1.8025886438078738,0.9961543308293234
Pos90,ch09,547,582,45.416666666666664,48.333333333333336,35,0.31117325109498567,-11.636814185206182,2.22752816355787,0.9950148646426024
Pos90,ch09,582,627,48.333333333333336,52.083333333333336,45,0.19305587021304196,-6.732921660217947,3.5903968099754753,0.9785942354163285
Pos91,ch10,13,38,0.9166666666666666,3.0,25,0.3671822524673754,2.353251599996041,1.8877469591794398,0.9968713288583761
Pos91,ch10,38,64,3.0,5.166666666666667,26,0.36288187938509375,1.587772147700585,1.910117919733244,0.9979774191113971
Pos91,ch10,64,92,5.166666666666667,7.5,28,0.37189815372150725,0.7331921170539534,1.8638091467348414,0.9981149884847803
Pos91,ch10,92,115,7.5,9.416666666666666,23,0.36823316360587055,-0.032705976277176814,1.8823594642383665,0.9951351662099908
Pos91,ch10,115,143,9.416666666666666,11.75,28,0.3704104777047003,-0.8331503294365225,1.8712947453730995,0.9978166607776746
Pos91,ch10,143,170,11.75,14.0,27,0.3656873360436179,-1.561118227739882,1.895463999544324,0.9981369940299252
Pos91,ch10,170,193,14.0,15.916666666666666,23,0.36512718208903955,-2.325430876090478,1.8983718949495114,0.9970435478718401
Pos91,ch10,193,219,15.916666666666666,18.083333333333332,26,0.3648032653144699,-3.0622715115383157,1.9000575007530003,0.9980439906059735
Pos91,ch10,219,253,18.083333333333332,20.916666666666668,31,0.3613862899600043,-3.772082508395267,1.918022901855679,0.9992248246581726
Pos91,ch10,253,271,20.916666666666668,22.416666666666668,18,0.37860702971242843,-4.9279891902185815,1.830782648400444,0.998273406104592
Pos91,ch10,271,296,22.416666666666668,24.5,25,0.37324032138151847,-5.5844725478906305,1.857106911692493,0.9976153267656084
Pos91,ch10,296,320,24.5,26.5,24,0.3602425726131078,-6.02321354515322,1.9241123433358591,0.9987348598764203
Pos91,ch10,320,343,26.5,28.416666666666668,23,0.3924150757911976,-7.65730071565829,1.766362261088985,0.9983007755900594
Pos91,ch10,343,372,28.416666666666668,30.833333333333332,29,0.383875409504768,-8.25512641294895,1.8056566359751052,0.9982839975132326
Pos91,ch10,372,394,30.833333333333332,32.666666666666664,22,0.3516566815988256,-8.024929174379999,1.9710906029383974,0.9984931378157638
Pos91,ch10,394,419,32.666666666666664,34.75,25,0.37805558325345834,-9.668462608340096,1.8334530986022797,0.9976623965948709
Pos91,ch10,419,442,34.75,36.666666666666664,23,0.3735713084411445,-10.339069002017018,1.8554615006498802,0.9983752172552979
Pos91,ch10,442,470,36.666666666666664,39.0,28,0.35885506185569954,-10.539460650025966,1.931551911168719,0.9972715735368057
Pos91,ch10,470,496,39.0,41.166666666666664,26,0.35995455368006285,-11.36369538401924,1.9256519287599647,0.9976948377106385
Pos91,ch10,496,521,41.166666666666664,43.25,24,0.35117819472734085,-11.815273530604612,1.9737762508236407,0.9966229560061437
Pos91,ch10,521,545,43.25,45.25,24,0.3465986181085529,-12.356713208895117,1.9998555803325653,0.9978742796842167
Pos91,ch10,545,568,45.25,47.166666666666664,23,0.35463214930657627,-13.45806538226161,1.9545525748730859,0.9978116993812939
Pos91,ch10,568,596,47.166666666666664,49.5,28,0.35203936146782194,-14.060482280431774,1.9689479542000083,0.9969362737247813
Pos91,ch10,596,628,49.5,52.166666666666664,32,0.3314664572361731,-13.909757957612912,2.0911533140925664,0.9967183017931075
Pos91,ch10,628,652,52.166666666666664,54.166666666666664,24,0.3434555129285731,-15.282628327335413,2.0181570959499955,0.995389800723994
Pos91,ch10,652,676,54.166666666666664,56.166666666666664,24,0.3289232301875525,-15.192169416174403,2.1073220646796877,0.9945378326389429
Pos91,ch10,676,707,56.166666666666664,58.75,31,0.34215450640826395,-16.668014213452373,2.025830926022852,0.9980330373385162
Pos91,ch10,707,737,58.75,61.25,30,0.3414146666713739,-17.380364237742526,2.030220866952763,0.9977466450186478
Pos91,ch10,737,758,61.25,63.0,21,0.3441719242895085,-18.28475015561572,2.013956199335097,0.9932808713256486
Pos91,ch10,758,783,63.0,65.08333333333333,25,0.3656462965088375,-20.3608847882356,1.8956767432845918,0.9973759448872205
Pos91,ch10,783,807,65.08333333333333,67.08333333333333,24,0.3612242197485414,-20.85032417644443,1.9188834598146962,0.9959103131452849
Pos91,ch10,807,834,67.08333333333333,69.33333333333333,27,0.3693726138255058,-22.19970640295839,1.876552712939874,0.9980814638372271
Pos91,ch10,834,862,69.33333333333333,71.66666666666667,26,0.3349343286411191,-20.590942287315464,2.069501753887551,0.9925915914133485
Pos91,ch10,862,889,71.66666666666667,73.91666666666667,27,0.33495144078149225,-21.337156246476905,2.069396026309749,0.9969390222921695
Pos91,ch10,889,918,73.91666666666667,76.33333333333333,21,0.33242637161405364,-21.93249130579674,2.085114899863263,0.9969166437815693
Pos91,ch10,918,944,76.33333333333333,78.5,16,0.3476216515470166,-23.830744572563834,1.9939701036320392,0.9968231450930559
Pos91,ch10,944,968,78.5,80.5,24,0.35534345355900493,-25.13790481636591,1.9506400740399399,0.994501968438904
Pos91,ch10,968,990,80.5,82.33333333333333,22,0.3672811065240543,-26.786135155081812,1.8872388703026004,0.9943424305511034
Pos91,ch10,990,1017,82.33333333333333,84.58333333333333,21,0.343517147972814,-25.616371026919584,2.017794991168246,0.995310076791815
Pos91,ch10,1017,1046,84.58333333333333,87.0,20,0.3608558700058087,-27.873289615951645,1.9208421926149841,0.9967688568197467
Pos91,ch10,1046,1080,87.0,89.83333333333333,34,0.35427152358384795,-28.081769259249086,1.9565421842207231,0.9986188942908327
Pos91,ch10,1080,1098,89.83333333333333,91.33333333333333,18,0.34305059898177664,-27.844933728300987,2.020539193393935,0.9961654539953786
Pos91,ch10,1098,1125,91.33333333333333,93.58333333333333,23,0.3609249863273557,-30.276991869900844,1.9204743556636643,0.9950734002334876
Pos91,ch10,1125,1153,93.58333333333333,95.91666666666667,28,0.35849805432828924,-30.850826379913457,1.9334754322688907,0.9989640119802969
Pos91,ch10,1153,1177,95.91666666666667,97.91666666666667,24,0.34683885593914415,-30.497718154482545,1.9984703809585969,0.9960738361594005
Pos92,ch11,8,33,0.5,2.5833333333333335,25,0.34012210002991294,2.5742336437710827,2.0379363190424398,0.998515232233195
Pos92,ch11,33,54,2.5833333333333335,4.333333333333333,21,0.35587033497696063,1.8008342781047315,1.947752067069092,0.9943058876822135
Pos92,ch11,54,83,4.333333333333333,6.75,29,0.34159941286901196,1.1528888192164788,2.0291228686207843,0.9974854604932057
Pos92,ch11,83,106,6.75,8.666666666666666,23,0.3709928792552585,0.18478823168169908,1.8683571014931295,0.9954356056200078
Pos92,ch11,106,135,8.666666666666666,11.083333333333334,29,0.3316528691753871,-0.19071766838706383,2.0899779407407753,0.9983486559695349
Pos93,ch00,9,38,0.5833333333333334,3.0,29,0.3392113312171886,2.670006926052557,2.043408096282433,0.9960309314266368
Pos93,ch00,38,63,3.0,5.083333333333333,24,0.3600588628528778,1.8994470604834224,1.9250940667531058,0.9991236235934917
Pos93,ch00,63,83,5.083333333333333,6.75,20,0.35632752674501417,1.2009488592565745,1.945252972431617,0.9984803748683243
Pos93,ch00,83,109,6.75,8.916666666666666,26,0.35043457221281304,0.45207174060410243,1.9779646060121276,0.9953971397280117
Pos93,ch00,109,138,8.916666666666666,11.333333333333334,29,0.33584246542084945,-0.11087047391102038,2.0639057055853605,0.9987292163067607
Pos93,ch00,138,158,11.333333333333334,13.0,20,0.3392901220262648,-0.8436155638582683,2.0429335708933136,0.9974641927310602
Pos93,ch00,158,185,13.0,15.25,26,0.35075106710672393,-1.6711127708704172,1.976179819715387,0.9981637098164398
Pos93,ch00,185,207,15.25,17.083333333333332,22,0.3416486505153832,-2.281673749108571,2.028830435929778,0.9958857737573901
Pos93,ch00,207,235,17.083333333333332,19.416666666666668,28,0.35173337722563836,-3.151633164235153,1.9706608057138935,0.9985229935576636
Pos93,ch00,235,259,19.416666666666668,21.416666666666668,24,0.3422004480502325,-3.7113722842839323,2.025558950928657,0.9961229879218727
Pos93,ch00,259,283,21.416666666666668,23.416666666666668,24,0.36406272650386373,-4.905299082599889,1.903922401549638,0.9991507178408033
Pos93,ch00,283,307,23.416666666666668,25.416666666666668,24,0.35159518670154105,-5.374306356472891,1.9714353517254997,0.9970638390136677
Pos93,ch03,13,39,0.9166666666666666,3.0833333333333335,26,0.2820141470795721,2.5009452133395924,2.457845422784302,0.99438499463538
Pos93,ch03,39,92,3.0833333333333335,7.5,53,0.20883056369577688,1.9687705929708617,3.3191845498713395,0.985815780781621
Pos93,ch06,8,33,0.5,2.5833333333333335,25,0.3638861358140416,2.5512963731562968,1.904846358076603,0.9911494592483739
Pos93,ch06,33,66,2.5833333333333335,5.333333333333333,33,0.3290424089635479,1.8063943840010512,2.1065587950905553,0.9947080457104742
Pos93,ch06,66,91,5.333333333333333,7.416666666666667,25,0.33837407764472804,1.0624352319469947,2.0484641890556023,0.9968807892284197
Pos93,ch06,91,113,7.416666666666667,9.25,22,0.3373711034786614,0.327218731539078,2.0545540901779886,0.9942962073419986
Pos93,ch06,113,142,9.25,11.666666666666666,29,0.3581075983603567,-0.6546371945012682,1.9355835612916672,0.9974840662696207
Pos93,ch06,142,169,11.666666666666666,13.916666666666666,27,0.3432003796360664,-1.225048177918058,2.0196573829404456,0.9962451830898122
Pos93,ch06,169,196,13.916666666666666,16.166666666666668,27,0.3676595760141876,-2.3912965560870845,1.8852961429004027,0.9975038421875524
Pos93,ch06,196,224,16.166666666666668,18.5,28,0.344447615106832,-2.763712979042452,2.012344258342339,0.9973718682974955
Pos93,ch06,224,246,18.5,20.333333333333332,22,0.28790555658197664,-2.4121552342232038,2.407550548134636,0.9861713648566404
Pos93,ch06,246,302,20.333333333333332,25.0,56,0.20288853180630742,-1.40785430416955,3.4163940878712427,0.9920175049589728
Pos95,ch00,6,27,0.3333333333333333,2.0833333333333335,21,0.3328195734291231,2.8784837034601485,2.082651490170115,0.9932133378184534
Pos95,ch00,27,55,2.0833333333333335,4.416666666666667,28,0.328265114689393,2.166753835929325,2.1115468855586634,0.9970979925596409
Pos95,ch00,55,80,4.416666666666667,6.5,25,0.3054598785576024,1.5651264875944664,2.2691922220129945,0.9926502335495562
Pos95,ch00,80,105,6.5,8.583333333333334,25,0.3149753168979418,0.8415355107348341,2.200639679916692,0.9963952838356801
Pos95,ch00,105,130,8.583333333333334,10.666666666666666,25,0.33620936834461945,-0.06948362622602176,2.0616533797757217,0.991755683289431
Pos95,ch00,130,158,10.666666666666666,13.0,28,0.32626688403342713,-0.7101909003498257,2.1244791135128813,0.9970138158926615
Pos95,ch00,158,183,13.0,15.083333333333334,25,0.3189560513249312,-1.3157242986865274,2.1731745727370226,0.9923817464167907
Pos95,ch00,183,216,15.083333333333334,17.833333333333332,32,0.34579573484745424,-2.360650164924882,2.0044989301725282,0.9419096988518734
Pos95,ch00,216,234,17.833333333333332,19.333333333333332,18,0.33382458445585633,-2.9002905841977107,2.07638146749975,0.9941576564190807
Pos95,ch00,234,259,19.333333333333332,21.416666666666668,25,0.30881968171223667,-3.0743889019240846,2.2445045494407037,0.9942701915633754
Pos95,ch00,259,285,21.416666666666668,23.583333333333332,26,0.316580029966758,-3.8709303384961546,2.1894848535857685,0.9966015151681581
Pos95,ch00,285,307,23.583333333333332,25.416666666666668,22,0.30442507814758174,-4.214122245081956,2.276905650407407,0.988241344305247
Pos95,ch00,307,333,25.416666666666668,27.583333333333332,26,0.28742729549390217,-4.414013599490623,2.4115565620477075,0.9924027860811612
Pos95,ch00,333,368,27.583333333333332,30.5,35,0.33733167944240033,-6.513644657917889,2.0547942064193254,0.998024282471886
Pos95,ch00,368,387,30.5,32.083333333333336,19,0.3290464084023639,-6.9816134306137565,2.1065331906384235,0.9948985099349028
Pos95,ch00,387,412,32.083333333333336,34.166666666666664,25,0.31486289490800184,-7.1790679877241885,2.20142541966551,0.9920397668953177
Pos95,ch00,412,437,34.166666666666664,36.25,25,0.2994718015481411,-7.339740115497944,2.3145657687190275,0.9951703714812452
Pos95,ch00,437,474,36.25,39.333333333333336,37,0.324817191432485,-8.999347339671438,2.1339608827447782,0.9967459943951296
Pos95,ch00,474,493,39.333333333333336,40.916666666666664,19,0.33235022233646383,-9.95878507711037,2.0855926488841603,0.9976862388129432
Pos95,ch00,493,514,40.916666666666664,42.666666666666664,21,0.32526355757895503,-10.346809616916971,2.1310324025208067,0.9970744502396424
Pos95,ch00,514,542,42.666666666666664,45.0,28,0.3165651449968056,-10.626849581839625,2.1895878036950016,0.9953829188568379
Pos95,ch00,542,565,45.0,46.916666666666664,23,0.29618918850025794,-10.407776100595456,2.3402176969040234,0.9928849525080206
Pos95,ch00,565,591,46.916666666666664,49.083333333333336,26,0.2737913142552597,-9.981928669499819,2.531662417580252,0.9954384266059206
Pos95,ch00,591,638,49.083333333333336,53.0,47,0.17860345907912684,-5.90020500438722,3.8809280857928945,0.994581047058737
Pos95,ch01,25,46,1.9166666666666667,3.6666666666666665,21,0.3407109716106749,2.436344673594029,2.034414029237643,0.9950978753792098
Pos95,ch01,46,70,3.6666666666666665,5.666666666666667,24,0.3751762635173898,1.5668918655716522,1.8475240785797131,0.9961435027878489
Pos95,ch01,70,100,5.666666666666667,8.166666666666666,30,0.36470062623980953,0.8815762939725748,1.9005922411116596,0.9872912213934258
Pos95,ch01,100,121,8.166666666666666,9.916666666666666,21,0.3300920487367255,0.4332719402085485,2.099860275982549,0.9975398164482264
Pos95,ch01,121,146,9.916666666666666,12.0,25,0.3560167348105645,-0.5428969392223647,1.946951119948805,0.9940918008061911
Pos95,ch01,146,168,12.0,13.833333333333334,22,0.3559860424672197,-1.2750024770326713,1.9471189818453976,0.9951557971573409
Pos95,ch01,168,195,13.833333333333334,16.083333333333332,27,0.35259144317184044,-1.966008462743013,1.9658650088741099,0.9950301122820567
Pos95,ch01,195,223,16.083333333333332,18.416666666666668,28,0.34961791567571127,-2.6506925708138156,1.9825848432861066,0.996194088320024
Pos95,ch01,223,243,18.416666666666668,20.083333333333332,20,0.338771384257953,-3.134914386752503,2.046061777260849,0.9889528381865615
Pos95,ch01,243,272,20.083333333333332,22.5,29,0.3556801123927536,-4.228694599438243,1.9487937514891176,0.9956011542217766
Pos95,ch01,272,294,22.5,24.333333333333332,22,0.34714038864353997,-4.798842528706714,1.9967344718038595,0.9940191163379315
Pos95,ch01,294,318,24.333333333333332,26.333333333333332,24,0.35402516162891867,-5.617538480336848,1.9579037189635882,0.991008598079032
Pos95,ch01,318,342,26.333333333333332,28.333333333333332,24,0.34849130380831805,-6.178590513298755,1.988994195795484,0.995883310874492
Pos95,ch01,342,368,28.333333333333332,30.5,26,0.34774272015841756,-6.814801162741206,1.9932758915676951,0.9932283820324822
Pos95,ch01,368,390,30.5,32.333333333333336,22,0.35399073409733767,-7.77742598941628,1.9580941357898622,0.9914461676064351
Pos95,ch01,390,422,32.333333333333336,35.0,32,0.351983728599205,-8.472537667847869,1.9692591567186177,0.9931955316161765
Pos95,ch01,422,442,35.0,36.666666666666664,20,0.3511816313540964,-9.177346729089082,1.9737569356554558,0.9921219208103127
Pos95,ch01,442,468,36.666666666666664,38.833333333333336,26,0.3549653653314793,-10.112799749314314,1.9527177811070657,0.9956881111534299
Pos95,ch01,468,498,38.833333333333336,41.333333333333336,30,0.35592793438163123,-10.952264770205197,1.9474368646118756,0.9942439760661378
Pos95,ch01,498,522,41.333333333333336,43.333333333333336,24,0.34930415016659067,-11.429183502629453,1.9843657174681963,0.9962525154742503
Pos95,ch01,522,545,43.333333333333336,45.25,23,0.37532551106831014,-13.319763208097353,1.846789413773131,0.996280266581477
Pos95,ch01,545,571,45.25,47.416666666666664,26,0.3732125065227035,-14.02712441516356,1.857245318540201,0.9935098576138661
Pos95,ch01,571,593,47.416666666666664,49.25,22,0.3880839023542104,-15.530269775837333,1.786075578902262,0.9843461651088692
Pos95,ch01,593,621,49.25,51.583333333333336,22,0.37532328733903947,-15.756796276189867,1.8468003556992376,0.9963136096723885
Pos95,ch01,621,647,51.583333333333336,53.75,26,0.34652609333124124,-14.984236349908052,2.000274132018601,0.9827045007021582
Pos95,ch01,647,671,53.75,55.75,24,0.3508435126050347,-15.956605427650082,1.9756591062872582,0.9805505586530052
Pos95,ch01,671,696,55.75,57.833333333333336,25,0.3691215223618208,-17.771049306680723,1.877829220373955,0.9853947502724868
Pos95,ch01,696,725,57.833333333333336,60.25,28,0.3549930663057901,-17.6781711254763,1.9525654057785742,0.9954639610743786
Pos95,ch01,725,746,60.25,62.0,21,0.31318312174410295,-15.855341845746535,2.2132328737891087,0.9904025868822173
Pos95,ch01,746,769,62.0,63.916666666666664,23,0.3883247388072906,-21.23598985056901,1.784967866556463,0.9606055296205042
Pos95,ch01,769,800,63.916666666666664,66.5,31,0.36799826289253457,-20.785180013671336,1.8835610122495687,0.988799809411578
Pos95,ch01,800,825,66.5,68.58333333333333,25,0.36728085518255565,-21.455761004937195,1.887240161797758,0.9908016993930893
Pos95,ch01,825,858,68.58333333333333,71.33333333333333,33,0.3514431691496812,-21.20071174823888,1.972288100625256,0.9945132052565047
Pos95,ch01,858,877,71.33333333333333,72.91666666666667,19,0.321108605999331,-19.740534524948952,2.158606675778068,0.9935876761095953
Pos95,ch01,877,901,72.91666666666667,74.91666666666667,23,0.3713560136270314,-24.123133041195317,1.8665301089108048,0.9921838661355796
Pos95,ch01,901,940,74.91666666666667,78.16666666666667,39,0.3448998936118374,-22.90961310425955,2.0097054055343886,0.9962139253258714
Pos95,ch01,940,956,78.16666666666667,79.5,16,0.30941629000146476,-20.898894295661844,2.240176755259602,0.9769673500149921
Pos95,ch01,956,979,79.5,81.41666666666667,23,0.36231895421402704,-25.744716687201944,1.9130856183430394,0.9933541959403952
Pos95,ch01,979,1003,81.41666666666667,83.41666666666667,24,0.32579497545227487,-23.45931012159786,2.1275563860299105,0.991324772751649
Pos95,ch01,1003,1026,83.41666666666667,85.33333333333333,23,0.339949855620025,-25.35038693774449,2.038968892325998,0.9894666013852317
Pos95,ch01,1026,1051,85.33333333333333,87.41666666666667,25,0.3440594782634641,-26.390637436592463,2.0146144034699915,0.9849111224262032
Pos95,ch01,1051,1080,87.41666666666667,89.83333333333333,29,0.34210477175105364,-26.951878305330943,2.026125438157705,0.9938311602240708
Pos95,ch01,1080,1107,89.83333333333333,92.08333333333333,27,0.3232785431552364,-25.979151280155264,2.1441174963075116,0.9897697139748479
Pos95,ch01,1107,1133,92.08333333333333,94.25,25,0.32623513376771907,-26.9549573522766,2.1246858747392587,0.9924157641770839
Pos95,ch01,1133,1157,94.25,96.25,24,0.31263157990255414,-26.347087022025406,2.217137439461478,0.9910307856951153
Pos95,ch01,1157,1184,96.25,98.5,27,0.3331592572246891,-29.065049500429375,2.080528052361677,0.9950610761924799
Pos95,ch02,16,48,1.1666666666666667,3.8333333333333335,32,0.3021132265613974,2.446553036774407,2.29432914423917,0.9979775322857085
Pos95,ch02,48,72,3.8333333333333335,5.833333333333333,24,0.29504544756399287,1.8529724306457804,2.3492895290635096,0.9943859113546496
Pos95,ch02,72,97,5.833333333333333,7.916666666666667,23,0.3157821623187589,1.125134204773933,2.195016892246954,0.9958618875948129
Pos95,ch02,97,120,7.916666666666667,9.833333333333334,23,0.3064315291066961,0.5269559738382188,2.2619969380454945,0.9973646300090968
Pos95,ch02,120,143,9.833333333333334,11.75,23,0.3226467024493423,-0.24841475733680432,2.1483163326883035,0.9942787621623908
Pos95,ch02,143,168,11.75,13.833333333333334,25,0.32292659617816993,-0.9200669638589873,2.14645429878904,0.9963278688618934
Pos95,ch02,168,196,13.833333333333334,16.166666666666668,27,0.32196228794303394,-1.5990586348231297,2.1528831373026724,0.9962571674202256
Pos95,ch02,196,224,16.166666666666668,18.5,28,0.30342838890938245,-1.9850059652672651,2.284384737536706,0.9961217109048988
Pos95,ch02,224,248,18.5,20.5,24,0.30691795333612476,-2.7191995009362797,2.258411973055343,0.9980917366285755
Pos95,ch02,248,274,20.5,22.666666666666668,26,0.3088412141485161,-3.3962224045327445,2.2443480623885366,0.9970603466029933
Pos95,ch02,274,296,22.666666666666668,24.5,22,0.32109283370807795,-4.352762225336268,2.158712707958226,0.9929423232497585
Pos95,ch02,296,322,24.5,26.666666666666668,26,0.3008025482893279,-4.498746493670252,2.3043261584780175,0.9981584391901899
Pos95,ch02,322,351,26.666666666666668,29.083333333333332,29,0.3025210610809379,-5.2145812701461995,2.2912361145477322,0.998109939755736
Pos95,ch02,351,376,29.083333333333332,31.166666666666668,25,0.2926147540480185,-5.506485570420059,2.368804617576456,0.9964429271139981
Pos95,ch02,376,398,31.166666666666668,33.0,22,0.30078409944820356,-6.4207528658700594,2.3044674962258385,0.9938417446303205
Pos95,ch02,398,429,33.0,35.583333333333336,31,0.30819925525993086,-7.324906708392551,2.249022892593802,0.9978077975020845
Pos95,ch02,429,456,35.583333333333336,37.833333333333336,27,0.28440442208654754,-7.108398957815419,2.437188477853599,0.9971232483997314
Pos95,ch02,456,480,37.833333333333336,39.833333333333336,24,0.29344961620009413,-8.084831190443184,2.3620653846325355,0.9957667598053828
Pos95,ch02,480,506,39.833333333333336,42.0,26,0.2941025171226044,-8.773119741152362,2.3568216530122,0.9966404406086394
Pos95,ch02,506,537,42.0,44.583333333333336,31,0.2993241811691291,-9.635975525250805,2.3157072637853195,0.9977961214893043
Pos95,ch02,537,561,44.583333333333336,46.583333333333336,24,0.29166915348201483,-9.936078131118036,2.3764843566245917,0.9965661717588766
Pos95,ch02,561,587,46.583333333333336,48.75,26,0.337680113542687,-12.73788000254158,2.0526739738623156,0.9979450694603531
Pos95,ch02,587,612,48.75,50.833333333333336,25,0.31194650781586764,-12.193800005440732,2.2220065402017215,0.9970053898593013
Pos95,ch02,612,635,50.833333333333336,52.75,23,0.30907502988078683,-12.655324099048148,2.2426502096507077,0.9969911896164171
Pos95,ch02,635,660,52.75,54.833333333333336,25,0.3132929361781305,-13.5554056941775,2.2124570985087235,0.9957744177545805
Pos95,ch02,660,682,54.833333333333336,56.666666666666664,22,0.32006452501782073,-14.600918852959925,2.1656482564612616,0.9970851160334476
Pos95,ch02,682,711,56.666666666666664,59.083333333333336,28,0.29541678928361176,-13.836917521651198,2.3463364497354164,0.991175184526205
Pos95,ch02,711,736,59.083333333333336,61.166666666666664,25,0.3058179504769965,-15.120060319665575,2.2665353014066567,0.9946990411043295
Pos95,ch02,736,757,61.166666666666664,62.916666666666664,21,0.3330427824607097,-17.38942129112337,2.0812556736362198,0.9952181459788001
Pos95,ch02,757,785,62.916666666666664,65.25,28,0.3090680996395885,-16.581706567959927,2.2427004966486037,0.9960536704084643
Pos95,ch02,785,809,65.25,67.25,24,0.33779849206301227,-19.14486586066329,2.0519546322623814,0.9952860758925434
Pos95,ch02,809,833,67.25,69.25,24,0.3045011787437298,-17.561208326491567,2.276336608677967,0.9956794173398675
Pos95,ch02,833,862,69.25,71.66666666666667,29,0.3010084316898274,-18.014547257466724,2.3027500481255467,0.9959313410169469
Pos95,ch02,862,893,71.66666666666667,74.25,30,0.3065779783787526,-19.060902764932138,2.2609164044509984,0.9970789953054804
Pos95,ch02,893,914,74.25,76.0,21,0.29910011105992645,-19.124088220135754,2.3174420701604794,0.9944266793601453
Pos95,ch02,914,939,76.0,78.08333333333333,25,0.32104886596668364,-21.453649985211065,2.1590083443305965,0.995185666196559
Pos95,ch02,939,962,78.08333333333333,80.0,23,0.33232918340995987,-23.021536516813573,2.0857246825202282,0.9897707090939002
Pos95,ch02,962,988,80.0,82.16666666666667,26,0.30294659207774843,-21.317210177272347,2.2880177519278893,0.994720669931397
Pos95,ch02,988,1017,82.16666666666667,84.58333333333333,29,0.3078442017042885,-22.32929016562715,2.25161681370817,0.9981937311080391
Pos95,ch02,1017,1038,84.58333333333333,86.33333333333333,21,0.2960023864298603,-21.97485037005854,2.341694568480079,0.9960311823413179
Pos95,ch02,1038,1065,86.33333333333333,88.58333333333333,27,0.28056622490920025,-21.246832298184618,2.470529661167408,0.9963726538083036
Pos95,ch02,1065,1089,88.58333333333333,90.58333333333333,24,0.2888207642663174,-22.579875835920816,2.39992156492185,0.9965802308090356
Pos95,ch02,1089,1113,90.58333333333333,92.58333333333333,24,0.31018808690492716,-25.161660145786982,2.2346028420246693,0.9936562629310755
Pos95,ch02,1113,1141,92.58333333333333,94.91666666666667,27,0.2993122250567672,-24.837208369651997,2.3157997653737126,0.996383017116216
Pos95,ch02,1141,1170,94.91666666666667,97.33333333333333,29,0.28836385842333967,-24.506783500192686,2.403724184957858,0.9978544241879251
Pos95,ch02,1170,1198,97.33333333333333,99.66666666666667,28,0.2899841147973832,-25.275063598011396,2.390293623649899,0.998503618786569
Pos95,ch04,14,37,1.0,2.9166666666666665,23,0.3666224264497044,2.388677294308653,1.8906295156906765,0.9971664426955603
Pos95,ch04,37,69,2.9166666666666665,5.583333333333333,32,0.35679043952490874,1.7038616848554688,1.9427291310914017,0.9992986208274275
Pos95,ch04,69,90,5.583333333333333,7.333333333333333,21,0.33043820972499777,1.109720087638735,2.0976605009959552,0.9949778909808376
Pos95,ch04,90,112,7.333333333333333,9.166666666666666,22,0.34424655233164114,0.2869586364578103,2.013519600603521,0.9972182560179202
Pos95,ch04,112,135,9.166666666666666,11.083333333333334,23,0.3510986838146797,-0.5220348301281474,1.9742232384038472,0.9963604269374857
Pos95,ch04,135,161,11.083333333333334,13.25,26,0.3642588274988112,-1.436825069461432,1.9028974131373861,0.9978565593124202
Pos95,ch04,161,186,13.25,15.333333333333334,25,0.3670761576811242,-2.271256617857705,1.8882925683287664,0.9971648956401472
Pos95,ch04,186,215,15.333333333333334,17.75,29,0.36447781877421576,-2.921235456750172,1.9017540844902043,0.9985220898662673
Pos95,ch04,215,237,17.75,19.583333333333332,22,0.35951771535552524,-3.6263990376886337,1.9279917260113193,0.9985240023451503
Pos95,ch04,237,266,19.583333333333332,22.0,29,0.3364655782445447,-3.9272520404582076,2.060083483654791,0.9965755582021647
Pos95,ch04,266,288,22.0,23.833333333333332,22,0.349891138106635,-4.898073838449574,1.981036685612476,0.9983496038758259
Pos95,ch04,288,320,23.833333333333332,26.5,32,0.35297878188717563,-5.7163134758630525,1.9637077811138783,0.9970139039574665
Pos95,ch04,320,338,26.5,28.0,18,0.35707110307739076,-6.567079595844293,1.941202115170082,0.9982084720176365
Pos95,ch04,338,361,28.0,29.916666666666668,23,0.36835721411686034,-7.628806491992397,1.8817255479080863,0.9964570159276762
Pos95,ch04,361,394,29.916666666666668,32.666666666666664,33,0.3572348799694131,-8.110731644600794,1.9403121571423636,0.9973681396840051
Pos95,ch04,394,423,32.666666666666664,35.083333333333336,29,0.35221935503420937,-8.730230965344257,1.9679417688236447,0.9976294354380422
Pos95,ch04,423,442,35.083333333333336,36.666666666666664,19,0.3236321074331486,-8.473643147271792,2.1417750731148515,0.9955148456727031
Pos95,ch04,442,472,36.666666666666664,39.166666666666664,30,0.3358504956875689,-9.758575322695746,2.063856357099911,0.9967522500772527
Pos95,ch04,472,493,39.166666666666664,40.916666666666664,21,0.3438487350008608,-10.773655470528636,2.0158491511048022,0.9943814047907187
Pos95,ch04,493,523,40.916666666666664,43.416666666666664,30,0.346404080308447,-11.578251569390622,2.0009786834576238,0.9969838414682518
Pos95,ch04,523,548,43.416666666666664,45.5,25,0.3554348677068411,-12.690446805002509,1.9501383897193951,0.9985114445305109
Pos95,ch04,548,574,45.5,47.666666666666664,26,0.34830598363544824,-13.146733294869613,1.9900524628523821,0.9971042826431049
Pos95,ch04,574,596,47.666666666666664,49.5,22,0.38988997856367,-15.92241078739146,1.777801992022097,0.9931749361081434
Pos95,ch04,596,618,49.5,51.333333333333336,22,0.33035968684836836,-13.762243533023113,2.098159091905462,0.9919408086594603
Pos95,ch04,618,647,51.333333333333336,53.75,29,0.3291803614560776,-14.412595110815563,2.105675981075899,0.9971244151573384
Pos95,ch04,647,672,53.75,55.833333333333336,25,0.37666942784698343,-17.68254932883692,1.84020026398725,0.9959610503918277
Pos95,ch04,672,692,55.833333333333336,57.5,20,0.34892471444839684,-16.83506639533982,1.9865236019630137,0.9882144727749697
Pos95,ch04,692,723,57.5,60.083333333333336,30,0.3626462703771003,-18.367958060455436,1.9113589113688425,0.9967770301933185
Pos95,ch04,723,747,60.083333333333336,62.083333333333336,24,0.34022695754029225,-17.769027708062612,2.0373082296921092,0.9951641232999151
Pos95,ch04,747,771,62.083333333333336,64.08333333333333,24,0.37675650543180667,-20.74516698326362,1.8397749489833446,0.9951532943093704
Pos95,ch04,771,793,64.08333333333333,65.91666666666667,22,0.3599213814051745,-20.499293375451636,1.9258294071161288,0.9945030459761742
Pos95,ch04,793,825,65.91666666666667,68.58333333333333,32,0.3733063283211214,-22.21731864255639,1.8567785434478197,0.9975593651389747
Pos95,ch04,825,849,68.58333333333333,70.58333333333333,24,0.365708890692286,-22.537041203703215,1.895352282105637,0.9949948173882194
Pos95,ch04,849,873,70.58333333333333,72.58333333333333,24,0.36245210200162586,-23.076351160535484,1.9123828410211179,0.9949317877046822
Pos95,ch04,873,902,72.58333333333333,75.0,28,0.34923899672085157,-22.86490953413999,1.984735917432443,0.9952504001506342
Pos95,ch04,902,926,75.0,77.0,24,0.3785657045690909,-25.78704375853045,1.8309825010401624,0.9969002748000958
Pos95,ch04,926,955,77.0,79.41666666666667,29,0.36395088610937487,-25.51223519039642,1.9045074679434633,0.9972006772301921
Pos95,ch04,955,981,79.41666666666667,81.58333333333333,26,0.36376198263176157,-26.254507132121073,1.9054964885146404,0.9963736062897253
Pos95,ch04,981,1009,81.58333333333333,83.91666666666667,28,0.3290157434149584,-24.223649857493825,2.106729524142376,0.9937847257418589
Pos95,ch04,1009,1037,83.91666666666667,86.25,28,0.25057151088175994,-18.373600309412886,2.766264920224824,0.9924515430540651
Pos95,ch04,1037,1088,86.25,90.5,51,0.19189792880082426,-14.002951148222063,3.6120618127118003,0.9928388656054415
Pos96,ch01,9,34,0.5833333333333334,2.6666666666666665,25,0.39138835937921834,2.691776438555359,1.7709959020226025,0.9932172889583913
Pos96,ch01,34,58,2.6666666666666665,4.666666666666667,24,0.38323701499298235,1.9115126220551566,1.8086644907529035,0.9918227356453111
Pos96,ch01,58,81,4.666666666666667,6.583333333333333,23,0.39191577565952757,1.0335373118205324,1.768612604056309,0.9959098852614456
Pos96,ch01,81,108,6.583333333333333,8.833333333333334,25,0.3925778170409642,0.18945320944297475,1.7656300240918035,0.9945315441364144
Pos96,ch01,108,134,8.833333333333334,11.0,26,0.3742235615851685,-0.45964057877672,1.8522275230983654,0.9960347488159425
Pos96,ch01,134,162,11.0,13.333333333333334,28,0.3477372717323704,-0.9064399345082612,1.9933071226641856,0.9965291611340317
Pos96,ch01,162,183,13.333333333333334,15.083333333333334,21,0.35795447371999184,-1.7970743655539068,1.9364115591474806,0.9890546153831307
Pos96,ch01,183,208,15.083333333333334,17.166666666666668,24,0.37730841348779076,-2.8188855076296084,1.8370838173275315,0.993757913339918
Pos96,ch01,208,235,17.166666666666668,19.416666666666668,27,0.36741319887040214,-3.4006934188813465,1.8865603704249054,0.9971487057273603
Pos96,ch01,235,258,19.416666666666668,21.333333333333332,23,0.3273875311217485,-3.3733028674168986,2.117207024302274,0.9983741091151453
Pos96,ch01,258,279,21.333333333333332,23.083333333333332,21,0.4004705350318296,-5.71144834109543,1.7308319087816375,0.9972113737859922
Pos96,ch01,279,304,23.083333333333332,25.166666666666668,22,0.38573561004550105,-6.197157104241327,1.7969489010314144,0.9946136245867437
Pos96,ch01,304,333,25.166666666666668,27.583333333333332,29,0.3911779508465346,-7.1954863290421125,1.77194849316003,0.9964797136890595
Pos96,ch01,333,358,27.583333333333332,29.666666666666668,25,0.39677004115921854,-8.17991815409039,1.746974591465676,0.9929890049761531
Pos96,ch01,358,381,29.666666666666668,31.583333333333332,23,0.3910099580406178,-8.756534481154734,1.77270978988198,0.9913352308103223
Pos96,ch01,381,405,31.583333333333332,33.583333333333336,24,0.3846461908716295,-9.272453460429144,1.802038332913776,0.9913889574711036
Pos96,ch01,405,432,33.583333333333336,35.833333333333336,27,0.36081045482344415,-9.246029540017872,1.9210839688642722,0.9893663685042967
Pos96,ch02,24,48,1.8333333333333333,3.8333333333333335,24,0.3238315819570929,2.2615658477931655,2.140455777570781,0.9957251213125458
Pos96,ch02,48,77,3.8333333333333335,6.25,29,0.302306566186379,1.6178625273696863,2.292861810128874,0.9978893863777905
Pos96,ch02,77,106,6.25,8.666666666666666,29,0.24000774345238957,1.30054450356501,2.8880200721417357,0.990888092723572
Pos96,ch02,106,167,8.666666666666666,13.75,61,0.16644178068581778,1.3027561398844278,4.164502312483414,0.9968004302419268
Pos96,ch08,23,47,1.75,3.75,24,0.356652939478989,2.1272704856480216,1.9434781094823408,0.9938279287243565
Pos96,ch08,47,78,3.75,6.333333333333333,31,0.3328923524145149,1.479194886221864,2.082196168017834,0.9981526873318992
Pos96,ch08,78,100,6.333333333333333,8.166666666666666,22,0.34137041919034367,0.6841889405116949,2.0304840185155455,0.9962117315730552
Pos96,ch08,100,127,8.166666666666666,10.416666666666666,27,0.3516424906211419,-0.16815872182749056,1.9711701487939326,0.9968476020528567
Pos96,ch08,127,154,10.416666666666666,12.666666666666666,27,0.34680833327726696,-0.8199038345576347,1.998646266685255,0.9982982743942398
Pos96,ch08,154,179,12.666666666666666,14.75,25,0.3549597912919095,-1.6462304643502095,1.952748445217333,0.9976132875637331
Pos96,ch08,179,198,14.75,16.333333333333332,17,0.34761427942224704,-2.267839037025095,1.9940123912975953,0.9963812651911081
Pos96,ch08,198,231,16.333333333333332,19.083333333333332,33,0.3417164553697847,-2.8715895947298478,2.028427866635406,0.9979190365832897
Pos96,ch08,231,254,19.083333333333332,21.0,23,0.35268781010036077,-3.8659410345652274,1.9653278642170917,0.9975346213218442
Pos96,ch08,254,281,21.0,23.25,27,0.3348877921727108,-4.171562988530059,2.06978933469892,0.9982452389096653
Pos96,ch08,281,303,23.25,25.083333333333332,22,0.3416548071150463,-5.0689941790955535,2.0287938765238565,0.9983318860657274
Pos96,ch08,303,325,25.083333333333332,26.916666666666668,22,0.34797107376111497,-5.972746185822794,1.9919678180945481,0.9974674165162893
Pos96,ch08,325,360,26.916666666666668,29.833333333333332,33,0.31889918545354007,-5.9083117940603165,2.1735620916502114,0.9942156279344762
Pos96,ch08,360,381,29.833333333333332,31.583333333333332,21,0.3300558059019829,-6.956604486007601,2.100090857864776,0.9976035628441873
Pos96,ch08,381,410,31.583333333333332,34.0,29,0.34470141224861356,-8.21073895500873,2.0108626072585323,0.994313253931706
Pos96,ch08,410,434,34.0,36.0,24,0.33071714460953094,-8.470532376451775,2.095891283103348,0.9965123828571202
Pos96,ch08,434,461,36.0,38.25,27,0.34132338662819556,-9.571335638829677,2.030763808502206,0.9949710802805527
Pos96,ch08,461,486,38.25,40.333333333333336,25,0.3444027585772049,-10.461531503260343,2.0126063549068878,0.9935213626528979
Pos96,ch08,486,518,40.333333333333336,43.0,32,0.34436984741651244,-11.239100648178749,2.012798698143829,0.9966940016060959
Pos96,ch08,518,539,43.0,44.75,21,0.3505103681924567,-12.234222984624543,1.9775368818173023,0.9979012874504349
Pos96,ch08,539,574,44.75,47.666666666666664,34,0.35126148004522206,-13.042381108988154,1.9733082616138502,0.9978584966525426
Pos96,ch08,574,594,47.666666666666664,49.333333333333336,20,0.36428274044186965,-14.377970206402123,1.9027724995127901,0.9950670876374499
Pos96,ch08,594,621,49.333333333333336,51.583333333333336,27,0.33940303053723503,-13.981649134008775,2.0422539523668215,0.9980333194202536
Pos96,ch08,621,646,51.583333333333336,53.666666666666664,25,0.31735338977970623,-13.591050074877952,2.1841492887191145,0.9930138388287831
Pos96,ch08,646,673,53.666666666666664,55.916666666666664,27,0.3560207912955175,-16.362205991282615,1.9469289364749311,0.9964823335164553
Pos96,ch08,673,696,55.916666666666664,57.833333333333336,23,0.29145879521224055,-13.436518876841872,2.378199566958324,0.9935365655095917
Pos96,ch08,696,719,57.833333333333336,59.75,23,0.3260941590554311,-16.145246988598227,2.125604403856006,0.9947531362820454
Pos96,ch08,719,753,59.75,62.583333333333336,34,0.33197388758746554,-17.238626268249728,2.0879569341950757,0.9963524402756039
Pos96,ch08,753,785,62.583333333333336,65.25,32,0.34110543766928697,-18.644546323800768,2.032061362891478,0.9985190525919394
Pos96,ch08,785,805,65.25,66.91666666666667,20,0.3265989673674652,-18.47181738765433,2.1223189593862584,0.9914573722046314
Pos96,ch08,805,834,66.91666666666667,69.33333333333333,19,0.346558692574832,-20.532521259471338,2.000085975077006,0.9976975814646674
Pos96,ch08,834,862,69.33333333333333,71.66666666666667,27,0.3461947991721408,-21.268965199606512,2.002188311948866,0.9958315040404018
Pos96,ch08,862,884,71.66666666666667,73.5,22,0.33745134372023006,-21.37193042861861,2.0540655518462274,0.9974753211715824
Pos96,ch08,884,913,73.5,75.91666666666667,27,0.6971027169738618,-48.743786270299694,0.9943257481033962,0.8715853689182282
Pos96,ch08,913,941,75.91666666666667,78.25,27,0.3378865300873191,-22.872950859731397,2.051419985226452,0.9966635227263565
Pos96,ch08,941,968,78.25,80.5,27,0.33577344040506535,-23.43253520643937,2.0643299831093156,0.9984709153566972
Pos96,ch08,968,991,80.5,82.41666666666667,23,0.33783909800920037,-24.306592706403478,2.051708001366582,0.9954793473858785
Pos96,ch08,991,1013,82.41666666666667,84.25,20,0.34048390893572367,-25.24739532721951,2.035770743840929,0.992022762025136
Pos96,ch08,1013,1040,84.25,86.5,27,0.34097533545257497,-26.074851758958875,2.032836714244842,0.9935645791634803
Pos96,ch08,1040,1073,86.5,89.25,31,0.3313484573059299,-26.020579935323262,2.091898016353132,0.9959704995326184
Pos96,ch08,1073,1095,89.25,91.08333333333333,22,0.3400114864635677,-27.527419051983937,2.0385993066567063,0.9957826114224257
Pos96,ch08,1095,1125,91.08333333333333,93.58333333333333,29,0.33825497462110166,-28.083531443781443,2.0491854741718973,0.9973757299986173
Pos96,ch08,1125,1156,93.58333333333333,96.16666666666667,30,0.34004104726756057,-29.040988156935672,2.038422085009472,0.9970229464555777
Pos96,ch08,1156,1181,96.16666666666667,98.25,25,0.34706335522368215,-30.462090795352236,1.9971776626005713,0.9986261491875407
Pos97,ch03,9,33,0.5833333333333334,2.5833333333333335,24,0.3752977552321321,2.492683172221402,1.8469259964830178,0.9984627041323951
Pos97,ch10,20,45,1.5,3.5833333333333335,25,0.32992031719830256,2.2742614452930043,2.100953304258982,0.9961828147991222
Pos97,ch10,45,68,3.5833333333333335,5.5,23,0.3157292055522553,1.6573491366048068,2.19538505900185,0.9979699887280545
Pos97,ch10,68,99,5.5,8.083333333333334,31,0.3213490298672508,0.959733311107883,2.1569916699181704,0.9982660351058038
Pos97,ch10,99,120,8.083333333333334,9.833333333333334,21,0.29430228057029784,0.5195513344950926,2.3552219140700075,0.9919516684620209
Pos97,ch10,120,146,9.833333333333334,12.0,26,0.31235787354223093,-0.3128124872668963,2.219080225830233,0.9964680311896273
Pos97,ch10,146,171,12.0,14.083333333333334,25,0.30793207479870166,-0.9261042862342874,2.2509742806528443,0.9987922152914103
Pos97,ch10,171,198,14.083333333333334,16.333333333333332,27,0.31030823338080427,-1.5811963950576942,2.2337376388892927,0.9976681488699595
Pos97,ch10,198,226,16.333333333333332,18.666666666666668,24,0.3226577447713904,-2.4802300487321363,2.1482428108181755,0.9975024948785935
Pos97,ch10,226,248,18.666666666666668,20.5,22,0.3076480137946606,-2.8908003116928898,2.253052675394764,0.9879657149175161
Pos97,ch10,248,279,20.5,23.083333333333332,31,0.3211272256472285,-3.897159190998203,2.1584815151157444,0.9991599463493036
Pos97,ch10,279,298,23.083333333333332,24.666666666666668,19,0.3217943791658172,-4.594477903587448,2.154006488108277,0.9961094969810976
Pos97,ch10,298,320,24.666666666666668,26.5,22,0.33936519501927287,-5.657444979028133,2.042481641408692,0.9974817122394518
Pos97,ch10,320,346,26.5,28.666666666666668,26,0.349878292628593,-6.671585224313685,1.9811094176561082,0.9963627583628131
Pos97,ch10,346,370,28.666666666666668,30.666666666666668,24,0.3137914546694647,-6.3761771990610905,2.2089421819662958,0.9978295236937312
Pos97,ch10,370,398,30.666666666666668,33.0,28,0.32173852147718945,-7.250234318573817,2.1543804496195147,0.9899545387934183
Pos97,ch10,398,427,33.0,35.416666666666664,29,0.307017792991498,-7.414259287010732,2.257677556098972,0.997278090264784
Pos97,ch10,427,449,35.416666666666664,37.25,22,0.321307659949778,-8.526406489474732,2.1572693930430655,0.9979097071315245
Pos97,ch10,449,470,37.25,39.0,21,0.3267167226696575,-9.366111526748005,2.121554032790616,0.996803860457763
Pos97,ch10,470,493,39.0,40.916666666666664,23,0.3221361534252127,-9.856764388069388,2.151721168797239,0.9967245758244841
Pos97,ch10,493,520,40.916666666666664,43.166666666666664,27,0.32063823059132707,-10.485807651628559,2.1617733458721693,0.9945179594914715
Pos97,ch10,520,544,43.166666666666664,45.166666666666664,20,0.3445502850246434,-12.223047301858122,2.0117446151883724,0.9891045456266608
Pos97,ch10,544,573,45.166666666666664,47.583333333333336,29,0.3115917635808357,-11.425066988562277,2.224536273341267,0.9978140083242936
Pos97,ch10,573,596,47.583333333333336,49.5,23,0.33694187559507177,-13.319208365827231,2.057171372171478,0.9939232640804623
Pos97,ch10,596,626,49.5,52.0,30,0.3172008873052305,-13.046365405712137,2.185199374593665,0.9970967237825931
Pos97,ch10,626,646,52.0,53.666666666666664,20,0.3158358172809054,-13.649082200999533,2.1946439974015295,0.9964047136844276
Pos97,ch10,646,670,53.666666666666664,55.666666666666664,24,0.29068118237564494,-12.936787596594064,2.3845615835709544,0.9933494071872233
Pos97,ch10,670,697,55.666666666666664,57.916666666666664,27,0.3146979315649285,-14.841782598829322,2.202579397688018,0.9893494921468189
Pos97,ch10,697,724,57.916666666666664,60.166666666666664,27,0.31303487611175895,-15.392421978902684,2.2142810065434357,0.9946089299132972
Pos97,ch10,724,749,60.166666666666664,62.25,25,0.31973128743102,-16.469300188716385,2.167905387455982,0.9971525577535855
Pos97,ch10,749,776,62.25,64.5,27,0.31380592085466924,-16.76763849007615,2.20884035161643,0.9959471517225331
Pos97,ch10,776,798,64.5,66.33333333333333,22,0.31671307088360146,-17.583618325121673,2.1885651218187046,0.9952368011200473
Pos97,ch10,798,823,66.33333333333333,68.41666666666667,25,0.3277160690630195,-18.93554478888705,2.115084507579193,0.998684472138806
Pos97,ch10,823,847,68.41666666666667,70.41666666666667,24,0.30582836133498503,-18.075705539251008,2.26645814513166,0.9968071823397715
Pos97,ch10,847,872,70.41666666666667,72.5,25,0.30395598210333685,-18.578415984493063,2.2804196047186,0.9964839411990015
Pos97,ch10,872,893,72.5,74.25,21,0.3338570285815877,-21.41450896734489,2.0761796853725802,0.9980731144995191
Pos97,ch10,893,923,74.25,76.75,28,0.31836749290275934,-20.99143702719242,2.177192068951766,0.9967526498314736
Pos97,ch10,923,948,76.75,78.83333333333333,25,0.3216028378330876,-21.914601377665775,2.155289378757565,0.9973603576333947
Pos97,ch10,948,973,78.83333333333333,80.91666666666667,25,0.3197778136145094,-22.457390300748273,2.167589967312525,0.9967211948677215
Pos97,ch10,973,999,80.91666666666667,83.08333333333333,26,0.31632196567101956,-22.825283499033954,2.1912710964904365,0.9978670011590016
Pos97,ch10,999,1025,83.08333333333333,85.25,25,0.3183866748082807,-23.672558868086163,2.1770608992267966,0.9970007197280482
Pos97,ch10,1025,1047,85.25,87.08333333333333,22,0.3211877387909262,-24.589366153906006,2.1580748479665415,0.9968145132276579
Pos97,ch10,1047,1079,87.08333333333333,89.75,29,0.32345889560988283,-25.478390011447065,2.1429219909163852,0.9979269724811712
Pos97,ch10,1079,1098,89.75,91.33333333333333,19,0.33971887605706935,-27.629995055857858,2.040355215479706,0.9978759920632417
Pos97,ch10,1098,1121,91.33333333333333,93.25,23,0.32507720778348936,-26.996586564971043,2.13225401216563,0.9904379360943223
Pos97,ch10,1121,1154,93.25,96.0,33,0.32004164652098205,-27.246750294945343,2.1658030699904622,0.997529908272906
Pos97,ch10,1154,1178,96.0,98.0,22,0.326692843319007,-28.567526354546327,2.121709106076454,0.9964664259657688
Pos98,ch04,5,31,0.25,2.4166666666666665,26,0.33927346978227624,2.7460040194507274,2.0430338423006145,0.9945749592653741
Pos98,ch04,31,55,2.4166666666666665,4.416666666666667,24,0.3310747955944931,2.0275156875013454,2.0936271494642122,0.9966131212230033
Pos98,ch04,55,78,4.416666666666667,6.333333333333333,23,0.3469810515479092,1.2363588645987746,1.9976513918202805,0.9962607419605276
Pos98,ch04,78,103,6.333333333333333,8.416666666666666,25,0.33292565075070923,0.6587644596568228,2.0819879123070804,0.9965520800622671
Pos98,ch04,103,133,8.416666666666666,10.916666666666666,30,0.33934697855526685,-0.1179266296125262,2.042591283738387,0.9962169193114999
Pos98,ch04,133,156,10.916666666666666,12.833333333333334,23,0.34300781639273337,-0.9040245435842214,2.0207912106769985,0.9965004942332735
Pos98,ch04,156,183,12.833333333333334,15.083333333333334,25,0.3407447480768502,-1.6045973285818576,2.034212367093082,0.9974324581054215
Pos98,ch04,183,207,15.083333333333334,17.083333333333332,24,0.33650565733017773,-2.2545829466401166,2.059838119986888,0.996131929740241
Pos98,ch04,207,234,17.083333333333332,19.333333333333332,27,0.33770054530041693,-3.034719215543582,2.052549781769895,0.9955487204281779
Pos98,ch04,234,261,19.333333333333332,21.583333333333332,27,0.3508362302396615,-4.0482469526857745,1.9757001153684899,0.9975594020148589
Pos98,ch04,261,285,21.583333333333332,23.583333333333332,24,0.3487030059477881,-4.753863037634359,1.9877866514971525,0.9953824450390215
Pos98,ch04,285,312,23.583333333333332,25.833333333333332,27,0.3413005616674997,-5.327613777336173,2.0308996187214596,0.9980627171361334
Pos98,ch04,312,340,25.833333333333332,28.166666666666668,28,0.3253065619545796,-5.658844366664973,2.1307506875828865,0.9958478715962489
Pos98,ch04,340,364,28.166666666666668,30.166666666666668,24,0.2910789665229967,-5.399079195947082,2.381302877496589,0.9972878650080279
Pos98,ch04,364,406,30.166666666666668,33.666666666666664,42,0.22912757769039366,-4.208506017989539,3.0251582439218794,0.9930889767126716
Pos98,ch05,15,39,1.0833333333333333,3.0833333333333335,24,0.3769869933004776,2.3079709505672388,1.8386501202376289,0.9981996312065397
Pos98,ch05,39,60,3.0833333333333335,4.833333333333333,21,0.37643568579140074,1.5936319062079178,1.841342908557421,0.998267915283574
Pos98,ch05,60,85,4.833333333333333,6.916666666666667,25,0.37575870337538325,0.7845683409547619,1.8446603480731374,0.9974976421492612
Pos98,ch05,85,113,6.916666666666667,9.25,28,0.36131184301105906,0.10503191384355268,1.9184181032746535,0.9948583297879459
Pos98,ch05,113,138,9.25,11.333333333333334,25,0.378605413789134,-0.8738841199938854,1.8307904623519113,0.9955258375683351
Pos98,ch05,138,167,11.333333333333334,13.75,29,0.3641933906541013,-1.5203845734935642,1.9032393183056782,0.9958958203698215
Pos98,ch05,167,192,13.75,15.833333333333334,25,0.3514625450717746,-2.163354796136354,1.9721793695495857,0.9967662414091971
Pos98,ch05,192,224,15.833333333333334,18.5,32,0.35907409389657297,-3.067986835920878,1.9303736814820123,0.9982292398032977
Pos98,ch05,224,247,18.5,20.416666666666668,23,0.3569444169006881,-3.867453037533991,1.9418910837112158,0.9970250244701813
Pos98,ch05,247,271,20.416666666666668,22.416666666666668,24,0.3311423972863851,-4.078797501751848,2.0931997419843644,0.9957115834773238
Pos98,ch05,271,297,22.416666666666668,24.583333333333332,26,0.3436289203574915,-5.074940161468318,2.0171386617832847,0.9983562639475274
Pos98,ch05,297,323,24.583333333333332,26.75,26,0.3469093677473015,-5.933202943138006,1.9980641775717427,0.9944962457201129
Pos98,ch05,323,347,26.75,28.75,24,0.3499645092898696,-6.732379920216226,1.9806213549095155,0.9934176244928492
Pos98,ch05,347,385,28.75,31.916666666666668,38,0.34462657191273627,-7.261268071850575,2.011299293356459,0.99862460125146
Pos98,ch05,385,401,31.916666666666668,33.25,16,0.37197994514842664,-8.917361259280783,1.8633993299917477,0.9959623688363307
Pos98,ch05,401,426,33.25,35.333333333333336,23,0.3614029630010145,-9.27291195209366,1.9179344153799855,0.9972529405073693
Pos98,ch05,426,449,35.333333333333336,37.25,23,0.3753419682878699,-10.543665386213858,1.84670843956446,0.9978359560542729
Pos98,ch05,449,476,37.25,39.5,27,0.3831175656476373,-11.581068215429344,1.8092284006561314,0.9976928303526804
Pos98,ch05,476,498,39.5,41.333333333333336,22,0.3832404380950062,-12.388727454065295,1.808648335769078,0.998176989577902
Pos98,ch05,498,521,41.333333333333336,43.25,23,0.3718466237087528,-12.688912946373955,1.8640674309385412,0.9967090298287739
Pos98,ch05,521,544,43.25,45.166666666666664,23,0.3779673195063683,-13.70765363055411,1.8338812505409388,0.9910335895195579
Pos98,ch05,544,571,45.166666666666664,47.416666666666664,27,0.34804047248111614,-13.08695599355362,1.99157062286069,0.9981041554396304
Pos98,ch05,571,592,47.416666666666664,49.166666666666664,21,0.3780522118482979,-15.33686578046504,1.8334694490243757,0.9932038656945053
Pos98,ch05,592,622,49.166666666666664,51.666666666666664,30,0.36215398247842734,-15.348428443231423,1.9139570848188434,0.9962909959551358
Pos98,ch05,622,643,51.666666666666664,53.416666666666664,21,0.38189776002492043,-17.12523040932193,1.8150071907065246,0.9951018059442904
Pos98,ch05,643,668,53.416666666666664,55.5,25,0.34324987018375586,-15.788319848118908,2.019366184141235,0.9801639421644351
Pos98,ch05,668,693,55.5,57.583333333333336,25,0.36491200857688644,-17.704135285003225,1.8994912863052578,0.9898227304632338
Pos98,ch05,693,716,57.583333333333336,59.5,23,0.35396922010169,-17.802904615997473,1.9582131473488418,0.9955203426420083
Pos98,ch05,716,744,59.5,61.833333333333336,28,0.35380164018025057,-18.563796205368913,1.959140664827922,0.9971266825650255
Pos98,ch05,744,769,61.833333333333336,63.916666666666664,25,0.3574307663885917,-19.536686759815858,1.9392487881313756,0.9985808598928673
Pos98,ch05,769,796,63.916666666666664,66.16666666666667,23,0.36581937637218453,-20.793682820754004,1.8947798430850133,0.9946452993391036
Pos98,ch05,796,824,66.16666666666667,68.5,28,0.36926628679409035,-21.798933155882814,1.8770930500526761,0.995701701673391
Pos98,ch05,824,849,68.5,70.58333333333333,25,0.3643788913583305,-22.226689395828814,1.902270403140076,0.9987125143587384
