frame,previously_accepted,origin,lower_frame,upper_frame,n_pre,n_post,mass_ratio,volume_ratio,accepted,reason,pos,ch
18,True,tracker,18,18,3.0,3.0,0.49774157394731566,0.5657697724599807,True,mass_volume_step,Pos1,ch01
43,True,tracker,43,43,3.0,3.0,0.520492279167229,0.5879273681631195,True,mass_volume_step,Pos1,ch01
69,True,tracker,69,69,3.0,3.0,0.5348993633516754,0.6151753571778041,True,mass_volume_step,Pos1,ch01
91,True,tracker,91,91,3.0,3.0,0.5061258672150205,0.5408247606314426,True,mass_volume_step,Pos1,ch01
116,True,tracker,116,116,3.0,3.0,0.5676855240947282,0.6222029649831313,True,mass_volume_step,Pos1,ch01
142,True,tracker,142,142,3.0,3.0,0.5072046417421695,0.5625533995351903,True,mass_volume_step,Pos1,ch01
166,True,tracker,166,166,3.0,3.0,0.49358077739734635,0.571910167058579,True,mass_volume_step,Pos1,ch01
197,True,tracker,197,197,3.0,3.0,0.4937015917161783,0.542160502872893,True,mass_volume_step,Pos1,ch01
223,True,tracker,223,223,3.0,3.0,0.5024007903927793,0.5292474423782572,True,mass_volume_step,Pos1,ch01
247,True,tracker,247,247,3.0,3.0,0.47904079187533904,0.558336723476521,True,mass_volume_step,Pos1,ch01
271,True,tracker,271,271,3.0,3.0,0.5392608783058236,0.56742504243545,True,mass_volume_step,Pos1,ch01
295,True,tracker,295,295,3.0,3.0,0.4928098183005972,0.5477108938685442,True,mass_volume_step,Pos1,ch01
321,True,tracker,321,321,3.0,3.0,0.545247300745705,0.601735660736387,True,mass_volume_step,Pos1,ch01
344,True,tracker,344,344,3.0,3.0,0.5072031999267645,0.5514627257523028,True,mass_volume_step,Pos1,ch01
371,True,tracker,371,371,3.0,3.0,0.4926136852612059,0.503235460459836,True,mass_volume_step,Pos1,ch01
395,True,tracker,395,395,3.0,3.0,0.515164228085124,0.5500975347054806,True,mass_volume_step,Pos1,ch01
421,True,tracker,421,421,3.0,3.0,0.5366956452832431,0.5839622455583299,True,mass_volume_step,Pos1,ch01
449,True,tracker,449,449,3.0,3.0,0.5366216952814478,0.5919957013853042,True,mass_volume_step,Pos1,ch01
469,True,tracker,469,469,3.0,3.0,0.4965850222500217,0.5181645403107877,True,mass_volume_step,Pos1,ch01
491,True,tracker,491,491,3.0,3.0,0.4798637484483441,0.5196071216554577,True,mass_volume_step,Pos1,ch01
524,True,tracker,524,524,3.0,3.0,0.5219062895588691,0.5623760964038192,True,mass_volume_step,Pos1,ch01
12,False,tracker,12,12,3.0,3.0,1.1505457377856196,1.1463084291748278,False,no_supported_step,Pos1,ch06
19,False,recovered,16,19,,,0.5512779146255241,0.6032115803216825,True,persistent_step_between_good_measurements,Pos1,ch06
46,True,tracker,46,46,3.0,3.0,0.47434052085098977,0.49644307254677283,True,mass_volume_step,Pos1,ch06
67,True,tracker,67,67,3.0,3.0,0.46671429096960837,0.5181259838887035,True,mass_volume_step,Pos1,ch06
102,False,recovered,100,102,,,0.5126342682715123,0.5167520587988768,True,persistent_step_between_good_measurements,Pos1,ch06
120,True,tracker,120,120,3.0,3.0,0.5325082675357564,0.5785848699983869,True,mass_volume_step,Pos1,ch06
145,True,tracker,145,145,3.0,3.0,0.4412239535674135,0.4857677674102166,True,mass_volume_step,Pos1,ch06
167,True,tracker,167,167,3.0,3.0,0.4690570239167678,0.5129996684298085,True,mass_volume_step,Pos1,ch06
197,True,tracker,197,197,3.0,3.0,0.46252514888319946,0.5041745118752969,True,mass_volume_step,Pos1,ch06
224,True,tracker,224,224,3.0,3.0,0.49324194870730664,0.5838849889309838,True,mass_volume_step,Pos1,ch06
248,True,tracker,248,248,3.0,3.0,0.49388741823390186,0.5399084011506176,True,mass_volume_step,Pos1,ch06
273,True,tracker,273,273,3.0,3.0,1.1443319292676217,0.9705835802198417,False,no_supported_step,Pos1,ch06
276,True,tracker,276,276,3.0,3.0,0.4677935940343401,0.5379329740960439,True,mass_volume_step,Pos1,ch06
301,False,recovered,299,301,,,0.5142504712319284,0.5445531563033967,True,persistent_step_between_good_measurements,Pos1,ch06
326,True,tracker,326,326,3.0,3.0,0.4730205390868507,0.5400684998626423,True,mass_volume_step,Pos1,ch06
351,True,tracker,351,351,3.0,3.0,0.49129162543009225,0.542302619019002,True,mass_volume_step,Pos1,ch06
374,True,tracker,374,374,3.0,3.0,0.48157786493277677,0.5022375365385233,True,mass_volume_step,Pos1,ch06
404,True,tracker,404,404,3.0,3.0,0.5097131151032829,0.54829054141122,True,mass_volume_step,Pos1,ch06
425,True,tracker,425,425,3.0,3.0,0.500099043598861,0.5580616685062318,True,mass_volume_step,Pos1,ch06
452,False,recovered,450,452,,,0.538383773753919,0.6171840857644011,True,persistent_step_between_good_measurements,Pos1,ch06
473,True,tracker,473,473,3.0,3.0,0.4727427812168111,0.5222948373318335,True,mass_volume_step,Pos1,ch06
495,True,tracker,495,495,3.0,3.0,0.4737029995263509,0.5117354454714795,True,mass_volume_step,Pos1,ch06
524,True,tracker,524,524,3.0,3.0,0.4748476979104498,0.5307399416397298,True,mass_volume_step,Pos1,ch06
20,True,tracker,20,20,3.0,3.0,0.51618944321963,0.5256796785168881,True,mass_volume_step,Pos2,ch01
44,True,tracker,44,44,3.0,3.0,0.5159343469436847,0.4902276858171188,True,mass_volume_step,Pos2,ch01
71,True,tracker,71,71,3.0,3.0,0.5219137642427093,0.49078391001176747,True,mass_volume_step,Pos2,ch01
102,True,tracker,102,102,3.0,3.0,0.5165595447611503,0.4747407516824417,True,mass_volume_step,Pos2,ch01
126,True,tracker,126,126,3.0,3.0,0.5345439382219719,0.5619806450829536,True,mass_volume_step,Pos2,ch01
150,True,tracker,150,150,3.0,3.0,0.5143332566285184,0.5479696648055995,True,mass_volume_step,Pos2,ch01
176,True,tracker,176,176,3.0,3.0,0.4991050492613918,0.5068724103676663,True,mass_volume_step,Pos2,ch01
202,True,tracker,202,202,3.0,3.0,0.48683638349947145,0.4779137041594154,True,mass_volume_step,Pos2,ch01
231,True,tracker,231,231,3.0,3.0,0.5077201850641128,0.528000740614042,True,mass_volume_step,Pos2,ch01
253,True,tracker,253,253,3.0,3.0,0.5346262512231293,0.5254823610071662,True,mass_volume_step,Pos2,ch01
277,True,tracker,277,277,3.0,3.0,0.5383092934844028,0.541241451971127,True,mass_volume_step,Pos2,ch01
302,True,tracker,302,302,3.0,3.0,0.5259523218995502,0.553251347857878,True,mass_volume_step,Pos2,ch01
325,True,tracker,325,325,3.0,3.0,0.5397310777926877,0.5308955574721235,True,mass_volume_step,Pos2,ch01
352,True,tracker,352,352,3.0,3.0,0.5258068822623375,0.5720543664205529,True,mass_volume_step,Pos2,ch01
378,True,tracker,378,378,3.0,3.0,0.5222787693630996,0.5312973394107188,True,mass_volume_step,Pos2,ch01
401,True,tracker,401,401,3.0,3.0,0.506966086853388,0.5291889437447395,True,mass_volume_step,Pos2,ch01
427,True,tracker,427,427,3.0,3.0,0.5404823116915781,0.576047731387524,True,mass_volume_step,Pos2,ch01
450,True,tracker,450,450,3.0,3.0,0.5395567142391031,0.5620464609747016,True,mass_volume_step,Pos2,ch01
472,True,tracker,472,472,3.0,3.0,0.5419359537978806,0.5523741022220306,True,mass_volume_step,Pos2,ch01
499,True,tracker,499,499,3.0,3.0,0.519927962761257,0.49895356120285367,True,mass_volume_step,Pos2,ch01
525,True,tracker,525,525,3.0,3.0,0.5432449040766484,0.5407067207455366,True,mass_volume_step,Pos2,ch01
4,True,tracker,4,4,2.0,3.0,0.5056306220777619,0.5420963097540467,True,mass_volume_step,Pos2,ch04
27,True,tracker,27,27,3.0,3.0,0.4940359883184283,0.5232252097890485,True,mass_volume_step,Pos2,ch04
52,True,tracker,52,52,3.0,3.0,0.4945956974263913,0.5222525163393505,True,mass_volume_step,Pos2,ch04
77,False,recovered,74,77,,,0.5709424680160881,0.6450649480197772,True,persistent_step_between_good_measurements,Pos2,ch04
104,True,tracker,104,104,3.0,3.0,0.5237977338179864,0.5772837331359153,True,mass_volume_step,Pos2,ch04
129,True,tracker,129,129,3.0,3.0,0.4791895685963505,0.5189556204862207,True,mass_volume_step,Pos2,ch04
153,True,tracker,153,153,3.0,3.0,0.4772292483073425,0.493024822744239,True,mass_volume_step,Pos2,ch04
174,True,tracker,174,174,3.0,3.0,0.48008924008440285,0.5009245695206586,True,mass_volume_step,Pos2,ch04
8,True,tracker,8,8,3.0,3.0,0.5094504874008381,0.5056656329334577,True,mass_volume_step,Pos2,ch05
32,True,tracker,31,32,3.0,3.0,0.5409171077519271,0.5542009377287085,True,mass_volume_step,Pos2,ch05
58,True,tracker,58,58,3.0,3.0,0.5168516237188364,0.4883383906181087,True,mass_volume_step,Pos2,ch05
80,True,tracker,80,80,3.0,3.0,0.5001764691998454,0.49013799034262745,True,mass_volume_step,Pos2,ch05
107,True,tracker,107,107,3.0,3.0,0.48278284314539943,0.499597415211779,True,mass_volume_step,Pos2,ch05
139,True,tracker,139,139,3.0,3.0,0.5118308252972864,0.5074830359364484,True,mass_volume_step,Pos2,ch05
160,True,tracker,160,160,3.0,3.0,0.4899801959542258,0.47038613907400345,True,mass_volume_step,Pos2,ch05
189,True,tracker,189,189,3.0,3.0,0.5399580807210942,0.5447313407259102,True,mass_volume_step,Pos2,ch05
216,True,tracker,216,216,3.0,3.0,0.5292667034039105,0.5646019054797561,True,mass_volume_step,Pos2,ch05
237,True,tracker,237,237,3.0,3.0,0.4944021348836007,0.5035007240536721,True,mass_volume_step,Pos2,ch05
266,True,tracker,266,266,3.0,3.0,0.49227899597030017,0.5026223059469256,True,mass_volume_step,Pos2,ch05
288,True,tracker,288,288,3.0,3.0,0.48551373319012364,0.4787439528035178,True,mass_volume_step,Pos2,ch05
313,True,tracker,313,313,3.0,3.0,0.5121417275613648,0.503151037575721,True,mass_volume_step,Pos2,ch05
345,True,tracker,345,345,3.0,3.0,0.5053733023011041,0.4963455176712876,True,mass_volume_step,Pos2,ch05
367,True,tracker,367,367,3.0,3.0,0.5347984432065104,0.5333871598517989,True,mass_volume_step,Pos2,ch05
389,True,tracker,389,389,3.0,3.0,0.5029464347818566,0.5100191467423593,True,mass_volume_step,Pos2,ch05
415,True,tracker,415,415,3.0,3.0,0.5132083795207715,0.5421251980123729,True,mass_volume_step,Pos2,ch05
437,True,tracker,437,437,3.0,3.0,0.48853656117162253,0.49044226814047903,True,mass_volume_step,Pos2,ch05
472,True,tracker,472,472,3.0,3.0,0.49871672125949756,0.5134412409032422,True,mass_volume_step,Pos2,ch05
496,True,tracker,496,496,3.0,3.0,0.5335876734882661,0.575472091476208,True,mass_volume_step,Pos2,ch05
520,True,tracker,520,520,3.0,3.0,0.5437286523845599,0.6030114308574064,True,mass_volume_step,Pos2,ch05
26,True,tracker,26,26,3.0,3.0,0.5307506381145333,0.5489202123163257,True,mass_volume_step,Pos2,ch09
54,True,tracker,54,54,3.0,3.0,0.5279835559634095,0.5115552387557194,True,mass_volume_step,Pos2,ch09
75,True,tracker,75,75,3.0,3.0,0.5157647187550103,0.5188663522106723,True,mass_volume_step,Pos2,ch09
105,True,tracker,105,105,3.0,3.0,0.5117964975116654,0.5565936571498878,True,mass_volume_step,Pos2,ch09
143,True,tracker,143,143,3.0,3.0,0.5661398817963501,0.5837949724380456,True,mass_volume_step,Pos2,ch09
306,True,tracker,306,306,3.0,3.0,0.5070520924762909,0.43055209256185123,True,mass_volume_step,Pos2,ch09
311,False,tracker,311,311,3.0,3.0,1.0250382369508328,1.019157247610895,False,no_supported_step,Pos2,ch09
314,False,tracker,314,314,3.0,3.0,1.0250382369508328,1.019157247610895,False,no_supported_step,Pos2,ch09
316,False,tracker,316,316,2.0,3.0,1.005372754518729,1.0029728517801877,False,no_supported_step,Pos2,ch09
665,True,tracker,665,665,3.0,3.0,0.9415867648848288,0.9893521137652704,False,no_supported_step,Pos2,ch09
668,False,tracker,668,668,2.0,3.0,0.7885607641260968,0.8602852436485586,False,no_supported_step,Pos2,ch09
671,False,tracker,671,671,1.0,3.0,,,False,insufficient_good_points,Pos2,ch09
675,False,tracker,675,675,3.0,3.0,1.0454444097364919,1.004364977638111,False,no_supported_step,Pos2,ch09
708,False,tracker,708,708,3.0,3.0,1.0173915792296,0.9969061403085678,False,no_supported_step,Pos2,ch09
726,False,tracker,726,726,3.0,3.0,0.9792512250115655,1.0144675855048177,False,no_supported_step,Pos2,ch09
757,False,tracker,757,757,3.0,3.0,1.0002936809645786,0.9916009091748347,False,no_supported_step,Pos2,ch09
766,False,tracker,766,766,3.0,3.0,1.0079504397181265,1.0202318130254868,False,no_supported_step,Pos2,ch09
769,False,tracker,769,769,3.0,3.0,1.0020563876127997,0.9984703881272496,False,no_supported_step,Pos2,ch09
777,False,tracker,777,777,3.0,3.0,1.005938958418143,1.0135172043524736,False,no_supported_step,Pos2,ch09
779,False,tracker,779,779,3.0,3.0,1.005938958418143,1.0135172043524736,False,no_supported_step,Pos2,ch09
782,True,tracker,782,782,0.0,3.0,,,False,insufficient_good_points,Pos2,ch09
788,False,tracker,788,788,3.0,3.0,0.9917171347048572,0.9947046708786123,False,no_supported_step,Pos2,ch09
798,False,tracker,798,798,3.0,3.0,1.0050424510460787,1.022204784296995,False,no_supported_step,Pos2,ch09
801,False,tracker,801,801,3.0,3.0,1.0107596655851303,1.022204784296995,False,no_supported_step,Pos2,ch09
808,True,tracker,808,808,3.0,3.0,1.0064293128059822,1.0084005172202635,False,no_supported_step,Pos2,ch09
827,False,tracker,827,827,2.0,2.0,1.338353182069117,1.2942684695336806,False,no_supported_step,Pos2,ch09
830,True,tracker,830,830,0.0,2.0,,,False,insufficient_good_points,Pos2,ch09
832,False,tracker,832,832,0.0,2.0,,,False,insufficient_good_points,Pos2,ch09
837,False,tracker,834,841,2.0,3.0,0.7036096055462289,0.6784544900149759,False,duplicate_good_measurement_step,Pos2,ch09
839,False,tracker,834,841,2.0,3.0,0.7036096055462289,0.6784544900149759,True,mass_volume_step,Pos2,ch09
841,False,tracker,841,841,1.0,3.0,,,False,insufficient_good_points,Pos2,ch09
855,True,tracker,855,855,3.0,3.0,0.9721580888040686,0.9718997208195508,False,no_supported_step,Pos2,ch09
857,False,tracker,857,857,1.0,3.0,,,False,insufficient_good_points,Pos2,ch09
859,False,tracker,859,859,0.0,3.0,,,False,insufficient_good_points,Pos2,ch09
863,False,tracker,863,863,2.0,3.0,0.9978955288924282,0.9803553157364338,False,no_supported_step,Pos2,ch09
869,False,tracker,869,869,3.0,3.0,1.0019129859093545,0.970904198911586,False,no_supported_step,Pos2,ch09
873,False,tracker,873,873,3.0,3.0,0.9858710333228974,0.9591060599087712,False,no_supported_step,Pos2,ch09
978,False,tracker,978,978,3.0,3.0,0.9890231472524644,0.9683120029407115,False,no_supported_step,Pos2,ch09
12,True,tracker,12,12,3.0,3.0,0.5339515567889688,0.5335178002185649,True,mass_volume_step,Pos3,ch05
36,True,tracker,36,36,3.0,3.0,0.5013284766405973,0.48179789769855147,True,mass_volume_step,Pos3,ch05
59,True,tracker,59,59,3.0,3.0,0.4855886256528284,0.4779126700698221,True,mass_volume_step,Pos3,ch05
83,True,tracker,83,83,3.0,3.0,0.49499760079251043,0.44264986064757855,True,mass_volume_step,Pos3,ch05
106,True,tracker,106,106,3.0,3.0,0.5128784200289799,0.48456818718533523,True,mass_volume_step,Pos3,ch05
133,True,tracker,133,133,3.0,3.0,0.5136675806233629,0.4892397701050875,True,mass_volume_step,Pos3,ch05
156,True,tracker,156,156,3.0,3.0,0.5367590459962049,0.5399193315839305,True,mass_volume_step,Pos3,ch05
182,True,tracker,182,182,3.0,3.0,0.48879678749518307,0.4688080208790466,True,mass_volume_step,Pos3,ch05
210,True,tracker,210,210,3.0,3.0,0.4880886499648193,0.4864082597073407,True,mass_volume_step,Pos3,ch05
240,True,tracker,240,240,3.0,3.0,0.5156774830114905,0.5030610778135789,True,mass_volume_step,Pos3,ch05
267,True,tracker,267,267,3.0,3.0,0.5042341852576017,0.521967170677929,True,mass_volume_step,Pos3,ch05
290,True,tracker,290,290,3.0,3.0,0.5237203913133975,0.5509486022056874,True,mass_volume_step,Pos3,ch05
315,True,tracker,315,315,3.0,3.0,0.48183023073679127,0.4824154772107958,True,mass_volume_step,Pos3,ch05
341,True,tracker,341,341,3.0,3.0,0.48673546914976923,0.4898123554483534,True,mass_volume_step,Pos3,ch05
370,True,tracker,370,370,3.0,3.0,0.4913236593774913,0.5185158909591984,True,mass_volume_step,Pos3,ch05
398,True,tracker,398,398,3.0,3.0,0.5095579654847703,0.5165609511823874,True,mass_volume_step,Pos3,ch05
420,True,tracker,420,420,3.0,3.0,0.513713539769329,0.5596058568573902,True,mass_volume_step,Pos3,ch05
444,True,tracker,444,444,3.0,3.0,0.49649680267469537,0.4841804415908392,True,mass_volume_step,Pos3,ch05
471,True,tracker,471,471,3.0,3.0,0.4488358494328215,0.48015683524469627,True,mass_volume_step,Pos3,ch05
498,True,tracker,498,498,3.0,3.0,0.5156924589020216,0.536869728894279,True,mass_volume_step,Pos3,ch05
517,False,tracker,517,517,3.0,3.0,1.1871560800707788,1.1849951896415047,False,no_supported_step,Pos3,ch05
525,True,tracker,525,525,3.0,3.0,0.5296871281440273,0.5973318947377992,True,mass_volume_step,Pos3,ch05
544,False,tracker,544,544,3.0,3.0,1.2053012510544536,1.2117627056044062,False,no_supported_step,Pos3,ch05
551,True,tracker,551,551,3.0,3.0,0.5324293788481804,0.5709067624328616,True,mass_volume_step,Pos3,ch05
578,True,tracker,578,578,3.0,3.0,0.5428061739342706,0.5699882621067524,True,mass_volume_step,Pos3,ch05
604,True,tracker,604,604,3.0,3.0,0.5321199166556944,0.5591058248050159,True,mass_volume_step,Pos3,ch05
620,True,tracker,620,620,3.0,3.0,0.5223059856582986,0.5742020706799837,True,mass_volume_step,Pos3,ch05
653,True,tracker,653,653,3.0,3.0,0.49873649133005055,0.503158061314981,True,mass_volume_step,Pos3,ch05
679,True,tracker,679,679,3.0,3.0,0.5150841143376556,0.5204244228761968,True,mass_volume_step,Pos3,ch05
702,True,tracker,702,702,3.0,3.0,0.4752381404607063,0.4784716241014434,True,mass_volume_step,Pos3,ch05
730,True,tracker,730,730,3.0,3.0,0.48622411841894847,0.49592327724642543,True,mass_volume_step,Pos3,ch05
757,True,tracker,757,757,3.0,3.0,0.5270631876670877,0.49565393627601667,True,mass_volume_step,Pos3,ch05
782,True,tracker,782,782,3.0,3.0,0.5293190253126269,0.5676263276670256,True,mass_volume_step,Pos3,ch05
813,True,tracker,813,813,3.0,3.0,0.5536418011351018,0.5843351742312444,True,mass_volume_step,Pos3,ch05
836,True,tracker,836,836,3.0,3.0,0.5194667249939325,0.5710924522439652,True,mass_volume_step,Pos3,ch05
859,True,tracker,859,859,3.0,3.0,0.5285317104643145,0.5813765804497637,True,mass_volume_step,Pos3,ch05
885,True,tracker,885,885,3.0,3.0,0.5003883162773148,0.5520830250537435,True,mass_volume_step,Pos3,ch05
909,True,tracker,909,909,3.0,3.0,0.5436009765672896,0.5668504910394321,True,mass_volume_step,Pos3,ch05
936,True,tracker,936,936,3.0,3.0,0.516322158383996,0.5227278874682867,True,mass_volume_step,Pos3,ch05
953,True,tracker,953,953,3.0,3.0,0.5222285890254503,0.5265543734304132,True,mass_volume_step,Pos3,ch05
982,True,tracker,982,982,3.0,3.0,0.5159312335967642,0.5362301067137004,True,mass_volume_step,Pos3,ch05
1008,True,tracker,1008,1008,3.0,3.0,0.5159833998896456,0.5255578090509186,True,mass_volume_step,Pos3,ch05
1037,True,tracker,1037,1037,3.0,3.0,0.4991436255826337,0.46440694135436583,True,mass_volume_step,Pos3,ch05
1059,True,tracker,1059,1059,3.0,3.0,0.5303887285427453,0.5363265029463679,True,mass_volume_step,Pos3,ch05
1084,True,tracker,1084,1084,3.0,3.0,0.5190597847395246,0.5471093730149371,True,mass_volume_step,Pos3,ch05
1104,True,tracker,1104,1104,3.0,3.0,0.505499205670292,0.503368120458373,True,mass_volume_step,Pos3,ch05
1140,True,tracker,1140,1140,3.0,3.0,0.5200102335550479,0.542118890266117,True,mass_volume_step,Pos3,ch05
1175,True,tracker,1175,1175,3.0,3.0,0.4964428738667316,0.4676267890891791,True,mass_volume_step,Pos3,ch05
12,True,tracker,12,12,3.0,3.0,0.5487006320737134,0.5598912107940984,True,mass_volume_step,Pos3,ch06
34,True,tracker,34,34,3.0,3.0,0.5761715426631053,0.5637751603067467,True,mass_volume_step,Pos3,ch06
56,True,tracker,56,56,3.0,3.0,0.5475151497529228,0.5166476999114985,True,mass_volume_step,Pos3,ch06
81,True,tracker,81,81,3.0,3.0,0.5499155163767191,0.5513504390296113,True,mass_volume_step,Pos3,ch06
106,True,tracker,106,106,3.0,3.0,0.5610839072732416,0.5345603787739996,True,mass_volume_step,Pos3,ch06
130,True,tracker,130,130,3.0,3.0,0.5475885256954552,0.532129507324355,True,mass_volume_step,Pos3,ch06
160,True,tracker,160,160,3.0,3.0,0.5486633915398726,0.5296711676916606,True,mass_volume_step,Pos3,ch06
183,True,tracker,183,183,3.0,3.0,0.5450891108438529,0.5014031950698807,True,mass_volume_step,Pos3,ch06
207,True,tracker,207,207,3.0,3.0,0.5754050887091363,0.6104632650165437,True,mass_volume_step,Pos3,ch06
228,True,tracker,228,228,3.0,3.0,0.5163135876607229,0.4684676510777807,True,mass_volume_step,Pos3,ch06
262,True,tracker,262,262,3.0,3.0,0.5563634531687556,0.5411721574327212,True,mass_volume_step,Pos3,ch06
281,False,recovered,280,281,,,0.5636723545466701,0.5760276843654657,True,persistent_step_between_good_measurements,Pos3,ch06
306,True,tracker,306,306,3.0,3.0,0.5121377980284613,0.4781619227552377,True,mass_volume_step,Pos3,ch06
335,True,tracker,335,335,3.0,3.0,0.5536887346196332,0.5298990244666992,True,mass_volume_step,Pos3,ch06
359,True,tracker,359,359,3.0,3.0,0.5170637416312197,0.4871314943909053,True,mass_volume_step,Pos3,ch06
384,True,tracker,384,384,3.0,3.0,0.549974775119133,0.519370870155551,True,mass_volume_step,Pos3,ch06
412,True,tracker,412,412,3.0,3.0,0.5468422141877881,0.5119089581447733,True,mass_volume_step,Pos3,ch06
436,True,tracker,436,436,3.0,3.0,0.5699291018038779,0.5686909832678251,True,mass_volume_step,Pos3,ch06
460,True,tracker,460,460,3.0,3.0,0.5450296626773176,0.5247127285912577,True,mass_volume_step,Pos3,ch06
480,True,tracker,480,480,3.0,3.0,0.5737032422624968,0.541551675738633,True,mass_volume_step,Pos3,ch06
507,True,tracker,507,507,3.0,3.0,0.5673926963522775,0.5582237628864298,True,mass_volume_step,Pos3,ch06
527,True,tracker,527,527,3.0,3.0,0.5275899236037448,0.4810804844299149,True,mass_volume_step,Pos3,ch06
555,True,tracker,555,555,3.0,3.0,0.5112935536529217,0.4944066562419022,True,mass_volume_step,Pos3,ch06
583,True,tracker,583,583,3.0,3.0,0.5612540515539111,0.5155011477823809,True,mass_volume_step,Pos3,ch06
607,True,tracker,607,607,3.0,3.0,0.5985125815011427,0.5989173872199712,True,mass_volume_step,Pos3,ch06
628,True,tracker,628,628,3.0,3.0,0.5806561664058714,0.5464921226283169,True,mass_volume_step,Pos3,ch06
654,True,tracker,654,654,3.0,3.0,0.5376356479497538,0.503462207140811,True,mass_volume_step,Pos3,ch06
681,True,tracker,681,681,3.0,3.0,0.5624609128021043,0.5194224411270736,True,mass_volume_step,Pos3,ch06
702,True,tracker,702,702,3.0,3.0,0.5496152265986084,0.5184804227989444,True,mass_volume_step,Pos3,ch06
729,True,tracker,729,729,3.0,3.0,0.5594543344723595,0.5368706139215995,True,mass_volume_step,Pos3,ch06
753,True,tracker,753,753,3.0,3.0,0.554768439815585,0.5263548543798838,True,mass_volume_step,Pos3,ch06
776,True,tracker,776,776,3.0,3.0,0.5718213979660491,0.5392636619731997,True,mass_volume_step,Pos3,ch06
798,True,tracker,798,798,3.0,3.0,0.5620117329766976,0.5789616714608157,True,mass_volume_step,Pos3,ch06
828,True,tracker,827,828,3.0,3.0,0.5800695750294198,0.5373096265730313,True,mass_volume_step,Pos3,ch06
850,True,tracker,850,850,3.0,3.0,0.554411779743054,0.5157564105956716,True,mass_volume_step,Pos3,ch06
873,True,tracker,873,873,3.0,3.0,0.523206434728255,0.5156645316485393,True,mass_volume_step,Pos3,ch06
911,True,tracker,911,911,3.0,3.0,0.5507130926896724,0.5188692643696209,True,mass_volume_step,Pos3,ch06
930,True,tracker,930,930,3.0,3.0,0.4988902057914076,0.47933756416854423,True,mass_volume_step,Pos3,ch06
954,True,tracker,954,954,3.0,3.0,0.5475997726595969,0.5195359490593524,True,mass_volume_step,Pos3,ch06
977,True,tracker,977,977,3.0,3.0,0.5622672329937876,0.5165466166495322,True,mass_volume_step,Pos3,ch06
1002,True,tracker,1002,1002,3.0,3.0,0.5556788168987841,0.5750162142580036,True,mass_volume_step,Pos3,ch06
1027,False,tracker,1027,1027,3.0,3.0,1.1398996546872462,1.1585460308932534,False,no_supported_step,Pos3,ch06
1033,True,tracker,1033,1033,3.0,3.0,0.5627995723660613,0.5346633259740939,True,mass_volume_step,Pos3,ch06
1056,True,tracker,1056,1056,3.0,3.0,0.5588800266839832,0.5311736043770867,True,mass_volume_step,Pos3,ch06
1080,True,tracker,1080,1080,3.0,3.0,0.5510850212369861,0.543045979086643,True,mass_volume_step,Pos3,ch06
1102,False,recovered,1101,1102,,,0.5502260422559796,0.49043591923335755,True,persistent_step_between_good_measurements,Pos3,ch06
1117,False,tracker,1117,1117,3.0,3.0,1.1148736617165567,1.113639774128774,False,no_supported_step,Pos3,ch06
1122,False,tracker,1122,1122,3.0,3.0,1.2616396607834537,1.3243801319579989,False,no_supported_step,Pos3,ch06
1124,False,tracker,1124,1124,2.0,3.0,1.250281348265919,1.3147490595770221,False,no_supported_step,Pos3,ch06
1133,False,recovered,1132,1133,,,0.5755635559308637,0.534001786009133,True,persistent_step_between_good_measurements,Pos3,ch06
1159,True,tracker,1159,1159,3.0,3.0,0.5678063287306128,0.542614710886149,True,mass_volume_step,Pos3,ch06
1185,True,tracker,1185,1185,3.0,3.0,0.5238281453827873,0.4804327058826643,True,mass_volume_step,Pos3,ch06
4,True,tracker,4,4,2.0,3.0,0.48934028548903613,0.5097300555091595,True,mass_volume_step,Pos3,ch10
31,True,tracker,31,31,3.0,3.0,0.4500413807161785,0.5122686328163116,True,mass_volume_step,Pos3,ch10
57,True,tracker,57,57,3.0,3.0,0.5052601825171509,0.5370931283797836,True,mass_volume_step,Pos3,ch10
82,True,tracker,82,82,3.0,3.0,0.4709621995242367,0.5246234226472274,True,mass_volume_step,Pos3,ch10
122,True,tracker,122,122,3.0,3.0,0.45314861405522194,0.49483841791552086,True,mass_volume_step,Pos3,ch10
147,True,tracker,147,147,3.0,3.0,0.4596072351543605,0.5256705382378561,True,mass_volume_step,Pos3,ch10
171,True,tracker,171,171,3.0,3.0,0.4450079245657527,0.46800894155324496,True,mass_volume_step,Pos3,ch10
192,True,tracker,192,192,3.0,3.0,1.253160231847715,1.1438003830888797,False,no_supported_step,Pos3,ch10
201,False,recovered,198,201,,,0.5502365139832902,0.6100199185064448,True,persistent_step_between_good_measurements,Pos3,ch10
219,False,tracker,219,219,3.0,2.0,1.040851071902273,1.0221099819833812,False,no_supported_step,Pos3,ch10
225,True,tracker,225,225,0.0,3.0,,,False,insufficient_good_points,Pos3,ch10
227,True,tracker,227,227,1.0,3.0,,,False,insufficient_good_points,Pos3,ch10
240,True,tracker,240,240,2.0,3.0,1.396904861562627,1.3651744526683423,False,no_supported_step,Pos3,ch10
246,False,tracker,246,246,3.0,3.0,1.2031039973095103,1.1446129421721314,False,no_supported_step,Pos3,ch10
254,True,tracker,254,254,3.0,3.0,0.4843364506094753,0.5191814546892429,True,mass_volume_step,Pos3,ch10
276,True,tracker,276,276,3.0,3.0,0.5076828063991131,0.5341478529004656,True,mass_volume_step,Pos3,ch10
299,True,tracker,299,299,3.0,3.0,0.48817810126539185,0.548838849934825,True,mass_volume_step,Pos3,ch10
325,True,tracker,325,325,3.0,3.0,0.5095955633865883,0.5528173577015791,True,mass_volume_step,Pos3,ch10
347,True,tracker,347,347,3.0,3.0,0.4871917357113319,0.49746121287657813,True,mass_volume_step,Pos3,ch10
376,True,tracker,376,376,3.0,3.0,0.48423747578362264,0.5352262413600019,True,mass_volume_step,Pos3,ch10
399,True,tracker,399,399,3.0,3.0,0.4970457506179913,0.5075240337681701,True,mass_volume_step,Pos3,ch10
421,True,tracker,421,421,3.0,3.0,0.4681642970501828,0.48659742092779307,True,mass_volume_step,Pos3,ch10
448,True,tracker,448,448,3.0,3.0,0.44473174383502667,0.4902475352785668,True,mass_volume_step,Pos3,ch10
475,True,tracker,475,475,3.0,3.0,0.4653809608329108,0.4774485924868848,True,mass_volume_step,Pos3,ch10
499,True,tracker,499,499,3.0,3.0,0.47216234874496804,0.5062888541925203,True,mass_volume_step,Pos3,ch10
531,True,tracker,531,531,3.0,3.0,0.4726046323817245,0.5437783249652466,True,mass_volume_step,Pos3,ch10
552,True,tracker,552,552,3.0,3.0,0.48815219385305575,0.5306405600918408,True,mass_volume_step,Pos3,ch10
583,True,tracker,583,583,3.0,3.0,0.476387606323439,0.5486703129549462,True,mass_volume_step,Pos3,ch10
607,True,tracker,607,607,3.0,3.0,0.5277204339345944,0.5055261218577222,True,mass_volume_step,Pos3,ch10
631,True,tracker,631,631,3.0,3.0,0.5153259025652326,0.510283773701778,True,mass_volume_step,Pos3,ch10
658,True,tracker,658,658,3.0,3.0,0.4492366000260608,0.47549900909657744,True,mass_volume_step,Pos3,ch10
684,True,tracker,684,684,3.0,3.0,0.5071667292487648,0.5058889984970898,True,mass_volume_step,Pos3,ch10
709,True,tracker,709,709,3.0,3.0,0.49855002161485046,0.560952098196294,True,mass_volume_step,Pos3,ch10
734,True,tracker,734,734,3.0,3.0,0.5010435413249147,0.5597358855459553,True,mass_volume_step,Pos3,ch10
761,True,tracker,761,761,3.0,3.0,0.49059429337930704,0.5482902039408517,True,mass_volume_step,Pos3,ch10
786,True,tracker,786,786,3.0,3.0,0.493670615802601,0.5530497385309315,True,mass_volume_step,Pos3,ch10
809,True,tracker,809,809,3.0,3.0,0.47258593520212916,0.5465547743246807,True,mass_volume_step,Pos3,ch10
838,True,tracker,838,838,3.0,3.0,0.48517632683816964,0.5536332257851106,True,mass_volume_step,Pos3,ch10
856,True,tracker,856,856,3.0,3.0,1.2085027314808452,1.119115297761938,False,no_supported_step,Pos3,ch10
863,True,tracker,863,863,3.0,3.0,0.484927751379174,0.5544069866372623,True,mass_volume_step,Pos3,ch10
885,True,tracker,885,885,3.0,3.0,0.5134645825486132,0.5854037677124174,True,mass_volume_step,Pos3,ch10
907,False,tracker,907,907,3.0,3.0,1.2306690410582368,1.0873345950555782,False,no_supported_step,Pos3,ch10
910,True,tracker,910,910,3.0,3.0,0.25684672646643836,0.2661845033283269,True,mass_volume_step,Pos3,ch10
911,True,tracker,911,911,3.0,3.0,0.25684672646643836,0.2661845033283269,True,mass_volume_step,Pos3,ch10
940,True,tracker,940,940,3.0,3.0,0.4743034696367475,0.5314862269709003,True,mass_volume_step,Pos3,ch10
963,True,tracker,963,963,3.0,3.0,0.4829611489910535,0.5430465057249567,True,mass_volume_step,Pos3,ch10
984,True,tracker,984,984,3.0,3.0,0.4933570855833607,0.531897664721196,True,mass_volume_step,Pos3,ch10
1015,True,tracker,1015,1015,3.0,3.0,0.4862843861558429,0.554589239242789,True,mass_volume_step,Pos3,ch10
1035,True,tracker,1035,1035,3.0,3.0,0.4916287642150066,0.5334374006688031,True,mass_volume_step,Pos3,ch10
1063,True,tracker,1063,1063,3.0,3.0,0.47951078579081224,0.5470241987652165,True,mass_volume_step,Pos3,ch10
1089,True,tracker,1089,1089,3.0,3.0,0.5046725509181045,0.5715910362350622,True,mass_volume_step,Pos3,ch10
1116,True,tracker,1116,1116,3.0,3.0,0.48437849539804995,0.5331324175189438,True,mass_volume_step,Pos3,ch10
1140,True,tracker,1140,1140,3.0,3.0,0.4901474605874224,0.55086432216159,True,mass_volume_step,Pos3,ch10
1159,True,tracker,1159,1159,3.0,3.0,1.2370349510209955,1.2303427420739785,False,no_supported_step,Pos3,ch10
1167,False,recovered,1164,1167,,,0.5229859297240839,0.5717858572508296,True,persistent_step_between_good_measurements,Pos3,ch10
1190,True,tracker,1190,1190,3.0,3.0,0.5008774900029078,0.5217302098097739,True,mass_volume_step,Pos3,ch10
18,True,tracker,18,18,3.0,3.0,0.4938073344399076,0.5071102523511155,True,mass_volume_step,Pos3,ch11
29,False,tracker,29,29,3.0,3.0,1.2084327674480089,1.2916683776884388,False,no_supported_step,Pos3,ch11
45,True,tracker,45,45,3.0,3.0,0.5528060982531279,0.5833645153585794,True,mass_volume_step,Pos3,ch11
68,True,tracker,68,68,3.0,3.0,0.5310297640613928,0.5622043679299619,True,mass_volume_step,Pos3,ch11
93,True,tracker,93,93,3.0,3.0,0.5251015726579279,0.5060795359034831,True,mass_volume_step,Pos3,ch11
120,True,tracker,120,120,3.0,3.0,0.5139457550957852,0.5468242461197337,True,mass_volume_step,Pos3,ch11
135,False,tracker,135,135,3.0,3.0,1.1669486461776357,1.0821126184205325,False,no_supported_step,Pos3,ch11
142,False,recovered,139,142,,,0.5325322930295581,0.533788942799039,True,persistent_step_between_good_measurements,Pos3,ch11
168,True,tracker,168,168,3.0,3.0,0.47506390346971505,0.4810566399322789,True,mass_volume_step,Pos3,ch11
193,True,tracker,193,193,3.0,3.0,0.5121224093441382,0.5159510983498478,True,mass_volume_step,Pos3,ch11
218,True,tracker,218,218,3.0,3.0,0.5065166859344293,0.5319532854964728,True,mass_volume_step,Pos3,ch11
247,True,tracker,247,247,3.0,3.0,0.47382778763278816,0.4831935502319018,True,mass_volume_step,Pos3,ch11
271,True,tracker,271,271,3.0,3.0,0.5085485426982024,0.5556250089020188,True,mass_volume_step,Pos3,ch11
295,False,recovered,294,295,,,0.5316021356940299,0.562803017985795,True,persistent_step_between_good_measurements,Pos3,ch11
300,False,tracker,300,300,3.0,3.0,1.1603077079669935,1.1598803767082342,False,no_supported_step,Pos3,ch11
316,True,tracker,316,316,3.0,3.0,0.48506495703235714,0.5199164565218729,True,mass_volume_step,Pos3,ch11
350,True,tracker,350,350,3.0,3.0,0.5030120189129103,0.5108611644875144,True,mass_volume_step,Pos3,ch11
372,True,tracker,372,372,3.0,3.0,0.5128855919289506,0.552999117966308,True,mass_volume_step,Pos3,ch11
392,True,tracker,392,392,3.0,3.0,1.2309597864909625,1.1864660958315452,False,no_supported_step,Pos3,ch11
398,True,tracker,398,398,3.0,3.0,0.49321935341246487,0.51518744288196,True,mass_volume_step,Pos3,ch11
411,False,tracker,411,411,3.0,3.0,1.1923527557206,1.2090585880249392,False,no_supported_step,Pos3,ch11
417,True,tracker,417,417,3.0,3.0,1.1806515890487943,1.230096610670481,False,no_supported_step,Pos3,ch11
428,True,tracker,428,428,3.0,3.0,0.5069252394529705,0.49872428079174336,True,mass_volume_step,Pos3,ch11
451,True,tracker,450,451,3.0,3.0,0.5129300879219683,0.5258071121394639,True,mass_volume_step,Pos3,ch11
476,True,tracker,476,476,3.0,3.0,0.47647683526004336,0.5079640175572353,True,mass_volume_step,Pos3,ch11
500,True,tracker,500,500,3.0,3.0,0.5110405684696292,0.5340096400634293,True,mass_volume_step,Pos3,ch11
531,True,tracker,531,531,3.0,3.0,0.49819126635209454,0.5097872579926461,True,mass_volume_step,Pos3,ch11
555,True,tracker,555,555,3.0,3.0,0.48551832376572285,0.47622771367783834,True,mass_volume_step,Pos3,ch11
587,True,tracker,587,587,3.0,3.0,0.507681786396745,0.5128623121022199,True,mass_volume_step,Pos3,ch11
607,True,tracker,607,607,3.0,3.0,0.5046769959867152,0.5399388309135534,True,mass_volume_step,Pos3,ch11
631,True,tracker,631,631,3.0,3.0,0.5376469062883968,0.5975738928853115,True,mass_volume_step,Pos3,ch11
662,True,tracker,662,662,3.0,3.0,0.49571131905063254,0.5143216861873631,True,mass_volume_step,Pos3,ch11
687,False,recovered,686,687,,,0.5525205979258764,0.6046167411073695,True,persistent_step_between_good_measurements,Pos3,ch11
708,True,tracker,708,708,3.0,3.0,0.4931395125556485,0.5378181662130125,True,mass_volume_step,Pos3,ch11
738,True,tracker,738,738,3.0,3.0,0.5250014050450486,0.5485641810138637,True,mass_volume_step,Pos3,ch11
762,True,tracker,762,762,3.0,3.0,0.5440964469233764,0.5464703680265484,True,mass_volume_step,Pos3,ch11
786,True,tracker,786,786,3.0,3.0,0.5130858105487285,0.531721100197288,True,mass_volume_step,Pos3,ch11
809,True,tracker,809,809,3.0,3.0,0.4796181551077426,0.4933268878286886,True,mass_volume_step,Pos3,ch11
837,True,tracker,837,837,3.0,3.0,0.5050410616444937,0.5018197134570068,True,mass_volume_step,Pos3,ch11
863,True,tracker,863,863,3.0,3.0,0.5394263145132563,0.5317234419376657,True,mass_volume_step,Pos3,ch11
886,True,tracker,886,886,3.0,3.0,0.49362083992713385,0.5160190438940745,True,mass_volume_step,Pos3,ch11
910,False,recovered,907,910,,,0.5335026715312855,0.5516070270122224,True,persistent_step_between_good_measurements,Pos3,ch11
941,True,tracker,941,941,3.0,3.0,0.5017793134137485,0.5279710763285549,True,mass_volume_step,Pos3,ch11
969,True,tracker,969,969,3.0,3.0,0.5193405849495074,0.5004658616611992,True,mass_volume_step,Pos3,ch11
993,True,tracker,993,993,3.0,3.0,0.5104718063625687,0.5171513878349929,True,mass_volume_step,Pos3,ch11
1018,True,tracker,1018,1018,3.0,3.0,0.5329542261258682,0.5095750023757271,True,mass_volume_step,Pos3,ch11
1047,True,tracker,1047,1047,3.0,3.0,0.4833557378204977,0.48562590329908756,True,mass_volume_step,Pos3,ch11
1072,False,recovered,1071,1072,,,0.5489990823062857,0.5633269485743888,True,persistent_step_between_good_measurements,Pos3,ch11
1094,True,tracker,1094,1094,3.0,3.0,0.5278809024191153,0.5576663990532118,True,mass_volume_step,Pos3,ch11
1108,False,tracker,1108,1108,3.0,3.0,1.2352898017010836,1.2575503356979918,False,no_supported_step,Pos3,ch11
1119,True,tracker,1117,1120,3.0,3.0,0.5848305625956713,0.5847866470621611,True,mass_volume_step,Pos3,ch11
1147,True,tracker,1147,1147,3.0,3.0,0.5127241575862725,0.5062824298585187,True,mass_volume_step,Pos3,ch11
1176,True,tracker,1176,1176,3.0,3.0,0.5088948946238643,0.5323292171289626,True,mass_volume_step,Pos3,ch11
1200,True,tracker,1200,1200,3.0,3.0,0.5184029604068061,0.5226825849687387,True,mass_volume_step,Pos3,ch11
6,True,tracker,6,6,3.0,3.0,0.49658116751988896,0.5387817474962174,True,mass_volume_step,Pos4,ch02
34,True,tracker,34,34,3.0,3.0,0.500366204541468,0.493557599155375,True,mass_volume_step,Pos4,ch02
60,True,tracker,60,60,3.0,3.0,0.5197367357269222,0.526705607498463,True,mass_volume_step,Pos4,ch02
82,True,tracker,82,82,3.0,3.0,0.4818033817975468,0.49372569635357116,True,mass_volume_step,Pos4,ch02
110,True,tracker,110,110,3.0,3.0,0.5310641181966459,0.5668873566769689,True,mass_volume_step,Pos4,ch02
132,True,tracker,132,132,3.0,3.0,0.526328156915909,0.5313779948345952,True,mass_volume_step,Pos4,ch02
154,True,tracker,154,154,3.0,3.0,0.49286592766714193,0.517054249729946,True,mass_volume_step,Pos4,ch02
180,True,tracker,180,180,3.0,3.0,0.5059309109378095,0.5252487790583764,True,mass_volume_step,Pos4,ch02
209,True,tracker,209,209,3.0,3.0,0.5065143169361671,0.4882658166904398,True,mass_volume_step,Pos4,ch02
232,True,tracker,232,232,3.0,3.0,0.4850991824428455,0.525163899022042,True,mass_volume_step,Pos4,ch02
258,True,tracker,258,258,3.0,3.0,0.5395307158565579,0.5842304244178412,True,mass_volume_step,Pos4,ch02
281,True,tracker,281,281,3.0,3.0,0.5212395783162977,0.5321545744513876,True,mass_volume_step,Pos4,ch02
308,True,tracker,308,308,3.0,3.0,0.4890934548626858,0.4896204686375267,True,mass_volume_step,Pos4,ch02
335,True,tracker,335,335,3.0,3.0,0.5314993502895854,0.5390689563661192,True,mass_volume_step,Pos4,ch02
361,True,tracker,361,361,3.0,3.0,0.49690722129558795,0.5201726224849117,True,mass_volume_step,Pos4,ch02
381,True,tracker,381,381,3.0,3.0,0.47593556922394925,0.4868141243424744,True,mass_volume_step,Pos4,ch02
411,True,tracker,410,411,3.0,3.0,0.5228950421163606,0.5684730371882606,True,mass_volume_step,Pos4,ch02
438,True,tracker,438,438,3.0,3.0,0.507657865194137,0.5625060398199938,True,mass_volume_step,Pos4,ch02
461,True,tracker,461,461,3.0,3.0,0.4918431433409817,0.4751604294142608,True,mass_volume_step,Pos4,ch02
487,True,tracker,487,487,3.0,3.0,0.4932007708230579,0.507088749272845,True,mass_volume_step,Pos4,ch02
514,True,tracker,514,514,3.0,3.0,0.5005895467636345,0.5270535515157654,True,mass_volume_step,Pos4,ch02
538,True,tracker,538,538,3.0,3.0,0.5356749141911246,0.5621377149191966,True,mass_volume_step,Pos4,ch02
566,True,tracker,566,566,3.0,3.0,0.4845523210609127,0.4892230835393441,True,mass_volume_step,Pos4,ch02
588,True,tracker,588,588,3.0,3.0,0.47586835865685045,0.4698429845139237,True,mass_volume_step,Pos4,ch02
613,True,tracker,613,613,3.0,3.0,0.5264337783145814,0.5514772500070139,True,mass_volume_step,Pos4,ch02
637,True,tracker,637,637,3.0,3.0,0.5467595400616109,0.5783080597594739,True,mass_volume_step,Pos4,ch02
666,True,tracker,666,666,3.0,3.0,0.5205396765526615,0.5131273392990258,True,mass_volume_step,Pos4,ch02
692,True,tracker,692,692,3.0,3.0,0.5249183699666398,0.5412481887614984,True,mass_volume_step,Pos4,ch02
709,True,tracker,709,709,3.0,3.0,0.5469289243365331,0.5567510755429828,True,mass_volume_step,Pos4,ch02
734,True,tracker,734,734,3.0,3.0,0.4797921804586873,0.5377615941938618,True,mass_volume_step,Pos4,ch02
762,True,tracker,762,762,3.0,3.0,0.5171212318802706,0.5244594314250255,True,mass_volume_step,Pos4,ch02
784,True,tracker,784,784,3.0,3.0,0.5458478410900187,0.570081325902478,True,mass_volume_step,Pos4,ch02
810,True,tracker,810,810,3.0,3.0,0.48687555557048945,0.5020748199720215,True,mass_volume_step,Pos4,ch02
831,True,tracker,831,831,3.0,3.0,0.47268957770930997,0.4931182527154127,True,mass_volume_step,Pos4,ch02
863,True,tracker,863,863,3.0,3.0,0.5029575300849187,0.5214382871791513,True,mass_volume_step,Pos4,ch02
890,True,tracker,890,890,3.0,3.0,0.495471941591679,0.48753325066667147,True,mass_volume_step,Pos4,ch02
25,True,tracker,25,25,3.0,3.0,0.5026716676149346,0.49830066765705333,True,mass_volume_step,Pos4,ch08
50,True,tracker,50,50,3.0,3.0,0.511380205564254,0.5166258524350827,True,mass_volume_step,Pos4,ch08
73,True,tracker,73,73,3.0,3.0,0.5122145384571268,0.5021779862672978,True,mass_volume_step,Pos4,ch08
94,True,tracker,94,94,3.0,3.0,0.5156169444542532,0.5340291916160732,True,mass_volume_step,Pos4,ch08
126,True,tracker,126,126,3.0,3.0,0.4805874805754769,0.519760990208764,True,mass_volume_step,Pos4,ch08
149,True,tracker,149,149,3.0,3.0,0.5108468752911354,0.5479551936184238,True,mass_volume_step,Pos4,ch08
174,True,tracker,174,174,3.0,3.0,0.5294704556489634,0.5290306531632986,True,mass_volume_step,Pos4,ch08
194,True,tracker,194,194,3.0,3.0,0.5244085801311631,0.521233778095665,True,mass_volume_step,Pos4,ch08
220,True,tracker,220,220,3.0,3.0,0.526493348536678,0.5679891223634216,True,mass_volume_step,Pos4,ch08
246,True,tracker,246,246,3.0,3.0,0.5319409450956238,0.5628035882638487,True,mass_volume_step,Pos4,ch08
267,True,tracker,267,267,3.0,3.0,0.4847174816743514,0.5332688889114413,True,mass_volume_step,Pos4,ch08
290,True,tracker,290,290,3.0,3.0,0.5011216581271017,0.5038185794542124,True,mass_volume_step,Pos4,ch08
317,True,tracker,317,317,3.0,3.0,0.5060472505248873,0.5372993871760807,True,mass_volume_step,Pos4,ch08
343,True,tracker,343,343,3.0,3.0,0.5124483046676301,0.520873227237252,True,mass_volume_step,Pos4,ch08
367,True,tracker,367,367,3.0,3.0,0.5305034709197461,0.6148043280350315,True,mass_volume_step,Pos4,ch08
388,True,tracker,388,388,3.0,3.0,0.5010272717421608,0.5132714021772534,True,mass_volume_step,Pos4,ch08
419,True,tracker,419,419,3.0,3.0,0.4985393896969562,0.6100508156876676,True,mass_volume_step,Pos4,ch08
441,True,tracker,441,441,3.0,3.0,0.5158715268005738,0.515033952802161,True,mass_volume_step,Pos4,ch08
471,True,tracker,471,471,3.0,3.0,0.49149617303382115,0.5109138209363909,True,mass_volume_step,Pos4,ch08
491,True,tracker,491,491,3.0,3.0,0.5035577105159766,0.5085841502903178,True,mass_volume_step,Pos4,ch08
515,True,tracker,515,515,3.0,3.0,0.4981514589855105,0.5241729124089141,True,mass_volume_step,Pos4,ch08
544,True,tracker,542,544,3.0,3.0,0.5867276361482168,0.5928878853844862,False,no_local_step_at_candidate,Pos4,ch08
545,True,tracker,545,545,3.0,3.0,0.5741999033386204,0.5928878853844862,True,mass_volume_step,Pos4,ch08
571,True,tracker,571,571,3.0,3.0,0.4861593840169322,0.5036459843902791,True,mass_volume_step,Pos4,ch08
601,True,tracker,601,601,3.0,3.0,0.5097707851017926,0.5453612148422903,True,mass_volume_step,Pos4,ch08
618,True,tracker,618,618,3.0,3.0,0.523022597583973,0.5123981015254019,True,mass_volume_step,Pos4,ch08
643,True,tracker,643,643,3.0,3.0,0.5102084318300087,0.5303833606342909,True,mass_volume_step,Pos4,ch08
671,True,tracker,671,671,3.0,3.0,0.5175912880846895,0.49439664963372776,True,mass_volume_step,Pos4,ch08
693,True,tracker,693,693,3.0,3.0,0.5160591538978565,0.5229585991423048,True,mass_volume_step,Pos4,ch08
717,True,tracker,717,717,3.0,3.0,0.49458902781796715,0.5200560666537909,True,mass_volume_step,Pos4,ch08
741,True,tracker,741,741,3.0,3.0,0.5605272980161632,0.5709290016435339,True,mass_volume_step,Pos4,ch08
771,True,tracker,771,771,3.0,3.0,0.5132730589513625,0.5768591459986057,True,mass_volume_step,Pos4,ch08
794,True,tracker,794,794,3.0,3.0,0.5092913515451869,0.5173455303890334,True,mass_volume_step,Pos4,ch08
823,False,recovered,820,823,,,0.5369461992690069,0.4989275079443127,True,persistent_step_between_good_measurements,Pos4,ch08
853,True,tracker,853,853,3.0,3.0,0.49671257175397143,0.484276465969372,True,mass_volume_step,Pos4,ch08
876,True,tracker,876,876,3.0,3.0,0.5108972551093763,0.5234231933910026,True,mass_volume_step,Pos4,ch08
906,True,tracker,906,906,3.0,3.0,0.5135082105963072,0.5423572877266213,True,mass_volume_step,Pos4,ch08
931,True,tracker,931,931,3.0,3.0,0.5107952191805304,0.5451431406322195,True,mass_volume_step,Pos4,ch08
954,True,tracker,954,954,3.0,3.0,0.49237138299458927,0.4879231017127122,True,mass_volume_step,Pos4,ch08
979,True,tracker,979,979,3.0,3.0,0.4842508677393426,0.4943460617350676,True,mass_volume_step,Pos4,ch08
1006,True,tracker,1006,1006,3.0,3.0,0.44681737094180657,0.4921182538502104,True,mass_volume_step,Pos4,ch08
1034,True,tracker,1034,1034,3.0,3.0,0.49449209384315546,0.5387372465938053,True,mass_volume_step,Pos4,ch08
1059,True,tracker,1059,1059,3.0,3.0,0.48166977979395315,0.47495865701475265,True,mass_volume_step,Pos4,ch08
1086,True,tracker,1086,1086,3.0,3.0,0.48794992178680796,0.48516366908312697,True,mass_volume_step,Pos4,ch08
1122,True,tracker,1122,1122,3.0,3.0,0.49895934887261134,0.5352412021269572,True,mass_volume_step,Pos4,ch08
1142,True,tracker,1142,1142,3.0,3.0,0.4921183369512665,0.4830853771966598,True,mass_volume_step,Pos4,ch08
1168,True,tracker,1168,1168,3.0,3.0,0.5058164113018957,0.5120474024027759,True,mass_volume_step,Pos4,ch08
1193,True,tracker,1193,1193,3.0,3.0,0.48984688427068307,0.5001489647293986,True,mass_volume_step,Pos4,ch08
12,True,tracker,12,12,3.0,3.0,0.5332902629156668,0.5788629824638222,True,mass_volume_step,Pos4,ch09
37,True,tracker,37,37,3.0,3.0,0.5260965118836596,0.5817832523066151,True,mass_volume_step,Pos4,ch09
65,True,tracker,65,65,3.0,3.0,0.5075261697102067,0.5249728334692696,True,mass_volume_step,Pos4,ch09
84,True,tracker,84,84,3.0,3.0,0.5639324540027957,0.5507063362584927,True,mass_volume_step,Pos4,ch09
112,True,tracker,112,112,3.0,3.0,0.5617224023259504,0.5986112409927709,True,mass_volume_step,Pos4,ch09
140,True,tracker,140,140,3.0,3.0,0.530956938610192,0.54518477470137,True,mass_volume_step,Pos4,ch09
161,True,tracker,161,161,3.0,3.0,0.5291382839495172,0.5457895143484258,True,mass_volume_step,Pos4,ch09
186,True,tracker,186,186,3.0,3.0,0.5709749719312295,0.5775405035496862,True,mass_volume_step,Pos4,ch09
214,True,tracker,214,214,3.0,3.0,0.5249481847884273,0.5257143200093157,True,mass_volume_step,Pos4,ch09
240,True,tracker,240,240,3.0,3.0,0.5661569967281863,0.5500288875006981,True,mass_volume_step,Pos4,ch09
261,True,tracker,261,261,3.0,3.0,0.5318564235984327,0.5694042852314551,True,mass_volume_step,Pos4,ch09
291,True,tracker,291,291,3.0,3.0,0.5285296005371516,0.5176067592990486,True,mass_volume_step,Pos4,ch09
312,True,tracker,312,312,3.0,3.0,0.5379012968775618,0.5590602630536683,True,mass_volume_step,Pos4,ch09
340,True,tracker,340,340,3.0,3.0,0.48979197189648804,0.5268596824291573,True,mass_volume_step,Pos4,ch09
365,True,tracker,365,365,3.0,3.0,0.5405284098218786,0.5675204306220274,True,mass_volume_step,Pos4,ch09
388,True,tracker,388,388,3.0,3.0,0.5501838679489827,0.532350451689956,True,mass_volume_step,Pos4,ch09
412,True,tracker,412,412,3.0,3.0,0.5086073816319464,0.5496138635371497,True,mass_volume_step,Pos4,ch09
435,True,tracker,435,435,3.0,3.0,0.5016945157386976,0.501938188699416,True,mass_volume_step,Pos4,ch09
464,True,tracker,464,464,3.0,3.0,0.5392160088670797,0.5069117911828985,True,mass_volume_step,Pos4,ch09
489,True,tracker,483,489,2.0,3.0,0.6718025005119442,0.6085063644527025,False,no_local_step_at_candidate,Pos4,ch09
492,False,tracker,492,492,1.0,3.0,,,False,insufficient_good_points,Pos4,ch09
493,True,tracker,493,493,1.0,3.0,,,False,insufficient_good_points,Pos4,ch09
493,False,recovered,490,493,,,0.6680333595382171,0.606168751892008,True,persistent_step_between_good_measurements,Pos4,ch09
519,True,tracker,519,519,3.0,3.0,0.5672139959478644,0.552986799680363,True,mass_volume_step,Pos4,ch09
547,True,tracker,547,547,3.0,3.0,0.5336794029415827,0.4808351820700202,True,mass_volume_step,Pos4,ch09
568,True,tracker,568,568,3.0,3.0,0.5329902626175532,0.5077461545040693,True,mass_volume_step,Pos4,ch09
592,True,tracker,592,592,3.0,3.0,0.49887201886764726,0.49316783691074895,True,mass_volume_step,Pos4,ch09
621,True,tracker,621,621,3.0,3.0,0.5391164696239745,0.47694615317268274,True,mass_volume_step,Pos4,ch09
649,True,tracker,649,649,3.0,3.0,0.5419710379245843,0.6148789088944236,True,mass_volume_step,Pos4,ch09
676,True,tracker,676,676,3.0,3.0,0.5545101343723229,0.5945463464649511,True,mass_volume_step,Pos4,ch09
698,True,tracker,698,698,3.0,3.0,0.5633990046474927,0.5761682102657092,True,mass_volume_step,Pos4,ch09
718,True,tracker,718,718,3.0,3.0,0.5451868883330108,0.5438555528198262,True,mass_volume_step,Pos4,ch09
746,True,tracker,746,746,3.0,3.0,0.499351953413293,0.5384930631194238,True,mass_volume_step,Pos4,ch09
769,True,tracker,769,769,3.0,3.0,0.510822564585899,0.5000947443487613,True,mass_volume_step,Pos4,ch09
797,True,tracker,797,797,3.0,3.0,0.5050423537781484,0.5186622259576286,True,mass_volume_step,Pos4,ch09
824,True,tracker,824,824,3.0,3.0,0.4906867883836972,0.5060319322844884,True,mass_volume_step,Pos4,ch09
851,True,tracker,851,851,3.0,3.0,0.528461545118399,0.5633503314658983,True,mass_volume_step,Pos4,ch09
878,True,tracker,878,878,3.0,3.0,0.5205236570308969,0.5402718293540677,True,mass_volume_step,Pos4,ch09
902,True,tracker,902,902,3.0,3.0,0.5192040415410888,0.537511867692482,True,mass_volume_step,Pos4,ch09
928,True,tracker,928,928,3.0,3.0,0.4952845748887232,0.4788310795397024,True,mass_volume_step,Pos4,ch09
954,True,tracker,954,954,3.0,3.0,0.5184025136040414,0.5387601358566806,True,mass_volume_step,Pos4,ch09
981,True,tracker,981,981,3.0,3.0,0.5187307487749384,0.4888442735621786,True,mass_volume_step,Pos4,ch09
1005,True,tracker,1005,1005,3.0,3.0,0.5038317355838815,0.5598835623659794,True,mass_volume_step,Pos4,ch09
1028,True,tracker,1028,1028,3.0,3.0,0.49287247162247827,0.5040619440189998,True,mass_volume_step,Pos4,ch09
1051,True,tracker,1051,1051,3.0,3.0,0.504563680996528,0.5370658990977801,True,mass_volume_step,Pos4,ch09
1089,True,tracker,1089,1089,3.0,3.0,0.5433273245107494,0.5058156188211634,True,mass_volume_step,Pos4,ch09
1111,True,tracker,1111,1111,3.0,3.0,0.5313219886243932,0.5207040507898927,True,mass_volume_step,Pos4,ch09
1136,True,tracker,1136,1136,3.0,3.0,0.4843063589433406,0.4965908829732681,True,mass_volume_step,Pos4,ch09
1182,True,tracker,1182,1182,3.0,3.0,0.509608226672706,0.5497351161886167,True,mass_volume_step,Pos4,ch09
26,True,tracker,26,26,3.0,3.0,0.490077878738162,0.5263104591669016,True,mass_volume_step,Pos5,ch01
50,True,tracker,50,50,3.0,3.0,0.5094085853708414,0.49500142241250966,True,mass_volume_step,Pos5,ch01
81,True,tracker,81,81,3.0,3.0,0.49471338832633066,0.5263044231402494,True,mass_volume_step,Pos5,ch01
108,True,tracker,108,108,3.0,3.0,0.5145086223897412,0.5088278362894829,True,mass_volume_step,Pos5,ch01
134,True,tracker,134,134,3.0,3.0,0.5242631704637606,0.5648570033164577,True,mass_volume_step,Pos5,ch01
160,True,tracker,160,160,3.0,3.0,0.5113634891164106,0.5774400339943758,True,mass_volume_step,Pos5,ch01
183,True,tracker,183,183,3.0,3.0,0.5039167675538889,0.5410338680548951,True,mass_volume_step,Pos5,ch01
209,True,tracker,209,209,3.0,3.0,0.4945236499883435,0.5418045491957213,True,mass_volume_step,Pos5,ch01
231,True,tracker,231,231,3.0,3.0,0.5382063485582513,0.5753555766061218,True,mass_volume_step,Pos5,ch01
256,True,tracker,256,256,3.0,3.0,0.4608132645325918,0.4457914037226458,True,mass_volume_step,Pos5,ch01
285,True,tracker,285,285,3.0,3.0,0.5103471274536047,0.5564140675934311,True,mass_volume_step,Pos5,ch01
312,True,tracker,312,312,3.0,3.0,0.47561083479955313,0.4503370310295828,True,mass_volume_step,Pos5,ch01
334,True,tracker,334,334,3.0,3.0,0.4777121720108706,0.4550113251322172,True,mass_volume_step,Pos5,ch01
368,True,tracker,368,368,3.0,3.0,0.4711515924853098,0.49654142525768885,True,mass_volume_step,Pos5,ch01
387,True,tracker,387,387,3.0,3.0,0.4744317484728591,0.5084480502715782,True,mass_volume_step,Pos5,ch01
417,True,tracker,417,417,3.0,3.0,0.5246393171139838,0.5304232827671082,True,mass_volume_step,Pos5,ch01
442,True,tracker,442,442,3.0,3.0,0.47317641045866193,0.5069738421060346,True,mass_volume_step,Pos5,ch01
469,True,tracker,469,469,3.0,3.0,0.5292143326478315,0.5357323969219049,True,mass_volume_step,Pos5,ch01
494,True,tracker,494,494,3.0,3.0,0.5027569192428761,0.5468096868117652,True,mass_volume_step,Pos5,ch01
525,True,tracker,525,525,3.0,3.0,0.5164218091171869,0.5370660083417156,True,mass_volume_step,Pos5,ch01
547,True,tracker,547,547,3.0,3.0,0.5239789005299337,0.5608962220655184,True,mass_volume_step,Pos5,ch01
575,True,tracker,575,575,3.0,3.0,0.49592771767205074,0.5378024612182477,True,mass_volume_step,Pos5,ch01
595,True,tracker,595,595,3.0,3.0,0.5274105812099584,0.5433806214702821,True,mass_volume_step,Pos5,ch01
616,True,tracker,616,616,3.0,3.0,0.5145875188293768,0.5140698879772295,True,mass_volume_step,Pos5,ch01
639,True,tracker,639,639,3.0,3.0,0.5200213381065913,0.5240769479609813,True,mass_volume_step,Pos5,ch01
666,True,tracker,666,666,3.0,3.0,0.530910835888591,0.5779732762988748,True,mass_volume_step,Pos5,ch01
686,True,tracker,686,686,3.0,3.0,0.5458598135425384,0.5787502182300659,True,mass_volume_step,Pos5,ch01
714,True,tracker,714,714,3.0,3.0,0.48050234844419715,0.5170103483514745,True,mass_volume_step,Pos5,ch01
744,True,tracker,744,744,3.0,3.0,0.48163005458132674,0.5222358134472036,True,mass_volume_step,Pos5,ch01
767,True,tracker,767,767,3.0,3.0,0.501693006263609,0.5036817384263644,True,mass_volume_step,Pos5,ch01
789,True,tracker,789,789,3.0,3.0,0.4840349419489723,0.4886775773185509,True,mass_volume_step,Pos5,ch01
813,True,tracker,813,813,3.0,3.0,0.4360612619357396,0.4901838136834524,True,mass_volume_step,Pos5,ch01
843,True,tracker,843,843,3.0,3.0,0.5110138535340285,0.47682236536240324,True,mass_volume_step,Pos5,ch01
867,False,tracker,867,867,3.0,3.0,1.183974337596505,1.2037552757144416,False,no_supported_step,Pos5,ch01
874,True,tracker,874,874,3.0,3.0,0.49555893206160784,0.4749426663927029,True,mass_volume_step,Pos5,ch01
898,True,tracker,898,898,3.0,3.0,0.5117232329285639,0.541677176852795,True,mass_volume_step,Pos5,ch01
919,True,tracker,919,919,3.0,3.0,0.4905435922805217,0.49593580029308754,True,mass_volume_step,Pos5,ch01
951,True,tracker,951,951,3.0,3.0,0.4918287810913659,0.4909450623004155,True,mass_volume_step,Pos5,ch01
977,True,tracker,977,977,3.0,3.0,0.4803873188038559,0.4709480416166217,True,mass_volume_step,Pos5,ch01
1002,True,tracker,1002,1002,3.0,3.0,0.4817538286048872,0.5389141556370797,True,mass_volume_step,Pos5,ch01
1031,True,tracker,1031,1031,3.0,3.0,0.48302568302738264,0.49778608147165165,True,mass_volume_step,Pos5,ch01
1056,False,recovered,1053,1056,,,0.536739017708791,0.507753296286745,True,persistent_step_between_good_measurements,Pos5,ch01
4,True,tracker,4,4,2.0,3.0,0.5001278943593908,0.45177942208856436,True,mass_volume_step,Pos5,ch03
31,True,tracker,31,31,3.0,3.0,0.5160713926452508,0.5211099490257836,True,mass_volume_step,Pos5,ch03
55,True,tracker,55,55,3.0,3.0,0.4818977553901929,0.4686032960494975,True,mass_volume_step,Pos5,ch03
81,True,tracker,81,81,3.0,3.0,0.5568186076516123,0.5478595225703974,True,mass_volume_step,Pos5,ch03
110,False,recovered,109,110,,,0.5753059967202755,0.5976635887325591,True,persistent_step_between_good_measurements,Pos5,ch03
132,True,tracker,132,132,3.0,3.0,0.547795975101302,0.5426223770777714,True,mass_volume_step,Pos5,ch03
157,True,tracker,157,157,3.0,3.0,0.5420474273477018,0.5472532057884439,True,mass_volume_step,Pos5,ch03
179,True,tracker,179,179,3.0,3.0,0.5325318930004881,0.5460661251785041,True,mass_volume_step,Pos5,ch03
201,True,tracker,201,201,3.0,3.0,0.5228636651220971,0.5178668911721671,True,mass_volume_step,Pos5,ch03
225,True,tracker,225,225,3.0,3.0,0.5191583148715171,0.533851207794118,True,mass_volume_step,Pos5,ch03
251,True,tracker,251,251,3.0,3.0,0.530498279520888,0.5220232872368944,True,mass_volume_step,Pos5,ch03
270,False,tracker,270,270,3.0,3.0,1.1753822824587534,1.2026318574990604,False,no_supported_step,Pos5,ch03
277,True,tracker,277,277,3.0,3.0,0.534288674240729,0.5672300683522085,True,mass_volume_step,Pos5,ch03
298,True,tracker,298,298,3.0,3.0,0.5277434178609623,0.5026100575002179,True,mass_volume_step,Pos5,ch03
321,True,tracker,321,321,3.0,3.0,0.5262804578438908,0.511131226224413,True,mass_volume_step,Pos5,ch03
349,True,tracker,349,349,3.0,3.0,0.5166081671915642,0.47713611837674824,True,mass_volume_step,Pos5,ch03
371,True,tracker,371,371,3.0,3.0,0.5247667900482843,0.5180123461133377,True,mass_volume_step,Pos5,ch03
397,True,tracker,397,397,3.0,3.0,0.5438587306312732,0.5259174555937839,True,mass_volume_step,Pos5,ch03
423,True,tracker,423,423,3.0,3.0,0.5530051780685971,0.5350994164446624,True,mass_volume_step,Pos5,ch03
445,True,tracker,445,445,3.0,3.0,0.5366736384325506,0.5001329620833538,True,mass_volume_step,Pos5,ch03
469,True,tracker,469,469,3.0,3.0,0.5354562830495946,0.5481639571621851,True,mass_volume_step,Pos5,ch03
496,True,tracker,496,496,3.0,3.0,0.5133791046541128,0.48080363169513535,True,mass_volume_step,Pos5,ch03
519,True,tracker,519,519,3.0,3.0,0.5253011829549293,0.5078769627044472,True,mass_volume_step,Pos5,ch03
547,True,tracker,547,547,3.0,3.0,0.49747774973154174,0.49276492435971203,True,mass_volume_step,Pos5,ch03
569,False,recovered,568,569,,,0.5405960517456243,0.5466636804656547,True,persistent_step_between_good_measurements,Pos5,ch03
584,False,tracker,584,584,3.0,3.0,1.179416877011795,1.2209057096585483,False,no_supported_step,Pos5,ch03
605,True,tracker,605,605,3.0,3.0,0.5431514310720749,0.5523963521770356,True,mass_volume_step,Pos5,ch03
625,True,tracker,625,625,3.0,3.0,0.5567467097677592,0.533153358422863,True,mass_volume_step,Pos5,ch03
649,True,tracker,649,649,3.0,3.0,0.5604011714470224,0.542054895387453,True,mass_volume_step,Pos5,ch03
676,True,tracker,676,676,3.0,3.0,0.5486199692789554,0.5387513332336962,True,mass_volume_step,Pos5,ch03
701,True,tracker,701,701,3.0,3.0,0.5172118493619985,0.49560869240246114,True,mass_volume_step,Pos5,ch03
723,True,tracker,723,723,3.0,3.0,0.5390661887367609,0.5641291437315318,True,mass_volume_step,Pos5,ch03
750,True,tracker,750,750,3.0,3.0,0.5342981914291494,0.5252567621974378,True,mass_volume_step,Pos5,ch03
776,True,tracker,776,776,3.0,3.0,0.5260830049125996,0.5160526381081065,True,mass_volume_step,Pos5,ch03
803,True,tracker,803,803,3.0,3.0,0.5469037840054117,0.5696589937630877,True,mass_volume_step,Pos5,ch03
824,True,tracker,824,824,3.0,3.0,0.5128568684585024,0.5208264950288306,True,mass_volume_step,Pos5,ch03
851,True,tracker,851,851,3.0,3.0,0.5093707061209524,0.5016494956239473,True,mass_volume_step,Pos5,ch03
882,True,tracker,882,882,3.0,3.0,0.5102674285567012,0.49997099632191344,True,mass_volume_step,Pos5,ch03
919,True,tracker,919,919,3.0,3.0,0.5648612127413017,0.5662330699662342,True,mass_volume_step,Pos5,ch03
937,True,tracker,937,937,3.0,3.0,0.5797890565733775,0.5785077883763721,True,mass_volume_step,Pos5,ch03
956,True,tracker,956,956,3.0,3.0,0.5400356665631535,0.5522387725042329,True,mass_volume_step,Pos5,ch03
979,True,tracker,979,979,3.0,3.0,0.5254119789038585,0.5392943155508769,True,mass_volume_step,Pos5,ch03
1004,True,tracker,1004,1004,3.0,3.0,0.5366457754068098,0.5157924612235042,True,mass_volume_step,Pos5,ch03
1028,True,tracker,1028,1028,3.0,3.0,0.5464948655877099,0.5494065016563673,True,mass_volume_step,Pos5,ch03
1054,True,tracker,1054,1054,3.0,3.0,0.48782525102643964,0.46480920975360546,True,mass_volume_step,Pos5,ch03
1073,True,tracker,1073,1073,3.0,3.0,1.1793442456189394,1.255913300065589,False,no_supported_step,Pos5,ch03
1085,False,recovered,1084,1085,,,0.5376648741866161,0.5124856634743868,True,persistent_step_between_good_measurements,Pos5,ch03
1109,True,tracker,1109,1109,3.0,3.0,0.5665372883754144,0.5482647658202197,True,mass_volume_step,Pos5,ch03
1132,True,tracker,1132,1132,3.0,3.0,0.5367847384454644,0.5358319076966637,True,mass_volume_step,Pos5,ch03
1159,False,recovered,1158,1159,,,0.5724965890367664,0.5662048384268147,True,persistent_step_between_good_measurements,Pos5,ch03
1179,False,tracker,1179,1179,3.0,3.0,1.1675988496840748,1.1214288592341106,False,no_supported_step,Pos5,ch03
1185,False,recovered,1184,1185,,,0.5264287478613195,0.4918300378871692,True,persistent_step_between_good_measurements,Pos5,ch03
27,True,tracker,27,27,3.0,3.0,0.4973638333478887,0.5019836335730864,True,mass_volume_step,Pos5,ch06
49,True,tracker,49,49,3.0,3.0,0.5273728824656055,0.5711160304451139,True,mass_volume_step,Pos5,ch06
70,True,tracker,70,70,3.0,3.0,0.5099635748636229,0.5499176352293625,True,mass_volume_step,Pos5,ch06
94,True,tracker,94,94,3.0,3.0,0.5112274034036016,0.5185803478836909,True,mass_volume_step,Pos5,ch06
116,True,tracker,116,116,3.0,3.0,0.5036474978311699,0.5178930164283929,True,mass_volume_step,Pos5,ch06
141,True,tracker,141,141,3.0,3.0,0.5060407943594194,0.5503280296430708,True,mass_volume_step,Pos5,ch06
165,True,tracker,165,165,3.0,3.0,0.48165837701807324,0.45969908791779557,True,mass_volume_step,Pos5,ch06
192,True,tracker,192,192,3.0,3.0,0.5101934706622647,0.5250380167633106,True,mass_volume_step,Pos5,ch06
218,True,tracker,218,218,3.0,3.0,0.5217370658713046,0.5621025690806769,True,mass_volume_step,Pos5,ch06
242,True,tracker,242,242,3.0,3.0,0.48871282887784784,0.5133552394677484,True,mass_volume_step,Pos5,ch06
268,True,tracker,268,268,3.0,3.0,0.51304320261847,0.5426166525721905,True,mass_volume_step,Pos5,ch06
290,True,tracker,290,290,3.0,3.0,0.5322492551983004,0.5746456871254275,True,mass_volume_step,Pos5,ch06
316,True,tracker,316,316,3.0,3.0,0.5101973108272823,0.5390781558319212,True,mass_volume_step,Pos5,ch06
340,True,tracker,340,340,3.0,3.0,0.5329910480130308,0.5365001724930927,True,mass_volume_step,Pos5,ch06
364,True,tracker,364,364,3.0,3.0,0.5093201180188162,0.5115568575262375,True,mass_volume_step,Pos5,ch06
384,True,tracker,384,384,3.0,3.0,0.5101665933434784,0.5405808913258978,True,mass_volume_step,Pos5,ch06
409,True,tracker,409,409,3.0,3.0,0.5031527706345925,0.5652347009041311,True,mass_volume_step,Pos5,ch06
434,True,tracker,434,434,3.0,3.0,0.5218853707375715,0.5386550146192808,True,mass_volume_step,Pos5,ch06
455,True,tracker,455,455,3.0,3.0,0.5028095141062829,0.538488476422088,True,mass_volume_step,Pos5,ch06
480,True,tracker,480,480,3.0,3.0,0.49627312179385513,0.5223652891771929,True,mass_volume_step,Pos5,ch06
504,True,tracker,504,504,3.0,3.0,0.5386917139637363,0.5855871174504105,True,mass_volume_step,Pos5,ch06
528,True,tracker,528,528,3.0,3.0,0.4865481774390416,0.49111811089147234,True,mass_volume_step,Pos5,ch06
553,True,tracker,553,553,3.0,3.0,0.5213702869903294,0.5266996123284997,True,mass_volume_step,Pos5,ch06
577,True,tracker,577,577,3.0,3.0,0.5069946766643902,0.5032025086105985,True,mass_volume_step,Pos5,ch06
601,True,tracker,601,601,3.0,3.0,0.5192008244868721,0.5411664125614027,True,mass_volume_step,Pos5,ch06
624,True,tracker,624,624,3.0,3.0,0.5402463567936303,0.5296958579737491,True,mass_volume_step,Pos5,ch06
653,True,tracker,653,653,3.0,3.0,0.5086469641037852,0.5235328337038423,True,mass_volume_step,Pos5,ch06
677,True,tracker,677,677,3.0,3.0,0.5054842202655784,0.5169291440199667,True,mass_volume_step,Pos5,ch06
700,True,tracker,700,700,3.0,3.0,0.5229450345364145,0.5559500763991867,True,mass_volume_step,Pos5,ch06
729,True,tracker,729,729,3.0,3.0,0.5273431516619844,0.5494341520780498,True,mass_volume_step,Pos5,ch06
752,True,tracker,752,752,3.0,3.0,0.5569211896795508,0.6099999152071849,True,mass_volume_step,Pos5,ch06
778,True,tracker,778,778,3.0,3.0,0.5043299637777394,0.5337800451678798,True,mass_volume_step,Pos5,ch06
806,True,tracker,806,806,3.0,3.0,0.5106150002319741,0.5588147303722623,True,mass_volume_step,Pos5,ch06
828,True,tracker,828,828,3.0,3.0,0.5027362418403382,0.529587834706909,True,mass_volume_step,Pos5,ch06
849,True,tracker,849,849,3.0,3.0,0.5027752051449778,0.5371532908131718,True,mass_volume_step,Pos5,ch06
877,True,tracker,877,877,3.0,3.0,0.4987408161376621,0.5069908784270613,True,mass_volume_step,Pos5,ch06
910,True,tracker,910,910,3.0,3.0,0.5066222121473196,0.5531046910946663,True,mass_volume_step,Pos5,ch06
933,True,tracker,933,933,3.0,3.0,0.5127265717727629,0.5456899771876039,True,mass_volume_step,Pos5,ch06
955,True,tracker,955,955,3.0,3.0,0.4950510106245854,0.5195412870731946,True,mass_volume_step,Pos5,ch06
984,True,tracker,984,984,3.0,3.0,0.47470754867884,0.49417553798007996,True,mass_volume_step,Pos5,ch06
1009,True,tracker,1009,1009,3.0,3.0,0.5286401434426592,0.561745508693753,True,mass_volume_step,Pos5,ch06
1036,True,tracker,1036,1036,3.0,3.0,0.4554069595040422,0.44874030214449295,True,mass_volume_step,Pos5,ch06
1067,False,recovered,1066,1067,,,0.4877422709234983,0.5322780244262724,True,persistent_step_between_good_measurements,Pos5,ch06
1091,False,recovered,1090,1091,,,0.5276218706078052,0.5551375461422816,True,persistent_step_between_good_measurements,Pos5,ch06
1108,True,tracker,1108,1108,3.0,3.0,1.1990625840933375,1.147484719390511,False,no_supported_step,Pos5,ch06
1117,True,tracker,1117,1117,3.0,3.0,0.3290704997538882,0.34178044252268625,True,mass_volume_step,Pos5,ch06
1143,True,tracker,1143,1143,3.0,3.0,0.5431120802060855,0.5561526490808607,True,mass_volume_step,Pos5,ch06
1159,False,tracker,1157,1161,3.0,3.0,0.6310504231087042,0.6272023340893339,False,no_local_step_at_candidate,Pos5,ch06
1161,False,tracker,1157,1161,3.0,3.0,0.6310504231087042,0.6272023340893339,False,no_local_step_at_candidate,Pos5,ch06
1165,True,tracker,1165,1165,1.0,3.0,,,False,insufficient_good_points,Pos5,ch06
1165,False,recovered,1162,1165,,,0.6027172826180605,0.5651719706230401,True,persistent_step_between_good_measurements,Pos5,ch06
1185,False,tracker,1185,1185,3.0,3.0,1.209394998885947,1.092636105106796,False,no_supported_step,Pos5,ch06
1187,False,tracker,1187,1187,3.0,3.0,1.209394998885947,1.092636105106796,False,no_supported_step,Pos5,ch06
1191,True,tracker,1191,1191,3.0,3.0,0.5173694464647592,0.5444152148341356,True,mass_volume_step,Pos5,ch06
1202,False,tracker,1202,1202,3.0,1.0,,,False,insufficient_good_points,Pos5,ch06
16,True,tracker,16,16,3.0,3.0,0.5188946198834156,0.5216274258798197,True,mass_volume_step,Pos7,ch04
37,True,tracker,37,37,3.0,3.0,0.5396267918169202,0.530739730707976,True,mass_volume_step,Pos7,ch04
60,True,tracker,60,60,3.0,3.0,0.4832190370464404,0.4891778806573484,True,mass_volume_step,Pos7,ch04
84,True,tracker,84,84,3.0,3.0,0.5194495280032054,0.5313138770014687,True,mass_volume_step,Pos7,ch04
110,True,tracker,110,110,3.0,3.0,0.46548174259702546,0.4698125474302583,True,mass_volume_step,Pos7,ch04
138,True,tracker,138,138,3.0,3.0,0.5981394434898901,0.6579998167564396,True,mass_volume_step,Pos7,ch04
160,True,tracker,160,160,3.0,3.0,0.5274114734359658,0.49711083470195055,True,mass_volume_step,Pos7,ch04
185,True,tracker,185,185,3.0,3.0,0.5257360994699787,0.5494487338290639,True,mass_volume_step,Pos7,ch04
208,True,tracker,208,208,3.0,3.0,0.45721513393815794,0.4372181248710321,True,mass_volume_step,Pos7,ch04
231,True,tracker,231,231,3.0,3.0,0.5047882097685984,0.5397113516343299,True,mass_volume_step,Pos7,ch04
258,True,tracker,258,258,3.0,3.0,0.5162237329933146,0.5064557038264618,True,mass_volume_step,Pos7,ch04
282,True,tracker,282,282,3.0,3.0,0.5562454086432882,0.5499293721370956,True,mass_volume_step,Pos7,ch04
305,True,tracker,305,305,3.0,3.0,0.5089733164244284,0.4843679280231607,True,mass_volume_step,Pos7,ch04
328,True,tracker,328,328,3.0,3.0,0.5164384253640163,0.5443064499449858,True,mass_volume_step,Pos7,ch04
359,True,tracker,359,359,3.0,3.0,0.5088531295289239,0.5292593596117957,True,mass_volume_step,Pos7,ch04
380,True,tracker,380,380,3.0,3.0,0.5143130503358557,0.5358414759760999,True,mass_volume_step,Pos7,ch04
405,True,tracker,405,405,3.0,3.0,0.5146508513116433,0.49873387555864634,True,mass_volume_step,Pos7,ch04
426,True,tracker,426,426,3.0,3.0,0.49523337549265434,0.46864893009521374,True,mass_volume_step,Pos7,ch04
453,True,tracker,453,453,3.0,3.0,0.49526425432119414,0.48644554299357046,True,mass_volume_step,Pos7,ch04
479,True,tracker,479,479,3.0,3.0,0.48759095573315325,0.49829994271337485,True,mass_volume_step,Pos7,ch04
504,True,tracker,504,504,3.0,3.0,0.560318340929381,0.5771339428809755,True,mass_volume_step,Pos7,ch04
525,True,tracker,525,525,3.0,3.0,0.510400451213391,0.5146960226524364,True,mass_volume_step,Pos7,ch04
553,True,tracker,553,553,3.0,3.0,0.48222073073202065,0.49994296522500276,True,mass_volume_step,Pos7,ch04
575,True,tracker,575,575,3.0,3.0,0.5467405360215507,0.5450170574238635,True,mass_volume_step,Pos7,ch04
597,True,tracker,597,597,3.0,3.0,0.5008812639238381,0.4910037415598561,True,mass_volume_step,Pos7,ch04
623,True,tracker,623,623,3.0,3.0,0.5363771926096457,0.5494033949896342,True,mass_volume_step,Pos7,ch04
644,True,tracker,644,644,3.0,3.0,0.5102134445909755,0.526027072231863,True,mass_volume_step,Pos7,ch04
668,True,tracker,668,668,3.0,3.0,0.505307847158491,0.5002567856329642,True,mass_volume_step,Pos7,ch04
697,True,tracker,697,697,3.0,3.0,0.5062223883856742,0.5100683490552629,True,mass_volume_step,Pos7,ch04
717,True,tracker,717,717,3.0,3.0,0.5103424428375926,0.4783785160423133,True,mass_volume_step,Pos7,ch04
743,True,tracker,743,743,3.0,3.0,0.48960523386796856,0.4795279977252463,True,mass_volume_step,Pos7,ch04
765,True,tracker,765,765,3.0,3.0,0.4875110740227424,0.4696641031661795,True,mass_volume_step,Pos7,ch04
793,True,tracker,793,793,3.0,3.0,0.5085432611714537,0.5064508754593309,True,mass_volume_step,Pos7,ch04
820,True,tracker,820,820,3.0,3.0,0.5271762466743953,0.5563413811229877,True,mass_volume_step,Pos7,ch04
843,True,tracker,843,843,3.0,3.0,0.5095757457327234,0.5106099709877897,True,mass_volume_step,Pos7,ch04
864,True,tracker,864,864,3.0,3.0,0.47524730379670477,0.468150417470271,True,mass_volume_step,Pos7,ch04
895,True,tracker,895,895,3.0,3.0,0.5308405934410098,0.5284552602839196,True,mass_volume_step,Pos7,ch04
918,True,tracker,918,918,3.0,3.0,0.5148677104427698,0.4643225372889261,True,mass_volume_step,Pos7,ch04
944,True,tracker,944,944,3.0,3.0,0.49966625544532245,0.5245171015066099,True,mass_volume_step,Pos7,ch04
966,True,tracker,966,966,3.0,3.0,0.5234644484635755,0.5172294988303671,True,mass_volume_step,Pos7,ch04
992,True,tracker,992,992,3.0,3.0,0.5017551763539811,0.5044293631213466,True,mass_volume_step,Pos7,ch04
1017,True,tracker,1017,1017,3.0,3.0,0.526167357222782,0.503154917405078,True,mass_volume_step,Pos7,ch04
1043,True,tracker,1043,1043,3.0,3.0,0.5258579035977304,0.5121718589390457,True,mass_volume_step,Pos7,ch04
1066,True,tracker,1066,1066,3.0,3.0,0.5032201918540651,0.4872915559597583,True,mass_volume_step,Pos7,ch04
1090,True,tracker,1090,1090,3.0,3.0,0.5123675348711968,0.49852452230842076,True,mass_volume_step,Pos7,ch04
1113,True,tracker,1113,1113,3.0,3.0,0.5037964800743846,0.48789279284781845,True,mass_volume_step,Pos7,ch04
1142,True,tracker,1142,1142,3.0,3.0,0.5142543655947392,0.5532952848463055,True,mass_volume_step,Pos7,ch04
1176,True,tracker,1176,1176,3.0,3.0,0.5087069938391661,0.5244509756498575,True,mass_volume_step,Pos7,ch04
1197,True,tracker,1197,1197,3.0,3.0,0.5025884571826177,0.5317025363107655,True,mass_volume_step,Pos7,ch04
14,True,tracker,14,14,3.0,3.0,0.561276755685889,0.5461545466056449,True,mass_volume_step,Pos8,ch05
44,True,tracker,44,44,3.0,3.0,0.5267739197820455,0.4844789575742466,True,mass_volume_step,Pos8,ch05
71,True,tracker,71,71,3.0,3.0,0.529560171721907,0.5462477720203157,True,mass_volume_step,Pos8,ch05
94,True,tracker,94,94,3.0,3.0,0.5191413090359501,0.5280120011978513,True,mass_volume_step,Pos8,ch05
119,True,tracker,119,119,3.0,3.0,0.5268328891630961,0.5370107729953115,True,mass_volume_step,Pos8,ch05
150,True,tracker,150,150,3.0,3.0,0.5459251119888849,0.5246122863774354,True,mass_volume_step,Pos8,ch05
172,True,tracker,172,172,3.0,3.0,0.5699461840538624,0.5970358548084016,True,mass_volume_step,Pos8,ch05
195,True,tracker,195,195,3.0,3.0,0.534572606336257,0.49924028614069854,True,mass_volume_step,Pos8,ch05
217,True,tracker,217,217,3.0,3.0,0.5305979304762368,0.5122757243806423,True,mass_volume_step,Pos8,ch05
245,True,tracker,245,245,3.0,3.0,0.5218512546347093,0.5335294806935909,True,mass_volume_step,Pos8,ch05
272,True,tracker,272,272,3.0,3.0,0.5637846529433681,0.5661089649710749,True,mass_volume_step,Pos8,ch05
298,True,tracker,298,298,3.0,3.0,0.5513379751163285,0.5797537483530034,True,mass_volume_step,Pos8,ch05
323,True,tracker,323,323,3.0,3.0,0.544343127004029,0.5640466544221167,True,mass_volume_step,Pos8,ch05
347,True,tracker,347,347,3.0,3.0,0.5285755970604707,0.5382616889630748,True,mass_volume_step,Pos8,ch05
368,True,tracker,368,368,3.0,3.0,0.5872165721639772,0.6164506421037607,True,mass_volume_step,Pos8,ch05
394,True,tracker,394,394,3.0,3.0,0.4938762568115407,0.5204466371350416,True,mass_volume_step,Pos8,ch05
420,True,tracker,420,420,3.0,3.0,0.5510067103375275,0.5931358286969046,True,mass_volume_step,Pos8,ch05
446,True,tracker,446,446,3.0,3.0,0.5662574540476042,0.5932552367734806,True,mass_volume_step,Pos8,ch05
473,True,tracker,473,473,3.0,3.0,0.5393991864546847,0.4946396302880392,True,mass_volume_step,Pos8,ch05
498,True,tracker,498,498,3.0,3.0,0.5639884043657111,0.5622368456684278,True,mass_volume_step,Pos8,ch05
518,True,tracker,518,518,3.0,3.0,0.534407847690198,0.49092824200864527,True,mass_volume_step,Pos8,ch05
544,True,tracker,544,544,3.0,3.0,0.538744577989833,0.5160726729390879,True,mass_volume_step,Pos8,ch05
564,True,tracker,564,564,3.0,3.0,0.5506564399795738,0.5453872974741725,True,mass_volume_step,Pos8,ch05
593,True,tracker,593,593,3.0,3.0,0.5540167890472245,0.5539646830317239,True,mass_volume_step,Pos8,ch05
617,True,tracker,617,617,3.0,3.0,0.5565000223550173,0.5703850641983798,True,mass_volume_step,Pos8,ch05
642,True,tracker,642,642,3.0,3.0,0.5568166922841792,0.5231215640445942,True,mass_volume_step,Pos8,ch05
664,True,tracker,663,664,3.0,3.0,0.5604106988295954,0.5327754952631777,True,mass_volume_step,Pos8,ch05
688,True,tracker,688,688,3.0,3.0,0.5372655401468626,0.5465406449483505,True,mass_volume_step,Pos8,ch05
715,True,tracker,715,715,3.0,3.0,0.5694219492705214,0.553245896492116,True,mass_volume_step,Pos8,ch05
741,True,tracker,741,741,3.0,3.0,0.5552277751195763,0.5714255060839373,True,mass_volume_step,Pos8,ch05
763,True,tracker,763,763,3.0,3.0,0.535865795595953,0.5237534239582077,True,mass_volume_step,Pos8,ch05
786,True,tracker,786,786,3.0,3.0,0.5428160645253661,0.5329912881600811,True,mass_volume_step,Pos8,ch05
816,True,tracker,816,816,3.0,3.0,0.5173408517312891,0.5178058249260336,True,mass_volume_step,Pos8,ch05
837,True,tracker,837,837,3.0,3.0,0.5525509898041316,0.498124932870247,True,mass_volume_step,Pos8,ch05
865,True,tracker,865,865,3.0,3.0,0.5315349740679934,0.5390019087534176,True,mass_volume_step,Pos8,ch05
889,True,tracker,889,889,3.0,3.0,0.5233007682192361,0.5251669765049483,True,mass_volume_step,Pos8,ch05
912,True,tracker,912,912,3.0,3.0,0.5259817914932496,0.5143617407238901,True,mass_volume_step,Pos8,ch05
938,True,tracker,938,938,3.0,3.0,0.5507222406888072,0.523641214983164,True,mass_volume_step,Pos8,ch05
961,True,tracker,961,961,3.0,3.0,0.556383882392807,0.5489122366048378,True,mass_volume_step,Pos8,ch05
987,True,tracker,987,987,3.0,3.0,0.5631580961932574,0.5868007645530606,True,mass_volume_step,Pos8,ch05
1013,True,tracker,1013,1013,3.0,3.0,0.5490129885137928,0.5433064106786714,True,mass_volume_step,Pos8,ch05
1036,False,recovered,1035,1036,,,0.5680944604804894,0.5434872383298732,True,persistent_step_between_good_measurements,Pos8,ch05
1062,True,tracker,1062,1062,3.0,3.0,0.5661591022335635,0.5657057581672226,True,mass_volume_step,Pos8,ch05
1081,True,tracker,1081,1081,3.0,3.0,0.5274402584005493,0.523579674083964,True,mass_volume_step,Pos8,ch05
1104,True,tracker,1104,1104,3.0,3.0,0.5747799925335884,0.5849306936940095,True,mass_volume_step,Pos8,ch05
1135,True,tracker,1135,1135,3.0,3.0,0.5431978165969858,0.5295608824954682,True,mass_volume_step,Pos8,ch05
1158,True,tracker,1158,1158,3.0,3.0,0.5492415757976554,0.5197293515219081,True,mass_volume_step,Pos8,ch05
1185,True,tracker,1185,1185,3.0,3.0,0.5452718170002594,0.5280674317699203,True,mass_volume_step,Pos8,ch05
10,True,tracker,10,10,3.0,3.0,0.5213954430498814,0.5835426050293763,True,mass_volume_step,Pos8,ch09
33,True,tracker,33,33,3.0,3.0,0.519740685515586,0.5446884227306684,True,mass_volume_step,Pos8,ch09
57,True,tracker,57,57,3.0,3.0,0.5563364915749802,0.5506032084444644,True,mass_volume_step,Pos8,ch09
85,True,tracker,85,85,3.0,3.0,0.4637299549059949,0.47634894778538117,True,mass_volume_step,Pos8,ch09
107,True,tracker,107,107,3.0,3.0,0.5243436005517137,0.5630917237283234,True,mass_volume_step,Pos8,ch09
135,True,tracker,135,135,3.0,3.0,0.49503461387053765,0.5730352397240995,True,mass_volume_step,Pos8,ch09
164,True,tracker,164,164,3.0,3.0,0.4660049217881959,0.5136631728884774,True,mass_volume_step,Pos8,ch09
184,True,tracker,184,184,3.0,3.0,0.5165376896175798,0.5390582530413688,True,mass_volume_step,Pos8,ch09
209,True,tracker,209,209,3.0,3.0,0.504438725883402,0.5350551594951516,True,mass_volume_step,Pos8,ch09
233,True,tracker,233,233,3.0,3.0,0.49338487928340313,0.5634220523980344,True,mass_volume_step,Pos8,ch09
256,False,tracker,256,256,3.0,3.0,1.1846698169421028,1.1697599962464753,False,no_supported_step,Pos8,ch09
264,True,tracker,264,264,3.0,3.0,0.4834586811244623,0.49679218166446354,True,mass_volume_step,Pos8,ch09
287,True,tracker,287,287,3.0,3.0,0.5483875398267953,0.558721985068454,True,mass_volume_step,Pos8,ch09
312,True,tracker,312,312,3.0,3.0,0.5253100879385157,0.5340594068638927,True,mass_volume_step,Pos8,ch09
337,True,tracker,337,337,3.0,3.0,0.4697255295020594,0.4926657243692684,True,mass_volume_step,Pos8,ch09
364,True,tracker,364,364,3.0,3.0,0.485789676054984,0.5284346582706366,True,mass_volume_step,Pos8,ch09
391,True,tracker,391,391,3.0,3.0,0.44762496749560043,0.4922496682205549,True,mass_volume_step,Pos8,ch09
1138,False,tracker,1138,1138,3.0,3.0,0.9966658982595806,0.9698803009921825,False,no_supported_step,Pos8,ch09
1139,True,tracker,1139,1139,3.0,3.0,0.9966658982595806,0.9698803009921825,False,no_supported_step,Pos8,ch09
1163,False,tracker,1163,1163,3.0,3.0,1.0135593635912057,0.9930523997331306,False,no_supported_step,Pos8,ch09
1166,False,tracker,1166,1166,3.0,3.0,1.0153705294763584,0.9602321391078886,False,no_supported_step,Pos8,ch09
1170,False,tracker,1170,1170,3.0,3.0,1.0296011719260134,0.9868261720133424,False,no_supported_step,Pos8,ch09
1182,True,tracker,1182,1182,3.0,3.0,0.6326608639271551,0.6106128227142307,True,mass_volume_step,Pos8,ch09
1186,True,tracker,1186,1186,3.0,3.0,0.6120783628744016,0.6537526513657437,True,mass_volume_step,Pos8,ch09
1192,False,tracker,1192,1194,3.0,3.0,0.40390227939702744,0.39244613591467675,False,duplicate_good_measurement_step,Pos8,ch09
1194,False,tracker,1192,1194,3.0,3.0,0.40390227939702744,0.39244613591467675,True,mass_volume_step,Pos8,ch09
1198,False,tracker,1198,1198,3.0,3.0,1.1831927217635931,1.14088904682128,False,no_supported_step,Pos8,ch09
11,True,tracker,11,11,3.0,3.0,0.4976505754198418,0.5006391434917684,True,mass_volume_step,Pos9,ch05
30,True,tracker,30,30,3.0,3.0,0.5282312674202501,0.5233488819346697,True,mass_volume_step,Pos9,ch05
55,True,tracker,55,55,3.0,3.0,0.5194520356032974,0.546839300131026,True,mass_volume_step,Pos9,ch05
78,True,tracker,78,78,3.0,3.0,0.5078995836554729,0.5139876082261653,True,mass_volume_step,Pos9,ch05
104,True,tracker,104,104,3.0,3.0,0.5114546921344877,0.5065072869644793,True,mass_volume_step,Pos9,ch05
128,True,tracker,128,128,3.0,3.0,0.5326137470409663,0.5680634315842764,True,mass_volume_step,Pos9,ch05
153,True,tracker,153,153,3.0,3.0,0.5004772919888365,0.49390546807335933,True,mass_volume_step,Pos9,ch05
180,True,tracker,180,180,3.0,3.0,0.47047152462582725,0.4530316951133811,True,mass_volume_step,Pos9,ch05
208,True,tracker,208,208,3.0,3.0,0.5324452221326313,0.5448585709860521,True,mass_volume_step,Pos9,ch05
236,True,tracker,236,236,3.0,3.0,0.5033940459945355,0.5122461651632287,True,mass_volume_step,Pos9,ch05
258,True,tracker,258,258,3.0,3.0,0.4991592594878088,0.47424621223949465,True,mass_volume_step,Pos9,ch05
287,True,tracker,287,287,3.0,3.0,0.48709834160670296,0.545238602922154,True,mass_volume_step,Pos9,ch05
312,True,tracker,312,312,3.0,3.0,0.5164053466935998,0.515532878359764,True,mass_volume_step,Pos9,ch05
336,True,tracker,336,336,3.0,3.0,0.45695729002559066,0.4502270415750107,True,mass_volume_step,Pos9,ch05
370,True,tracker,370,370,3.0,3.0,0.5050530316873615,0.5136092778980607,True,mass_volume_step,Pos9,ch05
390,True,tracker,390,390,3.0,3.0,0.49912656085729423,0.49166778429153174,True,mass_volume_step,Pos9,ch05
420,True,tracker,420,420,3.0,3.0,0.5007699818453727,0.48413514898602306,True,mass_volume_step,Pos9,ch05
448,True,tracker,448,448,3.0,3.0,0.48654788878458277,0.4935822405922829,True,mass_volume_step,Pos9,ch05
464,False,tracker,464,464,3.0,3.0,1.1509415357704857,1.1749249452102188,False,no_supported_step,Pos9,ch05
479,True,tracker,479,479,3.0,3.0,0.47382707942167424,0.4578422678107629,True,mass_volume_step,Pos9,ch05
499,True,tracker,499,499,3.0,3.0,0.5146484731647282,0.4977689905439548,True,mass_volume_step,Pos9,ch05
526,True,tracker,526,526,3.0,3.0,0.4711891034514839,0.47394651768791646,True,mass_volume_step,Pos9,ch05
556,True,tracker,556,556,3.0,3.0,0.48522025159725846,0.5054831826021109,True,mass_volume_step,Pos9,ch05
582,True,tracker,582,582,3.0,3.0,0.48901356802938145,0.5205674968186084,True,mass_volume_step,Pos9,ch05
605,True,tracker,605,605,3.0,3.0,0.5000133258041969,0.4665311493439392,True,mass_volume_step,Pos9,ch05
631,True,tracker,631,631,3.0,3.0,0.5395936911503437,0.5546417794374584,True,mass_volume_step,Pos9,ch05
653,True,tracker,653,653,3.0,3.0,0.5248421675069114,0.5710634734974595,True,mass_volume_step,Pos9,ch05
677,True,tracker,677,677,3.0,3.0,0.5125487418927686,0.5415796582715143,True,mass_volume_step,Pos9,ch05
706,True,tracker,706,706,3.0,3.0,0.5101218268755674,0.5317627292634691,True,mass_volume_step,Pos9,ch05
727,True,tracker,727,727,3.0,3.0,0.5291592485827425,0.5587497490577202,True,mass_volume_step,Pos9,ch05
751,True,tracker,751,751,3.0,3.0,0.5189033680717835,0.5241135176754189,True,mass_volume_step,Pos9,ch05
775,True,tracker,775,775,3.0,3.0,0.5074758584379896,0.5394432951043724,True,mass_volume_step,Pos9,ch05
802,True,tracker,802,802,3.0,3.0,0.5122699646078567,0.5484311327993985,True,mass_volume_step,Pos9,ch05
828,True,tracker,828,828,3.0,3.0,0.4897213144039961,0.47926211051611145,True,mass_volume_step,Pos9,ch05
857,True,tracker,857,857,3.0,3.0,0.5230464916632366,0.5309192223598442,True,mass_volume_step,Pos9,ch05
880,True,tracker,880,880,3.0,3.0,0.5200339435949264,0.5249068605468092,True,mass_volume_step,Pos9,ch05
908,True,tracker,908,908,3.0,3.0,0.49996544973142326,0.4785256695021413,True,mass_volume_step,Pos9,ch05
934,True,tracker,934,934,3.0,3.0,0.48345592682608984,0.47908909583798037,True,mass_volume_step,Pos9,ch05
960,True,tracker,960,960,3.0,3.0,0.5289671494455057,0.5707278714899444,True,mass_volume_step,Pos9,ch05
983,True,tracker,983,983,3.0,3.0,0.5005259344438847,0.4870165712532908,True,mass_volume_step,Pos9,ch05
1007,True,tracker,1007,1007,3.0,3.0,0.5211455821912087,0.5112874217859,True,mass_volume_step,Pos9,ch05
1020,False,tracker,1020,1020,3.0,3.0,1.2400813547036857,1.238280568204449,False,no_supported_step,Pos9,ch05
1023,False,tracker,1023,1023,3.0,3.0,1.2376869745404542,1.253815323711554,False,no_supported_step,Pos9,ch05
1033,True,tracker,1033,1033,3.0,3.0,0.47527502922680315,0.4425522183588949,True,mass_volume_step,Pos9,ch05
1058,True,tracker,1058,1058,3.0,3.0,0.5119971170231441,0.5129820945872264,True,mass_volume_step,Pos9,ch05
1075,False,tracker,1075,1075,3.0,1.0,,,False,insufficient_good_points,Pos9,ch05
1077,False,tracker,1071,1077,2.0,3.0,0.7439427377182839,0.6655914727365572,False,no_local_step_at_candidate,Pos9,ch05
1083,True,tracker,1083,1083,1.0,3.0,,,False,insufficient_good_points,Pos9,ch05
1084,False,recovered,1078,1084,,,0.7346276296067946,0.6589182042197778,True,persistent_step_between_good_measurements,Pos9,ch05
1111,False,tracker,1111,1111,3.0,3.0,1.1081745829057763,1.074187451946751,False,no_supported_step,Pos9,ch05
1115,True,tracker,1115,1115,3.0,3.0,0.5020434819193257,0.4879889897909834,True,mass_volume_step,Pos9,ch05
1135,True,tracker,1135,1135,3.0,3.0,0.5050097666159118,0.5324622200037875,True,mass_volume_step,Pos9,ch05
1167,True,tracker,1167,1167,3.0,3.0,0.49570032638464007,0.47267379955811306,True,mass_volume_step,Pos9,ch05
1197,True,tracker,1197,1197,3.0,3.0,0.5212948459628319,0.530748677584272,True,mass_volume_step,Pos9,ch05
23,True,tracker,23,23,3.0,3.0,0.5285172855414166,0.5334716673664742,True,mass_volume_step,Pos10,ch02
42,True,tracker,42,42,3.0,3.0,0.5290242729808162,0.5356631184781255,True,mass_volume_step,Pos10,ch02
63,True,tracker,63,63,3.0,3.0,0.491705268829614,0.5144914776986607,True,mass_volume_step,Pos10,ch02
96,True,tracker,96,96,3.0,3.0,0.48875749656896844,0.48093370350656467,True,mass_volume_step,Pos10,ch02
122,True,tracker,122,122,3.0,3.0,0.48055823285905375,0.45131689864394087,True,mass_volume_step,Pos10,ch02
152,True,tracker,152,152,3.0,3.0,0.5005347459692489,0.5217697140333702,True,mass_volume_step,Pos10,ch02
180,True,tracker,180,180,3.0,3.0,0.5065735985871381,0.49827466359035977,True,mass_volume_step,Pos10,ch02
201,True,tracker,201,201,3.0,3.0,0.5104406198782759,0.5876378064771447,True,mass_volume_step,Pos10,ch02
222,True,tracker,222,222,3.0,3.0,0.5166648956541489,0.5474940248412731,True,mass_volume_step,Pos10,ch02
248,True,tracker,248,248,3.0,3.0,0.48715691553009155,0.5019859164611639,True,mass_volume_step,Pos10,ch02
276,True,tracker,276,276,3.0,3.0,0.48191596759044475,0.5273839477167969,True,mass_volume_step,Pos10,ch02
301,True,tracker,301,301,3.0,3.0,0.49128729068943255,0.5313640926521112,True,mass_volume_step,Pos10,ch02
325,True,tracker,325,325,3.0,3.0,0.5096005048671428,0.580728420656671,True,mass_volume_step,Pos10,ch02
354,True,tracker,354,354,3.0,3.0,0.4830855295579829,0.5146262851446308,True,mass_volume_step,Pos10,ch02
380,True,tracker,380,380,3.0,3.0,0.4858805733984324,0.4974447903551375,True,mass_volume_step,Pos10,ch02
407,True,tracker,407,407,3.0,3.0,0.5014958094674851,0.5389414837830835,True,mass_volume_step,Pos10,ch02
433,True,tracker,433,433,3.0,3.0,0.5073199855825037,0.497646760322845,True,mass_volume_step,Pos10,ch02
462,True,tracker,462,462,3.0,3.0,0.5495810108508014,0.6294785693607781,True,mass_volume_step,Pos10,ch02
485,True,tracker,485,485,3.0,3.0,0.5261826789187064,0.5796423446773994,True,mass_volume_step,Pos10,ch02
510,True,tracker,510,510,3.0,3.0,0.5085501080167483,0.4803461380581083,True,mass_volume_step,Pos10,ch02
535,True,tracker,535,535,3.0,3.0,0.5212196892309752,0.5310889477881353,True,mass_volume_step,Pos10,ch02
564,True,tracker,564,564,3.0,3.0,0.5076702416674449,0.5103760964869112,True,mass_volume_step,Pos10,ch02
584,True,tracker,584,584,3.0,3.0,0.4960289994357057,0.49465913646081006,True,mass_volume_step,Pos10,ch02
610,True,tracker,610,610,3.0,3.0,0.5279213560096027,0.5027213202396982,True,mass_volume_step,Pos10,ch02
637,True,tracker,637,637,3.0,3.0,0.5643542487765832,0.6180146097259166,True,mass_volume_step,Pos10,ch02
658,True,tracker,658,658,3.0,3.0,0.514905676302652,0.4937008495712504,True,mass_volume_step,Pos10,ch02
685,True,tracker,685,685,3.0,3.0,0.5038004186301662,0.506987664217092,True,mass_volume_step,Pos10,ch02
706,True,tracker,706,706,3.0,3.0,0.5422149984311055,0.5227825082813965,True,mass_volume_step,Pos10,ch02
786,True,tracker,786,786,3.0,3.0,0.5796230807834454,0.5955312247167448,True,mass_volume_step,Pos10,ch02
1077,False,tracker,1077,1077,3.0,3.0,1.003174165948019,1.0151692808240993,False,no_supported_step,Pos10,ch02
1087,False,tracker,1087,1087,3.0,3.0,1.0060456186594724,1.0409721228326823,False,no_supported_step,Pos10,ch02
1091,True,tracker,1091,1091,3.0,3.0,0.9973068251575816,0.9668477461459066,False,no_supported_step,Pos10,ch02
1103,True,tracker,1103,1103,3.0,3.0,1.007509600670376,1.013039515897508,False,no_supported_step,Pos10,ch02
1157,False,tracker,1157,1157,3.0,3.0,1.0093460896505242,1.0217275514334625,False,no_supported_step,Pos10,ch02
1180,False,tracker,1180,1180,3.0,3.0,1.2377833949105503,1.3278283976464023,False,no_supported_step,Pos10,ch02
7,True,tracker,7,7,3.0,3.0,0.5733673583457152,0.5374947049449307,True,mass_volume_step,Pos10,ch03
30,True,tracker,30,30,3.0,3.0,0.560899348088072,0.5236295220744249,True,mass_volume_step,Pos10,ch03
61,True,tracker,61,61,3.0,3.0,0.5416659426901539,0.5848175682883802,True,mass_volume_step,Pos10,ch03
80,True,tracker,80,80,3.0,3.0,0.5584262994273775,0.567350114708782,True,mass_volume_step,Pos10,ch03
100,True,tracker,100,100,3.0,3.0,0.5487207413203696,0.5090882411309932,True,mass_volume_step,Pos10,ch03
126,True,tracker,126,126,3.0,3.0,0.5345029358517261,0.5336951613900299,True,mass_volume_step,Pos10,ch03
152,True,tracker,152,152,3.0,3.0,0.5494735752041738,0.5500956452645799,True,mass_volume_step,Pos10,ch03
180,True,tracker,180,180,3.0,3.0,0.5263812528106696,0.5558402597106848,True,mass_volume_step,Pos10,ch03
200,True,tracker,200,200,3.0,3.0,0.5682623643400503,0.5012925343296996,True,mass_volume_step,Pos10,ch03
221,True,tracker,221,221,3.0,3.0,0.5568698110008274,0.5342901391265826,True,mass_volume_step,Pos10,ch03
248,True,tracker,248,248,3.0,3.0,0.5364125454375943,0.5263251273348057,True,mass_volume_step,Pos10,ch03
275,True,tracker,275,275,3.0,3.0,0.5403552042997234,0.5422625203350175,True,mass_volume_step,Pos10,ch03
298,True,tracker,298,298,3.0,3.0,0.5146582118775752,0.5478628193712635,True,mass_volume_step,Pos10,ch03
322,True,tracker,322,322,3.0,3.0,0.5321716030557719,0.5620324902931595,True,mass_volume_step,Pos10,ch03
346,True,tracker,346,346,3.0,3.0,0.559659672221066,0.6053110743329415,True,mass_volume_step,Pos10,ch03
370,True,tracker,370,370,3.0,3.0,0.5687562286724123,0.5475773178693131,True,mass_volume_step,Pos10,ch03
392,True,tracker,392,392,3.0,3.0,0.50166895399688,0.49186834500340826,True,mass_volume_step,Pos10,ch03
417,True,tracker,417,417,3.0,3.0,0.5370254653013409,0.5519680660849945,True,mass_volume_step,Pos10,ch03
444,True,tracker,444,444,3.0,3.0,0.5447888282964315,0.5610484636165782,True,mass_volume_step,Pos10,ch03
464,True,tracker,464,464,3.0,3.0,0.5322997325959082,0.5251158421262098,True,mass_volume_step,Pos10,ch03
493,True,tracker,493,493,3.0,3.0,0.5247787517062751,0.5309885019923264,True,mass_volume_step,Pos10,ch03
523,True,tracker,523,523,3.0,3.0,0.5631404592409974,0.5872053757801712,True,mass_volume_step,Pos10,ch03
544,True,tracker,544,544,3.0,3.0,0.5664473827137637,0.5691071478833001,True,mass_volume_step,Pos10,ch03
569,True,tracker,569,569,3.0,3.0,0.5643320458753366,0.5406598879956825,True,mass_volume_step,Pos10,ch03
592,True,tracker,592,592,3.0,3.0,0.5531337969570639,0.5314425000979904,True,mass_volume_step,Pos10,ch03
614,True,tracker,614,614,3.0,3.0,0.5290950552470296,0.5352423125918451,True,mass_volume_step,Pos10,ch03
633,True,tracker,633,633,3.0,3.0,0.543855597254822,0.5282485790328131,True,mass_volume_step,Pos10,ch03
659,True,tracker,659,659,3.0,3.0,0.5459018141477688,0.5582111115872451,True,mass_volume_step,Pos10,ch03
687,True,tracker,687,687,3.0,3.0,0.5099365912351594,0.5294206818055787,True,mass_volume_step,Pos10,ch03
712,True,tracker,712,712,3.0,3.0,0.5389822822288224,0.5211987168173748,True,mass_volume_step,Pos10,ch03
738,True,tracker,738,738,3.0,3.0,0.5130081198433041,0.49192522036828884,True,mass_volume_step,Pos10,ch03
761,True,tracker,761,761,3.0,3.0,0.5106068660819617,0.4781892097810953,True,mass_volume_step,Pos10,ch03
783,True,tracker,783,783,3.0,3.0,0.5333861098305696,0.5038493682728833,True,mass_volume_step,Pos10,ch03
809,True,tracker,809,809,3.0,3.0,0.5512087017233731,0.51658716827583,True,mass_volume_step,Pos10,ch03
836,True,tracker,836,836,3.0,3.0,0.5065715484004116,0.49443885260545567,True,mass_volume_step,Pos10,ch03
859,True,tracker,859,859,3.0,3.0,0.5194650593254287,0.5191122960573782,True,mass_volume_step,Pos10,ch03
898,True,tracker,898,898,3.0,3.0,0.5939765299659572,0.5487473642343277,True,mass_volume_step,Pos10,ch03
19,True,tracker,19,19,3.0,3.0,0.46469731037026674,0.487478610765836,True,mass_volume_step,Pos11,ch04
43,True,tracker,43,43,3.0,3.0,0.4988049791003325,0.5455077056244748,True,mass_volume_step,Pos11,ch04
69,False,recovered,66,69,,,0.5385132637762178,0.5311046111697154,True,persistent_step_between_good_measurements,Pos11,ch04
96,True,tracker,96,96,3.0,3.0,0.4854557449033722,0.5215259605023737,True,mass_volume_step,Pos11,ch04
125,True,tracker,125,125,3.0,3.0,0.5195697734845834,0.528215262747649,True,mass_volume_step,Pos11,ch04
146,True,tracker,146,146,3.0,3.0,0.5182743242919827,0.5425037075073185,True,mass_volume_step,Pos11,ch04
170,True,tracker,170,170,3.0,3.0,0.4960984089472065,0.5052171388229593,True,mass_volume_step,Pos11,ch04
196,True,tracker,196,196,3.0,3.0,0.49604487757143345,0.506624830090556,True,mass_volume_step,Pos11,ch04
221,True,tracker,221,221,3.0,3.0,0.4951304575709363,0.529419551264249,True,mass_volume_step,Pos11,ch04
241,False,tracker,241,241,3.0,3.0,1.1667159426221305,1.1168351619170522,False,no_supported_step,Pos11,ch04
245,True,tracker,245,245,3.0,3.0,0.48078243886445604,0.4730003488340503,True,mass_volume_step,Pos11,ch04
273,True,tracker,273,273,3.0,3.0,0.4791704145746143,0.473403150996711,True,mass_volume_step,Pos11,ch04
296,True,tracker,296,296,3.0,3.0,0.4880866104891645,0.5137168753940884,True,mass_volume_step,Pos11,ch04
323,True,tracker,323,323,3.0,3.0,0.4842073621277928,0.49403625413716123,True,mass_volume_step,Pos11,ch04
350,True,tracker,350,350,3.0,3.0,0.4780114913482384,0.5034525107669268,True,mass_volume_step,Pos11,ch04
373,True,tracker,373,373,3.0,3.0,0.5084999791693567,0.4985702135530781,True,mass_volume_step,Pos11,ch04
403,True,tracker,403,403,3.0,3.0,0.5023330307020564,0.5109237394544947,True,mass_volume_step,Pos11,ch04
430,True,tracker,430,430,3.0,3.0,0.47442886250399585,0.4710746371200725,True,mass_volume_step,Pos11,ch04
456,True,tracker,456,456,3.0,3.0,0.5111744351280693,0.5447246632681979,True,mass_volume_step,Pos11,ch04
485,True,tracker,485,485,3.0,3.0,0.49141704377302925,0.526798286807737,True,mass_volume_step,Pos11,ch04
508,True,tracker,508,508,3.0,3.0,0.5305510238884672,0.5545126427459618,True,mass_volume_step,Pos11,ch04
531,True,tracker,531,531,3.0,3.0,0.5141699182640262,0.5270824062506843,True,mass_volume_step,Pos11,ch04
554,True,tracker,554,554,3.0,3.0,0.5006668639611223,0.518019782736391,True,mass_volume_step,Pos11,ch04
579,True,tracker,579,579,3.0,3.0,0.49933975848640566,0.5155466197667579,True,mass_volume_step,Pos11,ch04
601,True,tracker,601,601,3.0,3.0,0.5061939853575501,0.5080202755590276,True,mass_volume_step,Pos11,ch04
625,True,tracker,625,625,3.0,3.0,0.4999204045269757,0.5330362529027243,True,mass_volume_step,Pos11,ch04
652,True,tracker,652,652,3.0,3.0,0.5138166418061051,0.5473713881068009,True,mass_volume_step,Pos11,ch04
670,True,tracker,670,670,3.0,3.0,0.5510899450856372,0.5379637854444904,True,mass_volume_step,Pos11,ch04
697,True,tracker,697,697,3.0,3.0,0.4854407475427805,0.5021193160260625,True,mass_volume_step,Pos11,ch04
723,True,tracker,723,723,3.0,3.0,0.49138420461610377,0.4802164660809945,True,mass_volume_step,Pos11,ch04
749,True,tracker,749,749,3.0,3.0,0.4887863143840455,0.5241944270962767,True,mass_volume_step,Pos11,ch04
772,True,tracker,772,772,3.0,3.0,0.49671640389573496,0.49660513947517076,True,mass_volume_step,Pos11,ch04
800,True,tracker,800,800,3.0,3.0,0.460456269194284,0.5023396671801085,True,mass_volume_step,Pos11,ch04
829,True,tracker,829,829,3.0,3.0,0.49750238563022364,0.530794228483948,True,mass_volume_step,Pos11,ch04
853,True,tracker,853,853,3.0,3.0,0.48745618585789535,0.49948051882585076,True,mass_volume_step,Pos11,ch04
875,True,tracker,875,875,3.0,3.0,0.4961937561547794,0.5246841920002575,True,mass_volume_step,Pos11,ch04
897,True,tracker,897,897,3.0,3.0,0.5032277989049929,0.5164464848459664,True,mass_volume_step,Pos11,ch04
928,True,tracker,928,928,3.0,3.0,0.4927848794225239,0.5526150259503653,True,mass_volume_step,Pos11,ch04
947,True,tracker,947,947,3.0,3.0,0.5428937240710014,0.5407738663842541,True,mass_volume_step,Pos11,ch04
976,True,tracker,976,976,3.0,3.0,0.49086893804520315,0.5073480231979098,True,mass_volume_step,Pos11,ch04
999,True,tracker,999,999,3.0,3.0,0.5067382948451609,0.4980374040977395,True,mass_volume_step,Pos11,ch04
1016,False,tracker,1016,1016,3.0,3.0,1.1594257601531184,1.1984945374057003,False,no_supported_step,Pos11,ch04
1023,True,tracker,1023,1023,3.0,3.0,0.4609167682056428,0.47280410481694246,True,mass_volume_step,Pos11,ch04
1050,True,tracker,1050,1050,3.0,3.0,0.5357638839166808,0.577489648324905,True,mass_volume_step,Pos11,ch04
1076,True,tracker,1076,1076,3.0,3.0,0.4746000922798128,0.47915055879536655,True,mass_volume_step,Pos11,ch04
1093,False,tracker,1093,1093,3.0,3.0,1.1637711400500819,1.1699995738533338,False,no_supported_step,Pos11,ch04
1102,True,tracker,1100,1103,3.0,3.0,0.5464808164632822,0.5480337195656538,True,mass_volume_step,Pos11,ch04
1127,True,tracker,1127,1127,3.0,3.0,0.4822157966447201,0.4582765330268215,True,mass_volume_step,Pos11,ch04
1156,True,tracker,1156,1156,3.0,3.0,0.5110964364621018,0.5128778298123172,True,mass_volume_step,Pos11,ch04
1181,True,tracker,1181,1181,3.0,3.0,0.4673415476368945,0.47826183959812496,True,mass_volume_step,Pos11,ch04
26,True,tracker,26,26,3.0,3.0,0.5135332481706255,0.5182207539657773,True,mass_volume_step,Pos11,ch05
49,True,tracker,49,49,3.0,3.0,0.4969661719136026,0.5015313082005508,True,mass_volume_step,Pos11,ch05
76,True,tracker,76,76,3.0,3.0,0.5004205021952542,0.514747979353129,True,mass_volume_step,Pos11,ch05
98,True,tracker,98,98,3.0,3.0,0.5468519411092789,0.6156019051238186,True,mass_volume_step,Pos11,ch05
128,True,tracker,128,128,3.0,3.0,0.5476705284776657,0.6178159951642826,True,mass_volume_step,Pos11,ch05
151,True,tracker,151,151,3.0,3.0,0.5020186595909014,0.5415600565105697,True,mass_volume_step,Pos11,ch05
176,True,tracker,176,176,3.0,3.0,0.5047184049247665,0.5253909443105914,True,mass_volume_step,Pos11,ch05
200,True,tracker,200,200,3.0,3.0,0.5037670043363518,0.5507331852690832,True,mass_volume_step,Pos11,ch05
223,True,tracker,223,223,3.0,3.0,0.5087928197844813,0.5315544921911904,True,mass_volume_step,Pos11,ch05
249,True,tracker,249,249,3.0,3.0,0.5294402341802034,0.565215915096121,True,mass_volume_step,Pos11,ch05
275,True,tracker,275,275,3.0,3.0,0.5306055206833677,0.5475152218719707,True,mass_volume_step,Pos11,ch05
306,True,tracker,306,306,3.0,3.0,0.5121566630399391,0.48708222007754126,True,mass_volume_step,Pos11,ch05
326,True,tracker,326,326,3.0,3.0,0.5276257727070132,0.5383582690315155,True,mass_volume_step,Pos11,ch05
349,True,tracker,349,349,3.0,3.0,0.48804854953709514,0.5427655492565231,True,mass_volume_step,Pos11,ch05
377,True,tracker,377,377,3.0,3.0,0.5331058408377147,0.5765472865279642,True,mass_volume_step,Pos11,ch05
401,True,tracker,401,401,3.0,3.0,0.5280625169873592,0.5472314867393916,True,mass_volume_step,Pos11,ch05
426,True,tracker,426,426,3.0,3.0,0.5235789860562516,0.5372635021239134,True,mass_volume_step,Pos11,ch05
452,True,tracker,452,452,3.0,3.0,0.5352467692770936,0.572242585934383,True,mass_volume_step,Pos11,ch05
473,True,tracker,473,473,3.0,3.0,0.5648181998510184,0.5871938862996987,True,mass_volume_step,Pos11,ch05
498,True,tracker,498,498,3.0,3.0,0.5105719414717915,0.5323056071568316,True,mass_volume_step,Pos11,ch05
520,True,tracker,520,520,3.0,3.0,0.49755878567167916,0.5187961668134824,True,mass_volume_step,Pos11,ch05
546,True,tracker,546,546,3.0,3.0,0.515626448305558,0.565793235773568,True,mass_volume_step,Pos11,ch05
571,True,tracker,571,571,3.0,3.0,0.5044884969881183,0.5530533685891643,True,mass_volume_step,Pos11,ch05
599,True,tracker,599,599,3.0,3.0,0.47609322037830415,0.49178570114211534,True,mass_volume_step,Pos11,ch05
628,True,tracker,628,628,3.0,3.0,0.5703473990624266,0.5973133397094806,True,mass_volume_step,Pos11,ch05
650,True,tracker,650,650,3.0,3.0,0.48927629596910927,0.523587779593101,True,mass_volume_step,Pos11,ch05
676,True,tracker,676,676,3.0,3.0,0.5084018611333959,0.5380460253871928,True,mass_volume_step,Pos11,ch05
698,True,tracker,698,698,3.0,3.0,0.4964586998903299,0.5157942522464424,True,mass_volume_step,Pos11,ch05
725,True,tracker,725,725,3.0,3.0,0.5138008776533325,0.47501040393377014,True,mass_volume_step,Pos11,ch05
758,True,tracker,758,758,3.0,3.0,0.5001590902972887,0.5491735753601642,True,mass_volume_step,Pos11,ch05
781,True,tracker,781,781,3.0,3.0,0.5173358385730729,0.5403641004175358,True,mass_volume_step,Pos11,ch05
806,True,tracker,806,806,3.0,3.0,0.49681745498197677,0.5214115990227728,True,mass_volume_step,Pos11,ch05
825,False,tracker,825,825,3.0,3.0,1.1186692825480788,1.157785175217059,False,no_supported_step,Pos11,ch05
833,True,tracker,833,833,3.0,3.0,0.5279864364117915,0.5500433292871939,True,mass_volume_step,Pos11,ch05
862,False,recovered,860,862,,,0.5641203713447632,0.5540500583763269,True,persistent_step_between_good_measurements,Pos11,ch05
878,False,tracker,878,878,3.0,3.0,1.191064976035486,1.0403941709856368,False,no_supported_step,Pos11,ch05
880,False,tracker,880,880,3.0,3.0,1.191064976035486,1.0403941709856368,False,no_supported_step,Pos11,ch05
884,True,tracker,884,884,3.0,3.0,0.48720737191895025,0.5714943725821766,True,mass_volume_step,Pos11,ch05
909,False,recovered,908,909,,,0.5399596039995974,0.5703941692465802,True,persistent_step_between_good_measurements,Pos11,ch05
936,True,tracker,936,936,3.0,3.0,0.5749877007510741,0.6537867246573844,True,mass_volume_step,Pos11,ch05
965,True,tracker,965,965,3.0,3.0,0.510445326561127,0.5305159152512426,True,mass_volume_step,Pos11,ch05
987,True,tracker,987,987,3.0,3.0,0.5017083719597498,0.5230496882745519,True,mass_volume_step,Pos11,ch05
1016,True,tracker,1016,1016,3.0,3.0,0.535733713915921,0.5773845516905156,True,mass_volume_step,Pos11,ch05
1043,True,tracker,1043,1043,3.0,3.0,0.5026811003333432,0.5064295315467591,True,mass_volume_step,Pos11,ch05
1067,True,tracker,1067,1067,3.0,3.0,0.5049429663164233,0.4830071495762276,True,mass_volume_step,Pos11,ch05
1103,True,tracker,1103,1103,3.0,3.0,0.5175498476220786,0.5058444849695019,True,mass_volume_step,Pos11,ch05
1131,True,tracker,1131,1131,3.0,3.0,0.5377716541625982,0.5429413325683571,True,mass_volume_step,Pos11,ch05
1153,True,tracker,1153,1153,3.0,3.0,0.4857058875231922,0.5006921809144604,True,mass_volume_step,Pos11,ch05
1183,True,tracker,1183,1183,3.0,3.0,0.5322249397380506,0.5814964514010721,True,mass_volume_step,Pos11,ch05
17,False,recovered,16,17,,,0.2800793141382886,0.2830960333354493,True,persistent_step_between_good_measurements,Pos12,ch01
42,True,tracker,42,42,3.0,3.0,0.5310448461439571,0.5259273220578287,True,mass_volume_step,Pos12,ch01
69,True,tracker,69,69,3.0,3.0,0.5076932879134368,0.4989690655827551,True,mass_volume_step,Pos12,ch01
90,True,tracker,90,90,3.0,3.0,0.5769456248933433,0.5979242952239049,True,mass_volume_step,Pos12,ch01
115,True,tracker,115,115,3.0,3.0,0.5273682381753884,0.5200376617973499,True,mass_volume_step,Pos12,ch01
141,False,recovered,140,141,,,0.5437543185825575,0.5644418173897662,True,persistent_step_between_good_measurements,Pos12,ch01
165,True,tracker,165,165,3.0,3.0,0.5635651353350016,0.569903471115899,True,mass_volume_step,Pos12,ch01
190,True,tracker,190,190,3.0,3.0,0.5029965171844264,0.5120565745954918,True,mass_volume_step,Pos12,ch01
214,True,tracker,214,214,3.0,3.0,0.5303627117187796,0.507955450161379,True,mass_volume_step,Pos12,ch01
240,True,tracker,240,240,3.0,3.0,0.5118232672575633,0.5242586378090301,True,mass_volume_step,Pos12,ch01
270,True,tracker,270,270,3.0,3.0,0.53344397334395,0.5404524174208013,True,mass_volume_step,Pos12,ch01
294,True,tracker,294,294,3.0,3.0,0.5324355283653357,0.5218249931907712,True,mass_volume_step,Pos12,ch01
316,True,tracker,316,316,3.0,3.0,0.5161937879255734,0.49710262620533807,True,mass_volume_step,Pos12,ch01
341,True,tracker,341,341,3.0,3.0,0.5532599082219131,0.5753327001695497,True,mass_volume_step,Pos12,ch01
364,True,tracker,364,364,3.0,3.0,0.5638527328149047,0.6083479346948143,True,mass_volume_step,Pos12,ch01
393,True,tracker,393,393,3.0,3.0,0.5371616611628914,0.5469327940903848,True,mass_volume_step,Pos12,ch01
414,True,tracker,414,414,3.0,3.0,0.5747678789544292,0.5817038537111842,True,mass_volume_step,Pos12,ch01
438,True,tracker,438,438,3.0,3.0,0.49439614018077926,0.4920521662800502,True,mass_volume_step,Pos12,ch01
466,True,tracker,466,466,3.0,3.0,0.5392003614622398,0.4973436222241042,True,mass_volume_step,Pos12,ch01
490,True,tracker,490,490,3.0,3.0,0.5137052894180483,0.5060226249189027,True,mass_volume_step,Pos12,ch01
515,True,tracker,515,515,3.0,3.0,0.5468855601386176,0.5531363440557185,True,mass_volume_step,Pos12,ch01
538,True,tracker,538,540,3.0,3.0,0.5488327564445804,0.5137345377494936,True,mass_volume_step,Pos12,ch01
557,False,tracker,557,557,3.0,2.0,1.1845496525616723,1.219989312352975,False,no_supported_step,Pos12,ch01
566,True,tracker,561,567,2.0,3.0,0.6494740612372178,0.7670063308525668,True,mass_volume_step,Pos12,ch01
595,True,tracker,595,595,3.0,3.0,0.534764694805532,0.5228054788007254,True,mass_volume_step,Pos12,ch01
614,True,tracker,614,614,3.0,3.0,0.530787877167791,0.5334258338977469,True,mass_volume_step,Pos12,ch01
638,True,tracker,638,638,3.0,3.0,0.48968347943232887,0.5108470525967658,True,mass_volume_step,Pos12,ch01
661,True,tracker,661,661,3.0,3.0,0.5261890796775615,0.5229168917968243,True,mass_volume_step,Pos12,ch01
698,True,tracker,698,698,3.0,3.0,0.48086385477810856,0.5107023955724684,True,mass_volume_step,Pos12,ch01
723,True,tracker,723,723,3.0,3.0,0.5708742917521166,0.5625460260283908,True,mass_volume_step,Pos12,ch01
752,True,tracker,752,752,3.0,3.0,0.5607323089047042,0.5646149512205915,True,mass_volume_step,Pos12,ch01
773,True,tracker,773,773,3.0,3.0,0.5568828450795277,0.5324793692393571,True,mass_volume_step,Pos12,ch01
792,True,tracker,792,792,3.0,3.0,0.5276628067670102,0.5226635893692395,True,mass_volume_step,Pos12,ch01
815,True,tracker,815,815,3.0,3.0,0.5311464507472691,0.5155538385808037,True,mass_volume_step,Pos12,ch01
839,True,tracker,839,839,3.0,3.0,0.5224162208037424,0.5251809699853079,True,mass_volume_step,Pos12,ch01
864,True,tracker,864,864,3.0,3.0,0.5131072384801049,0.5236750074065599,True,mass_volume_step,Pos12,ch01
901,True,tracker,901,901,3.0,3.0,0.5005893943881361,0.498290164298476,True,mass_volume_step,Pos12,ch01
922,True,tracker,922,922,3.0,3.0,0.4730662032906718,0.4710151567991399,True,mass_volume_step,Pos12,ch01
948,True,tracker,948,948,3.0,3.0,0.48879304356948666,0.48500942211395226,True,mass_volume_step,Pos12,ch01
974,False,tracker,974,974,3.0,3.0,1.0605292440985177,1.002508900024022,False,no_supported_step,Pos12,ch01
976,True,tracker,976,976,3.0,3.0,0.591769270727359,0.6153158757738737,True,mass_volume_step,Pos12,ch01
997,True,tracker,997,997,3.0,3.0,0.499033250843325,0.5055362850841759,True,mass_volume_step,Pos12,ch01
1028,True,tracker,1028,1028,3.0,3.0,0.5098977588053006,0.5323298779376459,True,mass_volume_step,Pos12,ch01
1049,True,tracker,1049,1049,3.0,3.0,0.5233668662822989,0.5167284811460379,True,mass_volume_step,Pos12,ch01
1077,True,tracker,1077,1077,3.0,3.0,0.5185956451920058,0.5161939581127601,True,mass_volume_step,Pos12,ch01
1104,True,tracker,1104,1104,3.0,3.0,0.536579198892269,0.54699135289801,True,mass_volume_step,Pos12,ch01
1129,True,tracker,1129,1129,3.0,3.0,0.5289176204769579,0.5026959302350474,True,mass_volume_step,Pos12,ch01
1161,True,tracker,1161,1161,3.0,3.0,0.5367544763715726,0.5190993868052315,True,mass_volume_step,Pos12,ch01
1183,True,tracker,1183,1183,3.0,3.0,0.5145481033117519,0.5084646772177628,True,mass_volume_step,Pos12,ch01
18,True,tracker,18,18,3.0,3.0,0.498409032164844,0.5444693841967861,True,mass_volume_step,Pos12,ch03
42,True,tracker,42,42,3.0,3.0,0.49774339434124487,0.48903240362891653,True,mass_volume_step,Pos12,ch03
78,True,tracker,78,78,3.0,3.0,0.5226432700687383,0.5544822307991746,True,mass_volume_step,Pos12,ch03
95,True,tracker,95,95,3.0,3.0,0.520922621563705,0.5952032475658074,True,mass_volume_step,Pos12,ch03
119,False,recovered,116,119,,,0.5527881424138231,0.5278203318933601,True,persistent_step_between_good_measurements,Pos12,ch03
142,True,tracker,142,142,3.0,3.0,0.5632961382087759,0.6298101195299924,True,mass_volume_step,Pos12,ch03
165,True,tracker,165,165,3.0,3.0,0.5319459374209624,0.5663589447177305,True,mass_volume_step,Pos12,ch03
192,True,tracker,192,192,3.0,3.0,0.5128493998530671,0.5309995030193029,True,mass_volume_step,Pos12,ch03
215,True,tracker,215,215,3.0,3.0,0.5196066536989373,0.5597324780977248,True,mass_volume_step,Pos12,ch03
243,True,tracker,243,243,3.0,3.0,0.522504764835626,0.5686678039909323,True,mass_volume_step,Pos12,ch03
263,True,tracker,263,263,3.0,3.0,1.3128073227929495,1.2124289274454247,False,no_supported_step,Pos12,ch03
268,True,tracker,268,268,3.0,3.0,0.5064635765353821,0.5262976287226369,True,mass_volume_step,Pos12,ch03
296,True,tracker,296,296,3.0,3.0,0.4979488314645198,0.5148523236871562,True,mass_volume_step,Pos12,ch03
321,True,tracker,321,321,3.0,3.0,0.5403672314896956,0.6035425563273883,True,mass_volume_step,Pos12,ch03
346,True,tracker,346,346,3.0,3.0,0.47624087794551845,0.502396275116558,True,mass_volume_step,Pos12,ch03
372,True,tracker,372,372,3.0,3.0,0.47160595746663175,0.5112955004108163,True,mass_volume_step,Pos12,ch03
400,True,tracker,400,400,3.0,3.0,0.46508873839322823,0.49739090379891104,True,mass_volume_step,Pos12,ch03
426,True,tracker,426,426,3.0,3.0,0.550947241340638,0.5766855693000884,True,mass_volume_step,Pos12,ch03
453,True,tracker,453,453,3.0,3.0,0.5128889189247305,0.5587667627978173,True,mass_volume_step,Pos12,ch03
478,True,tracker,478,478,3.0,3.0,0.5067232070336386,0.5449269288907852,True,mass_volume_step,Pos12,ch03
502,True,tracker,502,502,3.0,3.0,0.4699904924341323,0.5083147335470195,True,mass_volume_step,Pos12,ch03
530,True,tracker,530,530,3.0,3.0,0.47065881707111895,0.4998450181621211,True,mass_volume_step,Pos12,ch03
557,True,tracker,557,557,3.0,3.0,0.566858508005334,0.7234907264870102,True,mass_volume_step,Pos12,ch03
1180,False,tracker,1180,1180,3.0,3.0,0.9973137886475585,1.030203465213925,False,no_supported_step,Pos12,ch03
15,True,tracker,15,15,3.0,3.0,0.5098531534575399,0.5113413961568403,True,mass_volume_step,Pos12,ch04
39,True,tracker,39,39,3.0,3.0,0.5184093876464902,0.5538056803400473,True,mass_volume_step,Pos12,ch04
64,True,tracker,64,64,3.0,3.0,0.4846590157306732,0.5020137817731031,True,mass_volume_step,Pos12,ch04
87,True,tracker,87,87,3.0,3.0,0.4746848908052818,0.44748144407092033,True,mass_volume_step,Pos12,ch04
115,True,tracker,115,115,3.0,3.0,0.48763637256915704,0.47878703442932596,True,mass_volume_step,Pos12,ch04
145,True,tracker,145,145,3.0,3.0,0.5050019644379139,0.518463129229321,True,mass_volume_step,Pos12,ch04
171,True,tracker,171,171,3.0,3.0,0.5132932800126837,0.5494708955893534,True,mass_volume_step,Pos12,ch04
193,True,tracker,193,193,3.0,3.0,0.5053892235340527,0.5261416164018267,True,mass_volume_step,Pos12,ch04
219,True,tracker,219,219,3.0,3.0,0.5175834928629055,0.5498776643688071,True,mass_volume_step,Pos12,ch04
246,True,tracker,246,246,3.0,3.0,0.4944003802753929,0.5190145796891764,True,mass_volume_step,Pos12,ch04
280,True,tracker,280,280,3.0,3.0,0.4879925390087577,0.49179300754540484,True,mass_volume_step,Pos12,ch04
302,True,tracker,302,302,3.0,3.0,0.5452709524919822,0.5292693498679867,True,mass_volume_step,Pos12,ch04
328,True,tracker,328,328,3.0,3.0,0.4930836015998439,0.5273737004966554,True,mass_volume_step,Pos12,ch04
355,True,tracker,355,355,3.0,3.0,0.5358442906953241,0.5580425355499695,True,mass_volume_step,Pos12,ch04
379,True,tracker,379,379,3.0,3.0,0.5096463654710928,0.5355026968357612,True,mass_volume_step,Pos12,ch04
403,True,tracker,403,403,3.0,3.0,0.5000490332016909,0.514988478796297,True,mass_volume_step,Pos12,ch04
429,True,tracker,429,429,3.0,3.0,0.5318904052815464,0.5650339138368246,True,mass_volume_step,Pos12,ch04
455,True,tracker,455,455,3.0,3.0,0.541933464889961,0.5689122068196849,True,mass_volume_step,Pos12,ch04
484,True,tracker,484,484,3.0,3.0,0.5190368185186822,0.49325126178914136,True,mass_volume_step,Pos12,ch04
506,True,tracker,506,506,3.0,3.0,0.5073282328407215,0.49033051705125186,True,mass_volume_step,Pos12,ch04
535,True,tracker,535,535,3.0,3.0,0.505778069586878,0.5084434104487995,True,mass_volume_step,Pos12,ch04
559,True,tracker,554,560,3.0,3.0,0.6578417195512201,0.6371800352865009,True,mass_volume_step,Pos12,ch04
8,True,tracker,8,8,3.0,3.0,0.4709828805117553,0.48044678076916864,True,mass_volume_step,Pos12,ch10
34,True,tracker,34,34,3.0,3.0,0.48368285436841535,0.5117167540506931,True,mass_volume_step,Pos12,ch10
58,True,tracker,58,58,3.0,3.0,0.44771354703978034,0.46428666355900394,True,mass_volume_step,Pos12,ch10
86,True,tracker,86,86,3.0,3.0,0.4614757618203989,0.5393465186970553,True,mass_volume_step,Pos12,ch10
113,True,tracker,113,113,3.0,3.0,0.47308927411870777,0.5229708841870379,True,mass_volume_step,Pos12,ch10
139,True,tracker,139,139,3.0,3.0,0.42512124273476537,0.46661644332640817,True,mass_volume_step,Pos12,ch10
167,True,tracker,167,167,3.0,3.0,0.487775387995789,0.5712314850094437,True,mass_volume_step,Pos12,ch10
192,True,tracker,192,192,3.0,3.0,0.4932480393720253,0.5504408258389426,True,mass_volume_step,Pos12,ch10
218,True,tracker,218,218,3.0,3.0,0.4854897928877274,0.5435950297716606,True,mass_volume_step,Pos12,ch10
243,True,tracker,243,243,3.0,3.0,0.492394736987142,0.59925259988552,True,mass_volume_step,Pos12,ch10
289,True,tracker,289,289,3.0,3.0,0.4438880422616752,0.5348834992482255,True,mass_volume_step,Pos12,ch10
19,True,tracker,19,19,3.0,3.0,0.48358968288398857,0.5018730763337457,True,mass_volume_step,Pos13,ch01
42,True,tracker,42,42,3.0,3.0,0.45829886244388496,0.5169645040791955,True,mass_volume_step,Pos13,ch01
70,False,tracker,70,70,3.0,3.0,1.1325970101733238,1.0834316647752762,False,no_supported_step,Pos13,ch01
74,True,tracker,74,74,3.0,3.0,0.46909024190225074,0.5035552646417332,True,mass_volume_step,Pos13,ch01
96,False,tracker,95,97,3.0,3.0,0.5556623962033481,0.5815355203061251,False,no_local_step_at_candidate,Pos13,ch01
98,True,tracker,98,98,3.0,3.0,0.5551176986692627,0.5585124400716389,True,mass_volume_step,Pos13,ch01
125,True,tracker,125,125,3.0,3.0,0.4907466532566899,0.5163574877387239,True,mass_volume_step,Pos13,ch01
147,True,tracker,147,147,3.0,3.0,0.5230835040995973,0.5583298906673052,True,mass_volume_step,Pos13,ch01
174,True,tracker,174,174,3.0,3.0,0.46635706056109943,0.4596745258754833,True,mass_volume_step,Pos13,ch01
199,True,tracker,199,199,3.0,3.0,0.5015689707229821,0.5489531439297146,True,mass_volume_step,Pos13,ch01
237,True,tracker,237,237,3.0,3.0,0.5281907318478412,0.5748805113359476,True,mass_volume_step,Pos13,ch01
259,True,tracker,259,259,3.0,3.0,0.5025738089458631,0.5197034997640743,True,mass_volume_step,Pos13,ch01
279,True,tracker,279,279,3.0,3.0,0.5076236961615297,0.5567531237280248,True,mass_volume_step,Pos13,ch01
304,True,tracker,304,304,3.0,3.0,0.48649387505459935,0.5150220012841494,True,mass_volume_step,Pos13,ch01
331,True,tracker,331,331,3.0,3.0,0.5036872373219171,0.5352749065763457,True,mass_volume_step,Pos13,ch01
352,True,tracker,352,352,3.0,3.0,0.5071536084605983,0.5583053702464671,True,mass_volume_step,Pos13,ch01
376,True,tracker,376,376,3.0,3.0,0.4951862418932855,0.5306439781310539,True,mass_volume_step,Pos13,ch01
405,True,tracker,405,405,3.0,3.0,0.5137434688154935,0.5785490630130704,True,mass_volume_step,Pos13,ch01
429,True,tracker,429,429,3.0,3.0,0.48323151887017485,0.5076650735810494,True,mass_volume_step,Pos13,ch01
453,True,tracker,453,453,3.0,3.0,0.45842933910074285,0.48014948174477584,True,mass_volume_step,Pos13,ch01
479,True,tracker,479,479,3.0,3.0,0.45889216618728385,0.47254379232144134,True,mass_volume_step,Pos13,ch01
504,True,tracker,504,504,3.0,3.0,0.4946836771731483,0.5027304424082892,True,mass_volume_step,Pos13,ch01
534,True,tracker,534,534,3.0,3.0,0.47478077272350383,0.5197565179105649,True,mass_volume_step,Pos13,ch01
561,True,tracker,561,561,3.0,3.0,0.4989740817438313,0.5213040236829072,True,mass_volume_step,Pos13,ch01
582,True,tracker,582,582,3.0,3.0,0.523897504504426,0.5481387135579406,True,mass_volume_step,Pos13,ch01
605,True,tracker,605,605,3.0,3.0,0.5179587245273223,0.5281721391769287,True,mass_volume_step,Pos13,ch01
634,True,tracker,634,634,3.0,3.0,0.4970976856617593,0.5338735622522203,True,mass_volume_step,Pos13,ch01
656,True,tracker,656,656,3.0,3.0,0.4657605027341185,0.46304109964386614,True,mass_volume_step,Pos13,ch01
684,True,tracker,684,684,3.0,3.0,0.4935678997861841,0.5550153090898547,True,mass_volume_step,Pos13,ch01
708,True,tracker,708,708,3.0,3.0,0.4814877789764599,0.5162600340600253,True,mass_volume_step,Pos13,ch01
732,True,tracker,732,732,3.0,3.0,0.4799476180991295,0.5088598660746432,True,mass_volume_step,Pos13,ch01
762,True,tracker,762,762,3.0,3.0,0.4785944411197975,0.5157447916587217,True,mass_volume_step,Pos13,ch01
789,True,tracker,789,789,3.0,3.0,0.4947388803297456,0.5148350849062094,True,mass_volume_step,Pos13,ch01
807,False,tracker,807,807,3.0,3.0,1.1180389057696978,1.1014371996166703,False,no_supported_step,Pos13,ch01
819,True,tracker,819,819,3.0,3.0,0.5204933249472489,0.5374137455536763,True,mass_volume_step,Pos13,ch01
841,True,tracker,841,841,3.0,3.0,0.5022987601233876,0.53154605573094,True,mass_volume_step,Pos13,ch01
863,True,tracker,863,863,3.0,3.0,0.5137560267654672,0.5605101723798603,True,mass_volume_step,Pos13,ch01
890,True,tracker,890,890,3.0,3.0,0.5110469211285523,0.5282520851344138,True,mass_volume_step,Pos13,ch01
906,False,tracker,906,906,3.0,3.0,1.2582539570619824,1.2193089747743189,False,no_supported_step,Pos13,ch01
908,False,tracker,908,908,3.0,3.0,1.2582539570619824,1.2193089747743189,False,no_supported_step,Pos13,ch01
915,True,tracker,915,915,3.0,3.0,0.4871749970394951,0.5343905742144436,True,mass_volume_step,Pos13,ch01
935,True,tracker,935,935,3.0,3.0,1.2322502532898476,1.1671763800337465,False,no_supported_step,Pos13,ch01
938,True,tracker,938,938,3.0,3.0,0.5148732647927455,0.5522627120583384,True,mass_volume_step,Pos13,ch01
966,True,tracker,966,966,3.0,3.0,0.497934212296432,0.5320645499547108,True,mass_volume_step,Pos13,ch01
990,True,tracker,990,990,3.0,3.0,0.49324249324861025,0.5241358132694882,True,mass_volume_step,Pos13,ch01
1011,True,tracker,1011,1011,3.0,3.0,0.49842584425725484,0.5142316126310374,True,mass_volume_step,Pos13,ch01
1037,True,tracker,1037,1037,3.0,3.0,0.4618431675212569,0.5108507733777988,True,mass_volume_step,Pos13,ch01
1064,True,tracker,1064,1064,3.0,3.0,0.4877500045107965,0.5033273019270823,True,mass_volume_step,Pos13,ch01
1092,True,tracker,1092,1092,3.0,3.0,0.520950304165943,0.5467576817237995,True,mass_volume_step,Pos13,ch01
1119,True,tracker,1119,1119,3.0,3.0,0.48134430426363717,0.5336445909120435,True,mass_volume_step,Pos13,ch01
1144,True,tracker,1144,1144,3.0,3.0,0.5050955691308022,0.5470307292259675,True,mass_volume_step,Pos13,ch01
1167,True,tracker,1167,1167,3.0,3.0,0.4830665969501172,0.546309143025232,True,mass_volume_step,Pos13,ch01
1191,True,tracker,1191,1191,3.0,3.0,0.4659957992994745,0.5116870554062465,True,mass_volume_step,Pos13,ch01
23,True,tracker,23,23,3.0,3.0,0.4874525400197414,0.5334245417441222,True,mass_volume_step,Pos13,ch04
47,True,tracker,47,47,3.0,3.0,0.5443680952460874,0.5656406767663366,True,mass_volume_step,Pos13,ch04
72,True,tracker,72,72,3.0,3.0,0.47962833740883626,0.51019223760971,True,mass_volume_step,Pos13,ch04
97,True,tracker,97,97,3.0,3.0,0.5059783668358213,0.5467869454200635,True,mass_volume_step,Pos13,ch04
123,True,tracker,123,123,3.0,3.0,0.5122533949718634,0.5568989629066299,True,mass_volume_step,Pos13,ch04
147,True,tracker,147,147,3.0,3.0,0.5248711845714644,0.5936457646812464,True,mass_volume_step,Pos13,ch04
174,True,tracker,174,174,3.0,3.0,0.50550590682157,0.529810962680345,True,mass_volume_step,Pos13,ch04
196,True,tracker,196,196,3.0,3.0,0.5087774324874929,0.5352437306757092,True,mass_volume_step,Pos13,ch04
220,True,tracker,220,220,3.0,3.0,0.48333567645816167,0.4955282817908792,True,mass_volume_step,Pos13,ch04
248,True,tracker,248,248,3.0,3.0,0.5282103813660178,0.5564495588519449,True,mass_volume_step,Pos13,ch04
271,True,tracker,271,271,3.0,3.0,0.49511196194709517,0.5347899966495103,True,mass_volume_step,Pos13,ch04
298,True,tracker,298,298,3.0,3.0,0.5078546952502537,0.5233387925541138,True,mass_volume_step,Pos13,ch04
325,True,tracker,325,325,3.0,3.0,0.432014910769943,0.47062576043676496,True,mass_volume_step,Pos13,ch04
354,True,tracker,354,354,3.0,3.0,0.4891974632563437,0.4970591707135747,True,mass_volume_step,Pos13,ch04
376,True,tracker,376,376,3.0,3.0,0.4753329621423047,0.478827620642392,True,mass_volume_step,Pos13,ch04
404,True,tracker,404,404,3.0,3.0,0.4682722604747209,0.45898572060535425,True,mass_volume_step,Pos13,ch04
430,True,tracker,430,430,3.0,3.0,0.5363906383127651,0.5374961577433871,True,mass_volume_step,Pos13,ch04
451,True,tracker,451,451,3.0,3.0,0.5068369774293698,0.5313365906989035,True,mass_volume_step,Pos13,ch04
476,True,tracker,476,476,3.0,3.0,0.49538575531065043,0.5680008664148611,True,mass_volume_step,Pos13,ch04
506,True,tracker,506,506,3.0,3.0,0.47258608638522803,0.5010809182921744,True,mass_volume_step,Pos13,ch04
526,True,tracker,526,526,3.0,3.0,0.4625886052346137,0.5118554716128447,True,mass_volume_step,Pos13,ch04
556,True,tracker,556,556,3.0,3.0,0.5237552641962718,0.5646582561128677,True,mass_volume_step,Pos13,ch04
581,True,tracker,581,581,3.0,3.0,0.49379090103988044,0.5426757662623098,True,mass_volume_step,Pos13,ch04
605,True,tracker,605,605,3.0,3.0,0.4453858651744886,0.42958926205892806,True,mass_volume_step,Pos13,ch04
629,True,tracker,629,629,3.0,3.0,0.49094479863015056,0.5053870327807114,True,mass_volume_step,Pos13,ch04
661,True,tracker,661,661,3.0,3.0,0.49682860453745525,0.5140015016565073,True,mass_volume_step,Pos13,ch04
687,True,tracker,687,687,3.0,3.0,0.501694462973416,0.5435264316549727,True,mass_volume_step,Pos13,ch04
713,True,tracker,713,713,3.0,3.0,0.5028685546774218,0.5589099495064083,True,mass_volume_step,Pos13,ch04
741,True,tracker,741,741,3.0,3.0,0.5168442655300339,0.5830769835940453,True,mass_volume_step,Pos13,ch04
765,True,tracker,765,765,3.0,3.0,0.519507307421016,0.572251507301126,True,mass_volume_step,Pos13,ch04
793,True,tracker,793,793,3.0,3.0,0.468982930885,0.4915588578231489,True,mass_volume_step,Pos13,ch04
820,True,tracker,820,820,3.0,3.0,0.5011500926809251,0.5203927570064618,True,mass_volume_step,Pos13,ch04
845,True,tracker,845,845,3.0,3.0,0.5267080852440146,0.5353145158465815,True,mass_volume_step,Pos13,ch04
870,True,tracker,870,870,3.0,3.0,0.4917339900298258,0.5406158885448789,True,mass_volume_step,Pos13,ch04
893,True,tracker,893,893,3.0,3.0,0.47737644821423947,0.48411446158678495,True,mass_volume_step,Pos13,ch04
916,True,tracker,916,916,3.0,3.0,0.45742692376136723,0.48859018158065054,True,mass_volume_step,Pos13,ch04
944,True,tracker,944,944,3.0,3.0,0.523464342467329,0.5765790260972324,True,mass_volume_step,Pos13,ch04
968,True,tracker,968,968,3.0,3.0,0.49143600949566746,0.5155191461099861,True,mass_volume_step,Pos13,ch04
990,True,tracker,990,990,3.0,3.0,0.4981541040516258,0.5219140030912082,True,mass_volume_step,Pos13,ch04
1020,True,tracker,1020,1020,3.0,3.0,0.49130592926308286,0.5273541110379161,True,mass_volume_step,Pos13,ch04
1036,False,tracker,1036,1036,3.0,3.0,1.1624333906469104,1.16998674550272,False,no_supported_step,Pos13,ch04
1049,False,recovered,1048,1049,,,0.5536015630657425,0.5895213958483422,True,persistent_step_between_good_measurements,Pos13,ch04
1070,True,tracker,1070,1070,3.0,3.0,0.5182144794996743,0.5164995772516721,True,mass_volume_step,Pos13,ch04
1097,False,recovered,1096,1097,,,0.5268994275553452,0.5720509434530183,True,persistent_step_between_good_measurements,Pos13,ch04
1121,True,tracker,1121,1121,3.0,3.0,0.5383691686232626,0.5939054011305624,True,mass_volume_step,Pos13,ch04
1153,False,recovered,1152,1153,,,0.5735952298582421,0.6297499488688281,True,persistent_step_between_good_measurements,Pos13,ch04
1169,False,tracker,1169,1169,3.0,2.0,1.2954669294697887,1.1907844892892774,False,no_supported_step,Pos13,ch04
1174,True,tracker,1174,1174,1.0,3.0,,,False,insufficient_good_points,Pos13,ch04
1178,False,recovered,1177,1178,,,0.5447637313300949,0.5784074070069133,True,persistent_step_between_good_measurements,Pos13,ch04
13,True,tracker,13,13,3.0,3.0,0.5198473483634936,0.5631994595106736,True,mass_volume_step,Pos14,ch07
36,True,tracker,36,36,3.0,3.0,0.5251246265872034,0.5938236932031512,True,mass_volume_step,Pos14,ch07
62,True,tracker,62,62,3.0,3.0,0.518865405786797,0.5378890055907953,True,mass_volume_step,Pos14,ch07
89,True,tracker,89,89,3.0,3.0,0.5046867787258179,0.5267625386242196,True,mass_volume_step,Pos14,ch07
111,True,tracker,111,111,3.0,3.0,0.5238511489882323,0.5627534572489605,True,mass_volume_step,Pos14,ch07
136,True,tracker,136,136,3.0,3.0,0.4840273805045434,0.49632711797475787,True,mass_volume_step,Pos14,ch07
167,True,tracker,167,167,3.0,3.0,0.5123470242002196,0.5156014448868456,True,mass_volume_step,Pos14,ch07
183,True,tracker,183,183,3.0,3.0,1.228984937887285,1.1765289854405423,False,no_supported_step,Pos14,ch07
188,True,tracker,188,188,3.0,3.0,0.5110729492485603,0.5232302875084894,True,mass_volume_step,Pos14,ch07
215,True,tracker,215,215,3.0,3.0,0.5114029303736286,0.5418509371432999,True,mass_volume_step,Pos14,ch07
241,True,tracker,241,241,3.0,3.0,0.519065899419081,0.5553665170982924,True,mass_volume_step,Pos14,ch07
265,True,tracker,265,265,3.0,3.0,0.4796962344813468,0.5043352975089301,True,mass_volume_step,Pos14,ch07
288,True,tracker,288,288,3.0,3.0,0.5067221505715398,0.5358585230762521,True,mass_volume_step,Pos14,ch07
316,True,tracker,316,316,3.0,3.0,0.5236208241887764,0.5451771102354356,True,mass_volume_step,Pos14,ch07
340,True,tracker,340,340,3.0,3.0,0.5299801436656311,0.5442801149827545,True,mass_volume_step,Pos14,ch07
367,True,tracker,367,367,3.0,3.0,0.5265929098552646,0.5797017746562751,True,mass_volume_step,Pos14,ch07
387,True,tracker,387,387,3.0,3.0,0.5245663536336616,0.5630373523738856,True,mass_volume_step,Pos14,ch07
410,True,tracker,410,410,3.0,3.0,0.5234731078019138,0.501476098831218,True,mass_volume_step,Pos14,ch07
440,True,tracker,440,440,3.0,3.0,0.4981656951973916,0.5144360220410539,True,mass_volume_step,Pos14,ch07
464,True,tracker,464,464,3.0,3.0,0.5122638317917377,0.5580988216968888,True,mass_volume_step,Pos14,ch07
479,False,tracker,479,479,3.0,3.0,1.1510360286915042,1.152591660395498,False,no_supported_step,Pos14,ch07
484,True,tracker,484,484,3.0,3.0,0.5165276680917743,0.5154484487978819,True,mass_volume_step,Pos14,ch07
510,True,tracker,510,510,3.0,3.0,0.4928396708659551,0.5222326730662171,True,mass_volume_step,Pos14,ch07
544,True,tracker,544,544,3.0,3.0,0.5220951791776578,0.5394486992168886,True,mass_volume_step,Pos14,ch07
562,True,tracker,562,562,3.0,3.0,0.5398833602548885,0.5353177295002152,True,mass_volume_step,Pos14,ch07
589,True,tracker,589,589,3.0,3.0,0.4984616519059905,0.4955433356946097,True,mass_volume_step,Pos14,ch07
611,True,tracker,611,611,3.0,3.0,0.48138464162920286,0.48887680452707677,True,mass_volume_step,Pos14,ch07
641,True,tracker,641,641,3.0,3.0,0.5190109463800243,0.5366808252169324,True,mass_volume_step,Pos14,ch07
663,True,tracker,663,663,3.0,3.0,0.49036804927914396,0.5187586499782101,True,mass_volume_step,Pos14,ch07
688,True,tracker,688,688,3.0,3.0,0.5046152745643399,0.5018525782259109,True,mass_volume_step,Pos14,ch07
719,True,tracker,719,719,3.0,3.0,0.5045777000707299,0.5259944553015365,True,mass_volume_step,Pos14,ch07
746,True,tracker,746,746,3.0,3.0,0.5340402977373392,0.5320667033248905,True,mass_volume_step,Pos14,ch07
772,True,tracker,772,772,3.0,3.0,0.49866007481835073,0.5131398662421361,True,mass_volume_step,Pos14,ch07
799,True,tracker,799,799,3.0,3.0,0.5372250736689065,0.5386570885867775,True,mass_volume_step,Pos14,ch07
821,True,tracker,821,821,3.0,3.0,0.4957520735492215,0.5058536383245724,True,mass_volume_step,Pos14,ch07
844,True,tracker,844,844,3.0,3.0,0.47674755588141704,0.5372175334593995,True,mass_volume_step,Pos14,ch07
872,True,tracker,872,872,3.0,3.0,0.5325945567833599,0.5367335410853985,True,mass_volume_step,Pos14,ch07
897,False,tracker,897,897,3.0,3.0,1.1296540776941302,1.1743839077255223,False,no_supported_step,Pos14,ch07
903,False,tracker,903,903,3.0,3.0,1.3564072282210355,1.3423282013817774,False,no_supported_step,Pos14,ch07
919,True,tracker,919,919,3.0,3.0,0.5191255764418,0.5209605541395722,True,mass_volume_step,Pos14,ch07
948,True,tracker,948,948,3.0,3.0,0.562979428909928,0.5817259315473798,True,mass_volume_step,Pos14,ch07
964,True,tracker,964,964,3.0,3.0,0.5015612463305056,0.5396028034285393,True,mass_volume_step,Pos14,ch07
978,True,tracker,978,978,3.0,3.0,0.5170662344926167,0.5501376927469681,True,mass_volume_step,Pos14,ch07
1004,True,tracker,1004,1004,3.0,3.0,0.4907875240699814,0.5287646883150443,True,mass_volume_step,Pos14,ch07
1032,True,tracker,1032,1032,3.0,3.0,0.5395533612173153,0.5565052257173231,True,mass_volume_step,Pos14,ch07
1051,True,tracker,1051,1051,3.0,3.0,0.5373316190315451,0.5010761151933054,True,mass_volume_step,Pos14,ch07
1065,False,tracker,1065,1065,3.0,3.0,1.2498285896364771,1.151699284547984,False,no_supported_step,Pos14,ch07
1067,False,tracker,1067,1067,3.0,3.0,1.2498285896364771,1.151699284547984,False,no_supported_step,Pos14,ch07
1075,True,tracker,1075,1075,3.0,3.0,0.497517975300482,0.5216797877463712,True,mass_volume_step,Pos14,ch07
1106,True,tracker,1106,1106,3.0,3.0,0.4537942242355391,0.4707479720360193,True,mass_volume_step,Pos14,ch07
1128,True,tracker,1128,1128,3.0,3.0,1.2189064847172,1.1755985371677542,False,no_supported_step,Pos14,ch07
1136,True,tracker,1136,1136,3.0,3.0,0.5041872448549091,0.5586931481942617,True,mass_volume_step,Pos14,ch07
1166,True,tracker,1166,1166,3.0,3.0,0.5238706197867081,0.5559617860973397,True,mass_volume_step,Pos14,ch07
1196,True,tracker,1196,1196,3.0,3.0,0.5222650344978341,0.5444780389606502,True,mass_volume_step,Pos14,ch07
20,True,tracker,20,20,3.0,3.0,0.5324356291316579,0.5653589520484751,True,mass_volume_step,Pos15,ch06
44,True,tracker,44,44,3.0,3.0,0.5015188110954295,0.4996466693164019,True,mass_volume_step,Pos15,ch06
71,True,tracker,71,71,3.0,3.0,0.5150504799208208,0.5019228030641341,True,mass_volume_step,Pos15,ch06
94,True,tracker,94,94,3.0,3.0,0.544754797654369,0.5471695985190235,True,mass_volume_step,Pos15,ch06
116,True,tracker,116,116,3.0,3.0,0.48823625620422145,0.4615286289927495,True,mass_volume_step,Pos15,ch06
147,True,tracker,147,147,3.0,3.0,0.5296461816496588,0.5151192366696667,True,mass_volume_step,Pos15,ch06
173,True,tracker,173,173,3.0,3.0,0.5147517648501526,0.5021060166956323,True,mass_volume_step,Pos15,ch06
196,True,tracker,196,196,3.0,3.0,0.5054126427772451,0.46013920099282274,True,mass_volume_step,Pos15,ch06
223,True,tracker,223,223,3.0,3.0,0.5110253545420008,0.5168543408308544,True,mass_volume_step,Pos15,ch06
247,True,tracker,247,247,3.0,3.0,0.5146485660689195,0.5417860549770277,True,mass_volume_step,Pos15,ch06
271,True,tracker,271,271,3.0,3.0,0.47394559456053487,0.45374351219826703,True,mass_volume_step,Pos15,ch06
296,True,tracker,296,296,3.0,3.0,0.4985065712138316,0.4737869643839784,True,mass_volume_step,Pos15,ch06
319,True,tracker,319,319,3.0,3.0,0.5253558920032132,0.47809208408034926,True,mass_volume_step,Pos15,ch06
345,True,tracker,345,345,3.0,3.0,0.5039305543157013,0.49304090141494844,True,mass_volume_step,Pos15,ch06
374,True,tracker,374,374,3.0,3.0,0.4955410869824137,0.491448043246039,True,mass_volume_step,Pos15,ch06
400,True,tracker,400,400,3.0,3.0,0.4910364489517484,0.45736791128221055,True,mass_volume_step,Pos15,ch06
429,True,tracker,429,429,3.0,3.0,0.5098991506066219,0.5067287453187377,True,mass_volume_step,Pos15,ch06
454,True,tracker,454,454,3.0,3.0,0.5048946359678006,0.5227869158815841,True,mass_volume_step,Pos15,ch06
480,True,tracker,480,480,3.0,3.0,0.49733676790836906,0.48828176274067625,True,mass_volume_step,Pos15,ch06
510,True,tracker,510,510,3.0,3.0,0.4969993857778984,0.5155795514886355,True,mass_volume_step,Pos15,ch06
530,True,tracker,530,530,3.0,3.0,0.5288353157292279,0.5385742940346679,True,mass_volume_step,Pos15,ch06
554,True,tracker,554,554,3.0,3.0,0.5110868333279247,0.45535661242204956,True,mass_volume_step,Pos15,ch06
582,False,recovered,581,582,,,0.5111317948732348,0.543032536925652,True,persistent_step_between_good_measurements,Pos15,ch06
603,True,tracker,603,603,3.0,3.0,0.5154730695786698,0.4879409052642303,True,mass_volume_step,Pos15,ch06
630,True,tracker,630,630,3.0,3.0,0.5294724931410986,0.5387880732846871,True,mass_volume_step,Pos15,ch06
655,True,tracker,655,655,3.0,3.0,0.5207021191908436,0.509261281665241,True,mass_volume_step,Pos15,ch06
679,True,tracker,679,679,3.0,3.0,0.5066184292557547,0.49163252484311526,True,mass_volume_step,Pos15,ch06
702,True,tracker,702,702,3.0,3.0,0.5166466977054621,0.5408887989702922,True,mass_volume_step,Pos15,ch06
733,True,tracker,733,733,3.0,3.0,0.49684875604445555,0.4928908112753604,True,mass_volume_step,Pos15,ch06
754,True,tracker,754,754,3.0,3.0,0.5030370991646891,0.5064950792776065,True,mass_volume_step,Pos15,ch06
778,True,tracker,778,778,3.0,3.0,0.48311209596546456,0.4554990715835066,True,mass_volume_step,Pos15,ch06
804,True,tracker,804,804,3.0,3.0,0.5141443489814888,0.5285271723817404,True,mass_volume_step,Pos15,ch06
831,True,tracker,831,831,3.0,3.0,0.4687062160618755,0.4764601792130588,True,mass_volume_step,Pos15,ch06
858,True,tracker,858,858,3.0,3.0,0.5108073284041207,0.5347970530273763,True,mass_volume_step,Pos15,ch06
891,True,tracker,891,891,3.0,3.0,0.5000996108131369,0.4700566840871135,True,mass_volume_step,Pos15,ch06
914,True,tracker,914,914,3.0,3.0,0.48331562655475774,0.4456298729774727,True,mass_volume_step,Pos15,ch06
940,True,tracker,940,940,3.0,3.0,0.5168322177549345,0.49444161060107455,True,mass_volume_step,Pos15,ch06
965,True,tracker,965,965,3.0,3.0,0.5382468261137416,0.5742421290988241,True,mass_volume_step,Pos15,ch06
989,True,tracker,989,989,3.0,3.0,0.48840244983122566,0.48186012257749666,True,mass_volume_step,Pos15,ch06
1015,True,tracker,1015,1015,3.0,3.0,0.507993513484106,0.4785925004121411,True,mass_volume_step,Pos15,ch06
1037,True,tracker,1037,1037,3.0,3.0,0.5080684575935578,0.48699353930011396,True,mass_volume_step,Pos15,ch06
1067,True,tracker,1067,1067,3.0,3.0,0.5199740798836585,0.5702507223072822,True,mass_volume_step,Pos15,ch06
1087,True,tracker,1087,1087,3.0,3.0,0.5354932050774404,0.5156000705769423,True,mass_volume_step,Pos15,ch06
1111,True,tracker,1111,1111,3.0,3.0,0.48971263753565303,0.4727255987660289,True,mass_volume_step,Pos15,ch06
1138,True,tracker,1138,1138,3.0,3.0,0.4966839325752986,0.5096417145824962,True,mass_volume_step,Pos15,ch06
1168,True,tracker,1168,1168,3.0,3.0,0.5314846390940445,0.5229738506680508,True,mass_volume_step,Pos15,ch06
1198,True,tracker,1198,1198,3.0,3.0,0.5166594480699829,0.49004189371605705,True,mass_volume_step,Pos15,ch06
25,True,tracker,25,25,3.0,3.0,0.4990877596092252,0.5457375046641305,True,mass_volume_step,Pos17,ch09
52,True,tracker,52,52,3.0,3.0,0.5005194624259193,0.523803129857516,True,mass_volume_step,Pos17,ch09
74,True,tracker,74,74,3.0,3.0,0.5554462103824453,0.6148564245360352,True,mass_volume_step,Pos17,ch09
99,True,tracker,99,99,3.0,3.0,0.5356994812678849,0.576854763476882,True,mass_volume_step,Pos17,ch09
120,True,tracker,120,120,3.0,3.0,0.515007889457331,0.5264995549367476,True,mass_volume_step,Pos17,ch09
148,True,tracker,148,148,3.0,3.0,0.5261563457144391,0.5807684794895525,True,mass_volume_step,Pos17,ch09
173,True,tracker,173,173,3.0,3.0,0.5106232507481329,0.5500128313053266,True,mass_volume_step,Pos17,ch09
201,True,tracker,201,201,3.0,3.0,0.5240737068403034,0.5637245393511057,True,mass_volume_step,Pos17,ch09
226,True,tracker,226,226,3.0,3.0,0.5134496116062114,0.579672374779017,True,mass_volume_step,Pos17,ch09
250,True,tracker,250,250,3.0,3.0,0.542504430925785,0.5699533610808998,True,mass_volume_step,Pos17,ch09
277,True,tracker,277,277,3.0,3.0,0.5091802681903009,0.5414174590106641,True,mass_volume_step,Pos17,ch09
302,True,tracker,302,302,3.0,3.0,0.5794123106586193,0.6132931617328654,True,mass_volume_step,Pos17,ch09
324,True,tracker,324,324,3.0,3.0,0.5847507381681788,0.5958981416144593,True,mass_volume_step,Pos17,ch09
349,True,tracker,349,349,3.0,3.0,0.4918505821316295,0.508485789684393,True,mass_volume_step,Pos17,ch09
368,True,tracker,368,368,3.0,3.0,0.4716957403641105,0.491134308876337,True,mass_volume_step,Pos17,ch09
398,True,tracker,398,398,3.0,3.0,0.5460699081598189,0.5448348125568993,True,mass_volume_step,Pos17,ch09
416,False,tracker,416,416,3.0,3.0,1.1458442294638038,1.0865865357597275,False,no_supported_step,Pos17,ch09
421,False,tracker,421,421,3.0,3.0,1.1347110491625445,1.076287450554416,False,no_supported_step,Pos17,ch09
424,True,tracker,424,424,3.0,3.0,0.5627762921867776,0.5804879046501858,True,mass_volume_step,Pos17,ch09
447,True,tracker,447,447,3.0,3.0,0.5290635083026229,0.5430673503550014,True,mass_volume_step,Pos17,ch09
470,True,tracker,470,470,3.0,3.0,0.4862575380960036,0.5171993234971768,True,mass_volume_step,Pos17,ch09
496,True,tracker,496,496,3.0,3.0,0.49280614631208813,0.515943056049779,True,mass_volume_step,Pos17,ch09
524,True,tracker,524,524,3.0,3.0,0.5311798993642445,0.5376741941089407,True,mass_volume_step,Pos17,ch09
549,True,tracker,549,549,3.0,3.0,0.5561218000776322,0.6327941421209293,True,mass_volume_step,Pos17,ch09
576,True,tracker,576,576,3.0,3.0,0.5250178025236178,0.5454142479749848,True,mass_volume_step,Pos17,ch09
599,False,recovered,598,599,,,0.5216227985928746,0.5154571959088687,True,persistent_step_between_good_measurements,Pos17,ch09
624,True,tracker,624,624,3.0,3.0,0.5160681654026914,0.5277793902756656,True,mass_volume_step,Pos17,ch09
651,True,tracker,651,651,3.0,3.0,0.5110757875543127,0.5174516427171024,True,mass_volume_step,Pos17,ch09
669,True,tracker,669,669,3.0,3.0,0.5262220037662402,0.5671232203590127,True,mass_volume_step,Pos17,ch09
700,True,tracker,700,700,3.0,3.0,0.5210109670562801,0.559876227616637,True,mass_volume_step,Pos17,ch09
724,True,tracker,724,724,3.0,3.0,0.556636395401659,0.5501387697926641,True,mass_volume_step,Pos17,ch09
748,True,tracker,748,748,3.0,3.0,0.5337608387999601,0.5148051117745923,True,mass_volume_step,Pos17,ch09
776,True,tracker,776,776,3.0,3.0,0.48418646777245344,0.5175965444975164,True,mass_volume_step,Pos17,ch09
798,True,tracker,798,798,3.0,3.0,0.5382594964308632,0.5488425394804033,True,mass_volume_step,Pos17,ch09
823,True,tracker,823,823,3.0,3.0,0.5135673692591988,0.5555217742065034,True,mass_volume_step,Pos17,ch09
845,True,tracker,845,845,3.0,3.0,0.49977618404662255,0.5136713843211698,True,mass_volume_step,Pos17,ch09
872,True,tracker,872,872,3.0,3.0,0.545181854015324,0.5493644440811883,True,mass_volume_step,Pos17,ch09
896,True,tracker,896,896,3.0,3.0,0.5048046822122273,0.4739777317567552,True,mass_volume_step,Pos17,ch09
913,False,tracker,913,913,3.0,3.0,1.311557611664188,1.2537971770277252,False,no_supported_step,Pos17,ch09
917,True,tracker,917,917,3.0,3.0,1.3148372173650147,1.2778561262301134,False,no_supported_step,Pos17,ch09
924,True,tracker,924,924,3.0,3.0,0.5014045431357101,0.5061650220573456,True,mass_volume_step,Pos17,ch09
952,True,tracker,952,952,3.0,3.0,0.5154657799965596,0.5205836955543959,True,mass_volume_step,Pos17,ch09
978,True,tracker,978,978,3.0,3.0,0.5160661640994219,0.5253326709020135,True,mass_volume_step,Pos17,ch09
1006,True,tracker,1006,1006,3.0,3.0,0.538702626260875,0.5510447716217335,True,mass_volume_step,Pos17,ch09
1028,True,tracker,1028,1028,3.0,3.0,0.4875108124874402,0.48465468853316507,True,mass_volume_step,Pos17,ch09
1055,True,tracker,1055,1055,3.0,3.0,0.47333847843859095,0.5085479932706507,True,mass_volume_step,Pos17,ch09
1083,True,tracker,1083,1083,3.0,3.0,0.540021444936294,0.576658395763617,True,mass_volume_step,Pos17,ch09
1111,True,tracker,1111,1111,3.0,3.0,0.4966619060285427,0.5067975110916482,True,mass_volume_step,Pos17,ch09
1135,True,tracker,1133,1136,3.0,3.0,0.5838135347583634,0.5785388050444903,True,mass_volume_step,Pos17,ch09
1157,True,tracker,1157,1157,3.0,3.0,0.5088220361713541,0.5175369666493689,True,mass_volume_step,Pos17,ch09
1183,True,tracker,1183,1183,3.0,3.0,0.5177051580129103,0.5149364311458574,True,mass_volume_step,Pos17,ch09
3,True,tracker,3,3,1.0,3.0,,,False,insufficient_good_points,Pos21,ch04
27,True,tracker,27,27,3.0,3.0,0.5073784710841472,0.5796228979482309,True,mass_volume_step,Pos21,ch04
54,True,tracker,54,54,3.0,3.0,0.5186500006469298,0.540360599976177,True,mass_volume_step,Pos21,ch04
84,True,tracker,84,84,3.0,3.0,0.511876443278808,0.4932861279115092,True,mass_volume_step,Pos21,ch04
106,True,tracker,106,106,3.0,3.0,0.4957810461746516,0.5430278182419354,True,mass_volume_step,Pos21,ch04
134,True,tracker,134,134,3.0,3.0,0.5192731496594369,0.5292395425615841,True,mass_volume_step,Pos21,ch04
159,True,tracker,159,159,3.0,3.0,0.5309289020535948,0.5513043194755515,True,mass_volume_step,Pos21,ch04
186,True,tracker,186,186,3.0,3.0,0.5154440339139318,0.536160301129559,True,mass_volume_step,Pos21,ch04
211,True,tracker,211,211,3.0,3.0,0.5455418334315153,0.5729204150156046,True,mass_volume_step,Pos21,ch04
237,True,tracker,237,237,3.0,3.0,0.5157406618773538,0.5584303594785087,True,mass_volume_step,Pos21,ch04
266,True,tracker,266,266,3.0,3.0,0.5164223558099486,0.5553067575715661,True,mass_volume_step,Pos21,ch04
287,True,tracker,287,287,3.0,3.0,0.5088416814035623,0.5095418503985519,True,mass_volume_step,Pos21,ch04
317,True,tracker,317,317,3.0,3.0,0.5300434529016306,0.5281618549323329,True,mass_volume_step,Pos21,ch04
338,True,tracker,338,338,3.0,3.0,0.5583544156272385,0.5802665582429188,True,mass_volume_step,Pos21,ch04
361,True,tracker,361,361,3.0,3.0,0.5082057771096038,0.4833362949920621,True,mass_volume_step,Pos21,ch04
387,True,tracker,387,387,3.0,3.0,0.49044357648414166,0.5031455822859404,True,mass_volume_step,Pos21,ch04
417,True,tracker,417,417,3.0,3.0,0.5357891443361494,0.5511593390991713,True,mass_volume_step,Pos21,ch04
439,True,tracker,439,439,3.0,3.0,0.49213087311504033,0.5053644432319888,True,mass_volume_step,Pos21,ch04
464,True,tracker,464,464,3.0,3.0,0.46519303904368575,0.4937724817423501,True,mass_volume_step,Pos21,ch04
493,True,tracker,493,493,3.0,3.0,0.4857843552716232,0.5056748609977572,True,mass_volume_step,Pos21,ch04
521,True,tracker,521,521,3.0,3.0,0.4892911988189323,0.501760981377354,True,mass_volume_step,Pos21,ch04
551,True,tracker,551,551,3.0,3.0,0.5067138825458648,0.5104289117622931,True,mass_volume_step,Pos21,ch04
571,True,tracker,571,571,3.0,3.0,0.49846877905499637,0.5417416394859605,True,mass_volume_step,Pos21,ch04
595,True,tracker,595,595,3.0,3.0,0.47860072582189456,0.4936086976438842,True,mass_volume_step,Pos21,ch04
620,True,tracker,620,620,3.0,3.0,0.5411239092657467,0.5708564541798514,True,mass_volume_step,Pos21,ch04
649,True,tracker,649,649,3.0,3.0,0.48556773961540856,0.5203216784617826,True,mass_volume_step,Pos21,ch04
676,True,tracker,676,676,3.0,3.0,0.5179272488944481,0.4992653142022726,True,mass_volume_step,Pos21,ch04
696,True,tracker,696,696,3.0,3.0,0.5588621482256574,0.602630049221636,True,mass_volume_step,Pos21,ch04
722,True,tracker,722,722,3.0,3.0,0.5302320613284819,0.5253314097878469,True,mass_volume_step,Pos21,ch04
750,True,tracker,750,750,3.0,3.0,0.5447145284761482,0.5502857828053384,True,mass_volume_step,Pos21,ch04
776,True,tracker,776,776,3.0,3.0,0.5343021580578718,0.5238278198007003,True,mass_volume_step,Pos21,ch04
798,True,tracker,798,798,3.0,3.0,0.54568352279962,0.5418342650952912,True,mass_volume_step,Pos21,ch04
822,True,tracker,822,822,3.0,3.0,0.5184519890753293,0.5221824244839817,True,mass_volume_step,Pos21,ch04
843,True,tracker,843,843,3.0,3.0,0.5330945586713989,0.5202402875978487,True,mass_volume_step,Pos21,ch04
868,True,tracker,868,868,3.0,3.0,0.48446026140957454,0.48921447596356,True,mass_volume_step,Pos21,ch04
894,True,tracker,894,894,3.0,3.0,0.5232277147997244,0.5508163427228852,True,mass_volume_step,Pos21,ch04
933,True,tracker,933,933,3.0,3.0,0.5281823576195775,0.5002708128994704,True,mass_volume_step,Pos21,ch04
952,True,tracker,952,952,3.0,3.0,0.583895240743547,0.569041941213922,True,mass_volume_step,Pos21,ch04
974,True,tracker,974,974,3.0,3.0,0.5543428851081982,0.538412547717764,True,mass_volume_step,Pos21,ch04
993,True,tracker,993,993,3.0,3.0,0.5254729986753608,0.5334803196917929,True,mass_volume_step,Pos21,ch04
1018,True,tracker,1018,1018,3.0,3.0,0.5408918577360534,0.5627241047917001,True,mass_volume_step,Pos21,ch04
1048,True,tracker,1048,1048,3.0,3.0,0.5326007095371048,0.5438574367283139,True,mass_volume_step,Pos21,ch04
1075,True,tracker,1075,1075,3.0,3.0,0.5599324063993897,0.5734327473898354,True,mass_volume_step,Pos21,ch04
1100,True,tracker,1100,1100,3.0,3.0,0.5363882336015918,0.5228761815323494,True,mass_volume_step,Pos21,ch04
1121,True,tracker,1121,1121,3.0,3.0,0.49935065982255405,0.5015408245344393,True,mass_volume_step,Pos21,ch04
1144,True,tracker,1144,1144,3.0,3.0,0.4839910757133518,0.5265871140646836,True,mass_volume_step,Pos21,ch04
1179,True,tracker,1179,1179,3.0,3.0,0.5266545814724676,0.5254720488229592,True,mass_volume_step,Pos21,ch04
1201,True,tracker,1201,1201,3.0,2.0,0.5122804347866383,0.5859170468597222,True,mass_volume_step,Pos21,ch04
18,True,tracker,18,18,3.0,3.0,0.5642043453549473,0.5501731198425621,True,mass_volume_step,Pos22,ch02
43,True,tracker,43,43,3.0,3.0,0.5414584119144513,0.5424875434070424,True,mass_volume_step,Pos22,ch02
66,True,tracker,66,66,3.0,3.0,0.5076156586998759,0.5302230695092744,True,mass_volume_step,Pos22,ch02
92,True,tracker,92,92,3.0,3.0,0.5254710771143499,0.5614360311498869,True,mass_volume_step,Pos22,ch02
121,True,tracker,121,121,3.0,3.0,0.5736976748501804,0.5904600491505502,True,mass_volume_step,Pos22,ch02
142,True,tracker,142,142,3.0,3.0,0.5070849980593078,0.5001960860034562,True,mass_volume_step,Pos22,ch02
168,True,tracker,168,168,3.0,3.0,0.5316991313323848,0.5171732655791593,True,mass_volume_step,Pos22,ch02
192,True,tracker,192,192,3.0,3.0,0.5201765279709876,0.5651415885158687,True,mass_volume_step,Pos22,ch02
220,True,tracker,220,220,3.0,3.0,0.5310834061007457,0.5250857778652342,True,mass_volume_step,Pos22,ch02
241,True,tracker,241,241,3.0,3.0,0.5419579588824265,0.5774736777981281,True,mass_volume_step,Pos22,ch02
266,True,tracker,266,266,3.0,3.0,0.5273796158404389,0.5609836852811177,True,mass_volume_step,Pos22,ch02
298,True,tracker,298,298,3.0,3.0,0.5311519622753922,0.5123733281016849,True,mass_volume_step,Pos22,ch02
319,True,tracker,319,319,3.0,3.0,0.5686293692769038,0.5961658951880439,True,mass_volume_step,Pos22,ch02
341,True,tracker,341,341,3.0,3.0,0.48829089388881747,0.5345944712488339,True,mass_volume_step,Pos22,ch02
370,True,tracker,370,370,3.0,3.0,0.5034378805059396,0.5099962778507744,True,mass_volume_step,Pos22,ch02
397,True,tracker,397,397,3.0,3.0,0.501044725592494,0.5663724136015957,True,mass_volume_step,Pos22,ch02
425,True,tracker,425,425,3.0,3.0,0.554299394094904,0.5705894670484326,True,mass_volume_step,Pos22,ch02
449,True,tracker,449,449,3.0,3.0,0.5314420946187554,0.5393524425425236,True,mass_volume_step,Pos22,ch02
474,True,tracker,474,474,3.0,3.0,0.49909866739686,0.5466282396480161,True,mass_volume_step,Pos22,ch02
499,True,tracker,499,499,3.0,3.0,0.5095804394737912,0.544511440841354,True,mass_volume_step,Pos22,ch02
522,True,tracker,522,522,3.0,3.0,0.49725780699128297,0.5265648836709429,True,mass_volume_step,Pos22,ch02
551,True,tracker,551,551,3.0,3.0,0.5592309438815902,0.5486678996559653,True,mass_volume_step,Pos22,ch02
575,True,tracker,575,575,3.0,3.0,0.5339232235972337,0.5565113330912511,True,mass_volume_step,Pos22,ch02
600,True,tracker,600,600,3.0,3.0,0.5317680097768035,0.5187989905098922,True,mass_volume_step,Pos22,ch02
624,True,tracker,624,624,3.0,3.0,0.5431556682634662,0.5543240495490477,True,mass_volume_step,Pos22,ch02
648,True,tracker,648,648,3.0,3.0,0.515112586267777,0.5259912259240546,True,mass_volume_step,Pos22,ch02
677,True,tracker,677,677,3.0,3.0,0.525354744739456,0.5680713062964188,True,mass_volume_step,Pos22,ch02
702,True,tracker,702,702,3.0,3.0,0.549957420197235,0.5606646967176849,True,mass_volume_step,Pos22,ch02
723,True,tracker,723,723,3.0,3.0,0.5260853487941872,0.5342788517529057,True,mass_volume_step,Pos22,ch02
747,True,tracker,747,747,3.0,3.0,0.5262905946702275,0.5476878273825923,True,mass_volume_step,Pos22,ch02
775,True,tracker,775,775,3.0,3.0,0.5589130537215804,0.5683993278889097,True,mass_volume_step,Pos22,ch02
800,True,tracker,800,800,3.0,3.0,0.5560229588426596,0.5967512013106797,True,mass_volume_step,Pos22,ch02
822,True,tracker,822,822,3.0,3.0,0.5155721061253313,0.5185870992178867,True,mass_volume_step,Pos22,ch02
849,True,tracker,849,849,3.0,3.0,0.4752615869510831,0.5007691306878377,True,mass_volume_step,Pos22,ch02
873,True,tracker,873,873,3.0,3.0,0.5371453252265881,0.5735039997209843,True,mass_volume_step,Pos22,ch02
889,False,tracker,889,889,3.0,3.0,1.135596145352734,1.1806621980220569,False,no_supported_step,Pos22,ch02
901,True,tracker,901,901,3.0,3.0,0.5285921196767723,0.6369234281362864,True,mass_volume_step,Pos22,ch02
927,True,tracker,927,927,3.0,3.0,0.550197936488575,0.5757640407028597,True,mass_volume_step,Pos22,ch02
956,True,tracker,956,956,3.0,3.0,0.5572092221795445,0.5341165561720259,True,mass_volume_step,Pos22,ch02
977,True,tracker,977,977,3.0,3.0,0.5268693288165163,0.5631567196140101,True,mass_volume_step,Pos22,ch02
1002,True,tracker,1002,1002,3.0,3.0,0.519831518358232,0.5164650928246687,True,mass_volume_step,Pos22,ch02
1028,True,tracker,1028,1028,3.0,3.0,0.5494579477137589,0.5430779006052382,True,mass_volume_step,Pos22,ch02
1053,True,tracker,1053,1053,3.0,3.0,0.536234191718164,0.5009182880528433,True,mass_volume_step,Pos22,ch02
1077,True,tracker,1077,1077,3.0,3.0,0.5012634643728023,0.5235281423081859,True,mass_volume_step,Pos22,ch02
1103,True,tracker,1103,1103,3.0,3.0,0.5059935088004559,0.5457191690326152,True,mass_volume_step,Pos22,ch02
1134,True,tracker,1134,1134,3.0,3.0,0.5500911290662339,0.5417011769204596,True,mass_volume_step,Pos22,ch02
1160,True,tracker,1160,1160,3.0,3.0,0.5296935902475526,0.5502699477606071,True,mass_volume_step,Pos22,ch02
1185,True,tracker,1185,1185,3.0,3.0,0.5453989057506509,0.5581397483808166,True,mass_volume_step,Pos22,ch02
17,True,tracker,17,17,3.0,3.0,0.5205458295571784,0.5390416780877078,True,mass_volume_step,Pos37,ch10
41,True,tracker,41,41,3.0,3.0,0.5149511042050479,0.5419340115578032,True,mass_volume_step,Pos37,ch10
67,True,tracker,67,67,3.0,3.0,0.49054913203672734,0.5038270606724331,True,mass_volume_step,Pos37,ch10
95,True,tracker,95,95,3.0,3.0,0.5292436510633698,0.5267982302400871,True,mass_volume_step,Pos37,ch10
119,True,tracker,119,119,3.0,3.0,0.4849284259572424,0.4907159090810247,True,mass_volume_step,Pos37,ch10
148,True,tracker,148,148,3.0,3.0,0.5256507345483271,0.5391621020994352,True,mass_volume_step,Pos37,ch10
176,True,tracker,176,176,3.0,3.0,0.5138798356967836,0.4899621636921609,True,mass_volume_step,Pos37,ch10
202,True,tracker,202,202,3.0,3.0,0.5440367645950277,0.5869396320958767,True,mass_volume_step,Pos37,ch10
225,True,tracker,225,225,3.0,3.0,0.5190376479871527,0.5462386659996926,True,mass_volume_step,Pos37,ch10
250,True,tracker,250,250,3.0,3.0,0.4993704126938109,0.535517566162998,True,mass_volume_step,Pos37,ch10
279,False,recovered,276,279,,,0.5478432173932697,0.5414245638309207,True,persistent_step_between_good_measurements,Pos37,ch10
300,True,tracker,300,300,3.0,3.0,0.5003071274689269,0.5238112054165642,True,mass_volume_step,Pos37,ch10
325,True,tracker,325,325,3.0,3.0,0.5045046159727765,0.5041788162713737,True,mass_volume_step,Pos37,ch10
350,True,tracker,350,350,3.0,3.0,0.47315245230529607,0.4680556229172703,True,mass_volume_step,Pos37,ch10
380,True,tracker,380,380,3.0,3.0,0.47541675279892986,0.4715920258143118,True,mass_volume_step,Pos37,ch10
407,True,tracker,407,407,3.0,3.0,0.5133735245288704,0.6000141055169029,True,mass_volume_step,Pos37,ch10
432,True,tracker,432,432,3.0,3.0,0.4909645442648043,0.5272016351140876,True,mass_volume_step,Pos37,ch10
463,True,tracker,463,463,3.0,3.0,0.5251820848048129,0.5556026751920935,True,mass_volume_step,Pos37,ch10
484,True,tracker,484,484,3.0,3.0,1.2692328333620446,1.2583762293876215,False,no_supported_step,Pos37,ch10
491,True,tracker,491,491,3.0,3.0,0.5473143790492802,0.592083755804881,True,mass_volume_step,Pos37,ch10
512,True,tracker,512,512,3.0,3.0,0.5133411254833115,0.5210959002448086,True,mass_volume_step,Pos37,ch10
541,True,tracker,541,541,3.0,3.0,0.5697090924297125,0.6055885661287455,True,mass_volume_step,Pos37,ch10
565,True,tracker,565,565,3.0,3.0,0.5160338849189391,0.5120018129156638,True,mass_volume_step,Pos37,ch10
588,True,tracker,588,588,3.0,3.0,0.5104776952301239,0.5405532075980888,True,mass_volume_step,Pos37,ch10
611,True,tracker,611,611,3.0,3.0,0.5298073487274566,0.5246188011788295,True,mass_volume_step,Pos37,ch10
637,True,tracker,637,637,3.0,3.0,0.5150354137450226,0.5683802241139657,True,mass_volume_step,Pos37,ch10
659,True,tracker,659,659,3.0,3.0,0.5270691716953224,0.5604399437727139,True,mass_volume_step,Pos37,ch10
685,False,recovered,684,685,,,0.5666511769256735,0.5859992851056159,True,persistent_step_between_good_measurements,Pos37,ch10
710,True,tracker,710,710,3.0,3.0,0.5327848773745164,0.5456553713616797,True,mass_volume_step,Pos37,ch10
739,True,tracker,739,739,3.0,3.0,0.5429919970523042,0.5377237065797262,True,mass_volume_step,Pos37,ch10
761,True,tracker,761,761,3.0,3.0,0.5370851596212413,0.5964794940946337,True,mass_volume_step,Pos37,ch10
787,True,tracker,787,787,3.0,3.0,0.5429135621170444,0.5489366369508935,True,mass_volume_step,Pos37,ch10
810,True,tracker,810,810,3.0,3.0,0.49649924686352453,0.5124091753810861,True,mass_volume_step,Pos37,ch10
835,True,tracker,835,835,3.0,3.0,0.5021913676120064,0.517994261651315,True,mass_volume_step,Pos37,ch10
860,True,tracker,860,860,3.0,3.0,0.49651680653589925,0.5270338377868877,True,mass_volume_step,Pos37,ch10
890,True,tracker,890,890,3.0,3.0,0.5163947671399661,0.5196221616190576,True,mass_volume_step,Pos37,ch10
915,True,tracker,915,915,3.0,3.0,0.4825344257403657,0.4979154342769824,True,mass_volume_step,Pos37,ch10
940,True,tracker,940,940,3.0,3.0,0.5429293527782038,0.5277352554113499,True,mass_volume_step,Pos37,ch10
966,True,tracker,966,966,3.0,3.0,0.5394998674045923,0.5633600765229627,True,mass_volume_step,Pos37,ch10
9,True,tracker,9,9,3.0,3.0,0.542180759564159,0.5446689922984588,True,mass_volume_step,Pos51,ch00
36,True,tracker,36,36,3.0,3.0,0.5080179403427555,0.5396215159452393,True,mass_volume_step,Pos51,ch00
55,True,tracker,55,55,3.0,3.0,0.49260582094178057,0.47913692902457705,True,mass_volume_step,Pos51,ch00
79,True,tracker,79,79,3.0,3.0,0.5098096857200956,0.5220516773866355,True,mass_volume_step,Pos51,ch00
107,True,tracker,107,107,3.0,3.0,0.5010178857847952,0.5128943848981701,True,mass_volume_step,Pos51,ch00
135,False,recovered,134,135,,,0.4898604158786735,0.4990492162333291,True,persistent_step_between_good_measurements,Pos51,ch00
157,True,tracker,157,157,3.0,3.0,0.5307495667400236,0.5695476437516317,True,mass_volume_step,Pos51,ch00
195,True,tracker,195,195,3.0,3.0,0.4677175550467635,0.4931692254132819,True,mass_volume_step,Pos51,ch00
218,True,tracker,218,218,3.0,3.0,0.49443772603155656,0.48577632766180556,True,mass_volume_step,Pos51,ch00
240,True,tracker,240,240,3.0,3.0,0.4684696635352527,0.47839278548312136,True,mass_volume_step,Pos51,ch00
271,True,tracker,271,271,3.0,3.0,0.472541247801487,0.4775453902095974,True,mass_volume_step,Pos51,ch00
292,True,tracker,292,292,3.0,3.0,0.5272014853116157,0.5531276136687882,True,mass_volume_step,Pos51,ch00
314,True,tracker,314,314,3.0,3.0,0.49444071399861156,0.5032321909075769,True,mass_volume_step,Pos51,ch00
342,True,tracker,342,342,3.0,3.0,0.5079260923253236,0.5020427397759135,True,mass_volume_step,Pos51,ch00
365,True,tracker,365,365,3.0,3.0,0.5010832552689588,0.5007056189213303,True,mass_volume_step,Pos51,ch00
389,True,tracker,389,389,3.0,3.0,0.49737803940590886,0.5294271976190933,True,mass_volume_step,Pos51,ch00
415,True,tracker,415,415,3.0,3.0,0.47425220023407005,0.5081659013780342,True,mass_volume_step,Pos51,ch00
443,True,tracker,443,443,3.0,3.0,0.49776925547887035,0.505000257937885,True,mass_volume_step,Pos51,ch00
465,True,tracker,465,465,3.0,3.0,0.5142429068776749,0.5314219891299962,True,mass_volume_step,Pos51,ch00
489,True,tracker,489,489,3.0,3.0,0.49664132818980017,0.4847175040387376,True,mass_volume_step,Pos51,ch00
517,True,tracker,517,517,3.0,3.0,0.5363706608425857,0.5421668382858605,True,mass_volume_step,Pos51,ch00
544,True,tracker,544,544,3.0,3.0,0.536858806117868,0.5548058941691058,True,mass_volume_step,Pos51,ch00
561,True,tracker,561,561,3.0,3.0,0.494570562387922,0.5155362095858858,True,mass_volume_step,Pos51,ch00
586,True,tracker,586,586,3.0,3.0,0.50260250263384,0.5284545594908838,True,mass_volume_step,Pos51,ch00
610,True,tracker,610,610,3.0,3.0,0.4947004026604229,0.5287838638963881,True,mass_volume_step,Pos51,ch00
636,True,tracker,636,636,3.0,3.0,0.5127651280373665,0.5438414651263279,True,mass_volume_step,Pos51,ch00
664,True,tracker,664,664,3.0,3.0,0.47067871631612695,0.48089044098779676,True,mass_volume_step,Pos51,ch00
689,True,tracker,689,689,3.0,3.0,0.4708504835065684,0.479287082738705,True,mass_volume_step,Pos51,ch00
712,True,tracker,712,712,3.0,3.0,0.5266419565916005,0.5176208622131394,True,mass_volume_step,Pos51,ch00
739,True,tracker,739,739,3.0,3.0,0.47048384069811144,0.4500386742858734,True,mass_volume_step,Pos51,ch00
762,True,tracker,762,762,3.0,3.0,0.5199152763795052,0.5330172391959249,True,mass_volume_step,Pos51,ch00
787,True,tracker,787,787,3.0,3.0,0.4999857627786622,0.5185575074117551,True,mass_volume_step,Pos51,ch00
809,True,tracker,809,809,3.0,3.0,0.4863287374812845,0.5265854319995685,True,mass_volume_step,Pos51,ch00
825,False,tracker,825,825,3.0,3.0,1.1954767362608913,1.2435826330204953,False,no_supported_step,Pos51,ch00
834,True,tracker,834,834,3.0,3.0,0.4739864330901337,0.4830867149751764,True,mass_volume_step,Pos51,ch00
861,False,recovered,860,861,,,0.492813614389849,0.4981897143070612,True,persistent_step_between_good_measurements,Pos51,ch00
878,True,tracker,878,878,3.0,3.0,1.3123713959299605,1.3455763534437268,False,no_supported_step,Pos51,ch00
888,True,tracker,888,888,3.0,3.0,0.483252053331837,0.5533272848709867,True,mass_volume_step,Pos51,ch00
914,True,tracker,914,914,3.0,3.0,0.4593915380849928,0.4512002842075728,True,mass_volume_step,Pos51,ch00
941,True,tracker,941,941,3.0,3.0,0.5046469127808522,0.5053407858104757,True,mass_volume_step,Pos51,ch00
968,True,tracker,968,968,3.0,3.0,0.5342286285192378,0.5672724275213283,True,mass_volume_step,Pos51,ch00
995,True,tracker,995,995,3.0,3.0,0.4703181194286421,0.4831011300598599,True,mass_volume_step,Pos51,ch00
1013,False,tracker,1013,1013,3.0,3.0,1.1256327775131607,1.0363008806188907,False,no_supported_step,Pos51,ch00
1020,False,recovered,1019,1020,,,0.5017262586597202,0.5385809226926004,True,persistent_step_between_good_measurements,Pos51,ch00
1045,True,tracker,1045,1045,3.0,3.0,0.45041299226192,0.45426305681133133,True,mass_volume_step,Pos51,ch00
1073,False,recovered,1072,1073,,,0.49035002810275863,0.49617035784467733,True,persistent_step_between_good_measurements,Pos51,ch00
1101,True,tracker,1101,1101,3.0,3.0,0.5021544669560553,0.49925577876717414,True,mass_volume_step,Pos51,ch00
1128,True,tracker,1128,1128,3.0,3.0,0.4405410232523771,0.46513612322080883,True,mass_volume_step,Pos51,ch00
1187,True,tracker,1187,1187,3.0,3.0,0.4968463576276772,0.48893795238179416,True,mass_volume_step,Pos51,ch00
10,True,tracker,10,10,3.0,3.0,0.5080217954142541,0.5804594240645191,True,mass_volume_step,Pos52,ch06
34,True,tracker,34,34,3.0,3.0,0.48447849048176633,0.5427526123122097,True,mass_volume_step,Pos52,ch06
60,True,tracker,60,60,3.0,3.0,0.446374297855643,0.4727016681499774,True,mass_volume_step,Pos52,ch06
81,False,tracker,81,81,3.0,3.0,1.2821185431758484,1.2709851793237943,False,no_supported_step,Pos52,ch06
83,False,tracker,83,83,3.0,3.0,1.2821185431758484,1.2709851793237943,False,no_supported_step,Pos52,ch06
87,True,tracker,87,87,3.0,3.0,0.479708313226598,0.5316820346204076,True,mass_volume_step,Pos52,ch06
112,True,tracker,112,112,3.0,3.0,0.49658694900184974,0.5024638507557372,True,mass_volume_step,Pos52,ch06
115,True,tracker,115,115,3.0,3.0,0.4803157587197231,0.5134607785753037,True,mass_volume_step,Pos52,ch06
136,True,tracker,136,136,3.0,3.0,1.2350874502983409,1.0626548644851403,False,no_supported_step,Pos52,ch06
143,True,tracker,143,143,3.0,3.0,0.5069679586815454,0.5839831431317243,True,mass_volume_step,Pos52,ch06
168,True,tracker,168,168,3.0,3.0,0.4682148044112362,0.49860360839080026,True,mass_volume_step,Pos52,ch06
196,True,tracker,196,196,3.0,3.0,0.48167483411431333,0.49978226651449703,True,mass_volume_step,Pos52,ch06
218,True,tracker,218,218,3.0,3.0,0.5053106619244949,0.5257302729956671,True,mass_volume_step,Pos52,ch06
245,True,tracker,245,245,3.0,3.0,0.5043239296776924,0.5218815569843628,True,mass_volume_step,Pos52,ch06
276,True,tracker,276,276,3.0,3.0,0.4776284645530062,0.5006179124382746,True,mass_volume_step,Pos52,ch06
296,True,tracker,296,296,3.0,3.0,0.45095748968247334,0.4985274998931074,True,mass_volume_step,Pos52,ch06
334,False,recovered,333,334,,,0.49942473962402595,0.5030706832029376,True,persistent_step_between_good_measurements,Pos52,ch06
350,True,tracker,350,350,3.0,3.0,0.4709733203334558,0.49121033585360246,True,mass_volume_step,Pos52,ch06
374,True,tracker,374,374,3.0,3.0,0.4625641477094501,0.5119611097719733,True,mass_volume_step,Pos52,ch06
404,True,tracker,404,404,3.0,3.0,0.4641658835396508,0.47996535233918863,True,mass_volume_step,Pos52,ch06
425,True,tracker,425,425,3.0,3.0,0.5017554657386019,0.5424426083543439,True,mass_volume_step,Pos52,ch06
454,True,tracker,454,454,3.0,3.0,0.4821868943187461,0.5310352852747763,True,mass_volume_step,Pos52,ch06
482,True,tracker,482,482,3.0,3.0,0.48981898985953737,0.5498638191253986,True,mass_volume_step,Pos52,ch06
509,True,tracker,509,509,3.0,3.0,0.496233493003435,0.5110514235818194,True,mass_volume_step,Pos52,ch06
532,True,tracker,532,532,3.0,3.0,0.47148020764358917,0.5038345383702661,True,mass_volume_step,Pos52,ch06
561,True,tracker,561,561,3.0,3.0,0.4786435394232058,0.4974770132279654,True,mass_volume_step,Pos52,ch06
588,True,tracker,588,588,3.0,3.0,0.4810887039282487,0.49022863043744797,True,mass_volume_step,Pos52,ch06
610,True,tracker,610,610,3.0,3.0,0.4793041004939947,0.49904265575115114,True,mass_volume_step,Pos52,ch06
637,True,tracker,637,637,3.0,3.0,0.4735872231501817,0.5313774728847318,True,mass_volume_step,Pos52,ch06
665,True,tracker,665,665,3.0,3.0,0.46542440276950947,0.4803739188871104,True,mass_volume_step,Pos52,ch06
695,True,tracker,695,695,3.0,3.0,0.4865971756027895,0.5272911788066921,True,mass_volume_step,Pos52,ch06
716,True,tracker,716,716,3.0,3.0,0.5074125261683413,0.512071891110122,True,mass_volume_step,Pos52,ch06
741,True,tracker,741,741,3.0,3.0,0.4374114310012711,0.48915887184147266,True,mass_volume_step,Pos52,ch06
768,True,tracker,768,768,3.0,3.0,0.4617666177944675,0.5402391665158166,True,mass_volume_step,Pos52,ch06
800,True,tracker,800,800,3.0,3.0,0.46915454897661196,0.5178555535866082,True,mass_volume_step,Pos52,ch06
819,True,tracker,819,819,3.0,3.0,0.486222381867986,0.5528781854983689,True,mass_volume_step,Pos52,ch06
837,False,tracker,832,840,3.0,3.0,0.5656106540464912,0.5681579635879724,False,local_gap_too_long,Pos52,ch06
867,True,tracker,867,867,3.0,3.0,0.4565856721994042,0.4888567158107683,True,mass_volume_step,Pos52,ch06
891,True,tracker,891,891,0.0,3.0,,,False,insufficient_good_points,Pos52,ch06
895,False,tracker,893,895,2.0,3.0,0.5306729377234111,0.5953978820740595,False,no_local_step_at_candidate,Pos52,ch06
897,False,recovered,896,897,,,0.5115597439234161,0.5641476718182457,True,persistent_step_between_good_measurements,Pos52,ch06
926,True,tracker,926,926,3.0,3.0,0.45983893494814304,0.4603853838289222,True,mass_volume_step,Pos52,ch06
953,False,recovered,952,953,,,0.5181845355530503,0.5201546948786806,True,persistent_step_between_good_measurements,Pos52,ch06
978,True,tracker,978,978,3.0,3.0,0.4544080521296612,0.48721051401668525,True,mass_volume_step,Pos52,ch06
1001,True,tracker,1001,1001,3.0,3.0,0.4434276703070726,0.44622151604694005,True,mass_volume_step,Pos52,ch06
1029,True,tracker,1029,1029,3.0,3.0,0.46947862377570315,0.48602482485445697,True,mass_volume_step,Pos52,ch06
1053,True,tracker,1053,1053,3.0,3.0,0.472997080633744,0.4671641805414182,True,mass_volume_step,Pos52,ch06
1085,True,tracker,1085,1085,3.0,3.0,0.4639250181621845,0.49585505046513606,True,mass_volume_step,Pos52,ch06
1114,True,tracker,1113,1114,3.0,3.0,0.4833325131214897,0.5148177478559732,False,no_local_step_at_candidate,Pos52,ch06
1116,False,tracker,1115,1116,3.0,3.0,0.45733216738054194,0.5148177478559732,True,mass_volume_step,Pos52,ch06
1141,True,tracker,1141,1141,3.0,3.0,0.47502630460748596,0.5030263147875098,True,mass_volume_step,Pos52,ch06
1165,True,tracker,1163,1166,3.0,3.0,0.4988012376148538,0.5341749263173601,True,mass_volume_step,Pos52,ch06
1189,False,tracker,1189,1189,3.0,3.0,1.1494581242545614,1.120641380834729,False,no_supported_step,Pos52,ch06
1195,True,tracker,1195,1195,3.0,3.0,0.4497453128356193,0.47223573253817397,True,mass_volume_step,Pos52,ch06
13,True,tracker,13,13,3.0,3.0,0.49725707598502505,0.515682916828974,True,mass_volume_step,Pos56,ch10
40,True,tracker,40,40,3.0,3.0,0.5172076053973129,0.5624261151917223,True,mass_volume_step,Pos56,ch10
61,True,tracker,61,61,3.0,3.0,0.47191996794204133,0.47488350662036927,True,mass_volume_step,Pos56,ch10
86,True,tracker,86,86,3.0,3.0,0.5020767869442665,0.5409053107479689,True,mass_volume_step,Pos56,ch10
118,True,tracker,118,118,3.0,3.0,0.5152438686718074,0.5087595672228581,True,mass_volume_step,Pos56,ch10
134,True,tracker,134,134,3.0,3.0,0.4952180429402014,0.5116281210397472,True,mass_volume_step,Pos56,ch10
159,True,tracker,159,159,3.0,3.0,0.47581602757689334,0.4936968089628066,True,mass_volume_step,Pos56,ch10
184,True,tracker,184,184,3.0,3.0,0.49166120745352665,0.5239866407227384,True,mass_volume_step,Pos56,ch10
212,False,recovered,211,212,,,0.5608663861502255,0.5987646745766313,True,persistent_step_between_good_measurements,Pos56,ch10
236,True,tracker,236,236,3.0,3.0,0.48249585083878965,0.5126953967688811,True,mass_volume_step,Pos56,ch10
263,True,tracker,263,263,3.0,3.0,0.4957507718376082,0.5197948490315543,True,mass_volume_step,Pos56,ch10
285,True,tracker,285,285,3.0,3.0,0.48748421378009416,0.5110519896385901,True,mass_volume_step,Pos56,ch10
306,True,tracker,306,306,3.0,3.0,0.500898968341867,0.5215395398653523,True,mass_volume_step,Pos56,ch10
336,True,tracker,335,336,3.0,3.0,0.5140155377623269,0.535058538388979,True,mass_volume_step,Pos56,ch10
356,True,tracker,356,356,3.0,3.0,0.4934782054529128,0.4947128579787641,True,mass_volume_step,Pos56,ch10
384,True,tracker,384,384,3.0,3.0,0.5203954167323466,0.5381426631644123,True,mass_volume_step,Pos56,ch10
408,True,tracker,408,408,3.0,3.0,0.4824397572758795,0.5051433279340508,True,mass_volume_step,Pos56,ch10
425,False,tracker,425,425,3.0,3.0,1.187088557662132,1.2064043953308898,False,no_supported_step,Pos56,ch10
434,True,tracker,434,434,3.0,3.0,0.48284575686025377,0.4874611752662905,True,mass_volume_step,Pos56,ch10
467,True,tracker,467,467,3.0,3.0,0.4979969222085327,0.4792587484718925,True,mass_volume_step,Pos56,ch10
490,True,tracker,490,490,3.0,3.0,0.522827516539224,0.5085299247600181,True,mass_volume_step,Pos56,ch10
516,True,tracker,516,516,3.0,3.0,0.5048681734701662,0.5337021785223561,True,mass_volume_step,Pos56,ch10
540,False,recovered,539,540,,,0.5196593833068964,0.5150752524272804,True,persistent_step_between_good_measurements,Pos56,ch10
565,True,tracker,565,565,3.0,3.0,0.4791172826077987,0.46701683021813994,True,mass_volume_step,Pos56,ch10
585,False,recovered,582,585,,,0.5706938048213974,0.5481147901182577,True,persistent_step_between_good_measurements,Pos56,ch10
608,True,tracker,608,608,3.0,3.0,0.5119655416343577,0.5193774220837456,True,mass_volume_step,Pos56,ch10
645,True,tracker,645,645,3.0,3.0,0.5128545209323366,0.5597817381554291,True,mass_volume_step,Pos56,ch10
4,True,tracker,4,4,2.0,3.0,0.5118181844278649,0.5544687716735988,True,mass_volume_step,Pos58,ch09
24,True,tracker,24,24,3.0,3.0,0.4584282936696188,0.49455273005683775,True,mass_volume_step,Pos58,ch09
47,True,tracker,47,47,3.0,3.0,1.1871338917280678,1.149537072902622,False,no_supported_step,Pos58,ch09
56,True,tracker,56,56,3.0,3.0,0.4754288294547054,0.5244748740230898,True,mass_volume_step,Pos58,ch09
82,True,tracker,82,82,3.0,3.0,0.482531757447694,0.5018221171646311,True,mass_volume_step,Pos58,ch09
102,True,tracker,102,102,3.0,3.0,0.4647240891496507,0.5040566641975447,True,mass_volume_step,Pos58,ch09
113,True,tracker,113,113,3.0,3.0,1.2679468446379574,1.2689123859463003,False,no_supported_step,Pos58,ch09
137,True,tracker,137,137,3.0,3.0,0.5040190758568072,0.5580529518059375,True,mass_volume_step,Pos58,ch09
158,True,tracker,158,158,3.0,3.0,0.48507446711082913,0.5388595685933999,True,mass_volume_step,Pos58,ch09
189,True,tracker,189,189,3.0,3.0,0.4742209045946252,0.5175347932226224,True,mass_volume_step,Pos58,ch09
210,True,tracker,210,210,3.0,3.0,0.5141623083941074,0.5682410702943043,True,mass_volume_step,Pos58,ch09
234,True,tracker,234,234,3.0,3.0,0.4391215282431011,0.5070860613670192,True,mass_volume_step,Pos58,ch09
254,False,tracker,254,254,3.0,3.0,1.1319548038426075,1.1687816054494427,False,no_supported_step,Pos58,ch09
268,False,recovered,266,268,,,0.5398765152843484,0.566288426490826,True,persistent_step_between_good_measurements,Pos58,ch09
292,False,recovered,291,292,,,0.529434287636717,0.5587833416579286,True,persistent_step_between_good_measurements,Pos58,ch09
316,True,tracker,316,316,3.0,3.0,0.4936778218837474,0.5434441812831118,True,mass_volume_step,Pos58,ch09
340,True,tracker,340,340,3.0,3.0,0.5123000662094288,0.5844982542722915,True,mass_volume_step,Pos58,ch09
360,True,tracker,360,360,3.0,3.0,0.4786821865222789,0.4637683331005591,True,mass_volume_step,Pos58,ch09
383,True,tracker,383,383,3.0,3.0,0.5134540192342095,0.543469654843712,True,mass_volume_step,Pos58,ch09
404,True,tracker,404,404,3.0,3.0,0.5078933395816918,0.5676380159452198,True,mass_volume_step,Pos58,ch09
428,True,tracker,428,428,3.0,3.0,0.46481233464134225,0.4865582582865709,True,mass_volume_step,Pos58,ch09
456,True,tracker,456,456,3.0,3.0,0.5298232373071741,0.5589622807230673,True,mass_volume_step,Pos58,ch09
480,True,tracker,480,480,3.0,3.0,0.49733759138418976,0.5225464640833567,True,mass_volume_step,Pos58,ch09
506,True,tracker,506,506,3.0,3.0,0.5073796586650126,0.5683367191133162,True,mass_volume_step,Pos58,ch09
529,True,tracker,529,529,3.0,3.0,0.4816857200029984,0.49838903178250316,True,mass_volume_step,Pos58,ch09
553,True,tracker,553,553,3.0,3.0,0.5033873385426586,0.5621612532512086,True,mass_volume_step,Pos58,ch09
576,True,tracker,576,576,3.0,3.0,0.5070297822978209,0.5315826417281589,True,mass_volume_step,Pos58,ch09
609,True,tracker,609,609,3.0,3.0,0.48397360199129613,0.5245746421998133,True,mass_volume_step,Pos58,ch09
630,True,tracker,630,630,3.0,3.0,0.49260964407560864,0.5154308950899339,True,mass_volume_step,Pos58,ch09
656,True,tracker,656,656,3.0,3.0,0.5018081488412742,0.5993964780776985,True,mass_volume_step,Pos58,ch09
677,True,tracker,677,677,3.0,3.0,0.5178719128431833,0.5471327871052167,True,mass_volume_step,Pos58,ch09
699,True,tracker,699,699,3.0,3.0,0.5084722201758256,0.5552184315207699,True,mass_volume_step,Pos58,ch09
725,True,tracker,725,725,3.0,3.0,0.47850926456845133,0.53930001691828,True,mass_volume_step,Pos58,ch09
750,True,tracker,750,750,3.0,3.0,0.4814433864397904,0.5465214581342653,True,mass_volume_step,Pos58,ch09
773,True,tracker,773,773,3.0,3.0,0.48746094129756845,0.4902692677858757,True,mass_volume_step,Pos58,ch09
800,True,tracker,800,800,3.0,3.0,0.49083349928333714,0.5541263430053444,True,mass_volume_step,Pos58,ch09
824,True,tracker,824,824,3.0,3.0,0.4781782553069577,0.5310458916302154,True,mass_volume_step,Pos58,ch09
848,True,tracker,848,848,3.0,3.0,0.4904441017673952,0.5447328806384835,True,mass_volume_step,Pos58,ch09
875,True,tracker,875,875,3.0,3.0,0.5034305315096727,0.553215353330481,True,mass_volume_step,Pos58,ch09
897,True,tracker,897,897,3.0,3.0,0.4581950441004646,0.5117078795304957,True,mass_volume_step,Pos58,ch09
918,False,tracker,918,918,3.0,3.0,1.1788398385774155,1.1351006082655115,False,no_supported_step,Pos58,ch09
933,True,tracker,933,933,3.0,3.0,0.5232393329257929,0.5386242659022172,True,mass_volume_step,Pos58,ch09
952,True,tracker,952,952,3.0,3.0,0.505108358285005,0.5352831094153124,True,mass_volume_step,Pos58,ch09
978,True,tracker,978,978,3.0,3.0,0.47042388222432246,0.5198724863034174,True,mass_volume_step,Pos58,ch09
1000,True,tracker,1000,1000,3.0,3.0,0.4734113566036873,0.498324100780543,True,mass_volume_step,Pos58,ch09
1027,True,tracker,1027,1027,3.0,3.0,0.4693489766196959,0.4918637766111064,True,mass_volume_step,Pos58,ch09
1050,True,tracker,1050,1050,3.0,3.0,0.5158803683724013,0.523938104882599,True,mass_volume_step,Pos58,ch09
1078,True,tracker,1078,1078,3.0,3.0,0.4366226279298085,0.45633344100055273,True,mass_volume_step,Pos58,ch09
1104,True,tracker,1104,1104,3.0,3.0,0.4621732599139854,0.5005576726106863,True,mass_volume_step,Pos58,ch09
1128,True,tracker,1128,1128,3.0,3.0,0.4559668753748055,0.512002223088652,True,mass_volume_step,Pos58,ch09
1156,True,tracker,1156,1156,3.0,3.0,0.5000007159328957,0.5186829118911365,True,mass_volume_step,Pos58,ch09
1158,False,tracker,1157,1158,3.0,3.0,0.4718870359154355,0.5222912596450031,True,mass_volume_step,Pos58,ch09
1183,True,tracker,1183,1183,3.0,3.0,0.49313526942225394,0.5342911170256317,True,mass_volume_step,Pos58,ch09
16,False,recovered,15,16,,,0.537832397701779,0.583512282947817,True,persistent_step_between_good_measurements,Pos58,ch10
40,True,tracker,40,40,3.0,3.0,0.5104819018115976,0.5128929332688984,True,mass_volume_step,Pos58,ch10
64,True,tracker,64,64,3.0,3.0,0.5058571021490956,0.5265178373969039,True,mass_volume_step,Pos58,ch10
88,True,tracker,88,88,3.0,3.0,0.49850665609649586,0.5189371743266962,True,mass_volume_step,Pos58,ch10
116,True,tracker,116,116,3.0,3.0,0.5318862389441225,0.5452280148310973,True,mass_volume_step,Pos58,ch10
139,True,tracker,139,139,3.0,3.0,0.5251495316093961,0.5665813913064403,True,mass_volume_step,Pos58,ch10
161,True,tracker,161,161,3.0,3.0,0.5128872048288119,0.5320682548468659,True,mass_volume_step,Pos58,ch10
187,True,tracker,187,187,3.0,3.0,0.5023033930058692,0.5093250813132505,True,mass_volume_step,Pos58,ch10
212,True,tracker,212,212,3.0,3.0,0.4785849643068952,0.5557380448374604,True,mass_volume_step,Pos58,ch10
234,True,tracker,234,234,3.0,3.0,0.5007201896925846,0.5530953504341802,True,mass_volume_step,Pos58,ch10
263,True,tracker,263,263,3.0,3.0,0.49507229628875077,0.5344363347775895,True,mass_volume_step,Pos58,ch10
289,True,tracker,289,289,3.0,3.0,0.5652314041619987,0.5755225321224646,True,mass_volume_step,Pos58,ch10
309,True,tracker,309,309,3.0,3.0,0.47094942285958086,0.48451637792297897,True,mass_volume_step,Pos58,ch10
333,True,tracker,333,333,3.0,3.0,0.5157938189321214,0.5410730079478867,True,mass_volume_step,Pos58,ch10
357,True,tracker,357,357,3.0,3.0,0.5308276033088459,0.5386143755224495,True,mass_volume_step,Pos58,ch10
382,True,tracker,382,382,3.0,3.0,0.5278249293922289,0.5716072807576316,True,mass_volume_step,Pos58,ch10
403,True,tracker,403,403,3.0,3.0,0.5405021554220839,0.5430114294118399,True,mass_volume_step,Pos58,ch10
424,True,tracker,424,424,3.0,3.0,0.5216169036307581,0.5025517909504315,True,mass_volume_step,Pos58,ch10
450,True,tracker,450,450,3.0,3.0,0.4846831394526424,0.5049112880358222,True,mass_volume_step,Pos58,ch10
454,False,tracker,454,454,3.0,3.0,1.1635497100782801,1.2026201481713732,False,no_supported_step,Pos58,ch10
475,True,tracker,475,475,3.0,3.0,0.5374535848626896,0.5365563329749664,True,mass_volume_step,Pos58,ch10
497,True,tracker,497,497,3.0,3.0,0.49871035235526967,0.5341619787452951,True,mass_volume_step,Pos58,ch10
522,True,tracker,522,522,3.0,3.0,0.5742370971978146,0.592859459036904,True,mass_volume_step,Pos58,ch10
547,True,tracker,547,547,3.0,3.0,0.5017189050106228,0.549939579722215,True,mass_volume_step,Pos58,ch10
567,True,tracker,567,567,3.0,3.0,0.5075992997818322,0.5359713257420535,True,mass_volume_step,Pos58,ch10
594,True,tracker,594,594,3.0,3.0,0.4871364060444408,0.5255249393529319,True,mass_volume_step,Pos58,ch10
615,True,tracker,615,615,3.0,3.0,0.5251526793263971,0.5355235330582903,True,mass_volume_step,Pos58,ch10
639,True,tracker,639,639,3.0,3.0,0.5294589060047186,0.5681051826797368,True,mass_volume_step,Pos58,ch10
662,True,tracker,662,662,3.0,3.0,0.4967093134047533,0.5019194195778965,True,mass_volume_step,Pos58,ch10
692,True,tracker,692,692,3.0,3.0,0.5283511156737929,0.568901940280993,True,mass_volume_step,Pos58,ch10
716,True,tracker,716,716,3.0,3.0,0.5306355876349466,0.5582160848067205,True,mass_volume_step,Pos58,ch10
742,True,tracker,742,742,3.0,3.0,0.5293382173227773,0.5119965818039971,True,mass_volume_step,Pos58,ch10
764,True,tracker,764,764,3.0,3.0,0.5162037208629676,0.49171607381695054,True,mass_volume_step,Pos58,ch10
785,True,tracker,785,785,3.0,3.0,0.45952593391582597,0.43457581565125764,True,mass_volume_step,Pos58,ch10
825,True,tracker,825,825,3.0,3.0,0.5050381464023738,0.5173403219832907,True,mass_volume_step,Pos58,ch10
843,True,tracker,843,843,3.0,3.0,0.5461864075209878,0.5494341775301705,True,mass_volume_step,Pos58,ch10
870,True,tracker,870,870,3.0,3.0,0.5223079618978819,0.5300034850430073,True,mass_volume_step,Pos58,ch10
890,True,tracker,890,890,3.0,3.0,0.5288001028126095,0.5693997737288142,True,mass_volume_step,Pos58,ch10
914,True,tracker,914,914,3.0,3.0,0.49332610372090974,0.5230102056895556,True,mass_volume_step,Pos58,ch10
938,True,tracker,938,938,3.0,3.0,0.5413156872791065,0.6017993231551017,True,mass_volume_step,Pos58,ch10
960,True,tracker,960,960,3.0,3.0,0.52553227706364,0.5572868629409602,True,mass_volume_step,Pos58,ch10
984,True,tracker,984,984,3.0,3.0,0.523281855204277,0.5465095496966852,True,mass_volume_step,Pos58,ch10
1013,True,tracker,1013,1013,3.0,3.0,0.5246403395332951,0.5534298893447005,True,mass_volume_step,Pos58,ch10
1036,True,tracker,1036,1036,3.0,3.0,0.5092211882876237,0.5415825621837932,True,mass_volume_step,Pos58,ch10
1066,True,tracker,1066,1066,3.0,3.0,0.5440539313971348,0.5622291502826258,True,mass_volume_step,Pos58,ch10
1089,True,tracker,1089,1089,3.0,3.0,0.5224083757793374,0.5276771110635259,True,mass_volume_step,Pos58,ch10
1110,True,tracker,1110,1110,3.0,3.0,0.5577349515037755,0.5978720071835533,True,mass_volume_step,Pos58,ch10
1138,True,tracker,1138,1138,3.0,3.0,0.49645365516383394,0.5778007462581923,True,mass_volume_step,Pos58,ch10
1163,True,tracker,1163,1163,3.0,3.0,0.5229728241156504,0.538427278558785,True,mass_volume_step,Pos58,ch10
1192,True,tracker,1192,1192,3.0,3.0,0.5081107757625793,0.4898284311959941,True,mass_volume_step,Pos58,ch10
20,True,tracker,20,20,3.0,3.0,0.5122326511086965,0.5329517605117691,True,mass_volume_step,Pos59,ch09
45,True,tracker,45,45,3.0,3.0,0.5227986304632866,0.5000026843513729,True,mass_volume_step,Pos59,ch09
68,True,tracker,68,68,3.0,3.0,0.5187398793176086,0.5776484310649267,True,mass_volume_step,Pos59,ch09
93,True,tracker,93,93,3.0,3.0,0.5113962730618165,0.5709049335817892,True,mass_volume_step,Pos59,ch09
116,True,tracker,116,116,3.0,3.0,0.5342292015332877,0.5128102882777206,True,mass_volume_step,Pos59,ch09
141,True,tracker,141,141,3.0,3.0,0.48869704816143184,0.5150001185666822,True,mass_volume_step,Pos59,ch09
163,True,tracker,163,163,3.0,3.0,0.4374812704409869,0.47572909625453386,True,mass_volume_step,Pos59,ch09
191,True,tracker,191,191,3.0,3.0,0.5032060001026022,0.538290508253395,True,mass_volume_step,Pos59,ch09
216,False,recovered,215,216,,,0.5558914058464284,0.6168880066958203,True,persistent_step_between_good_measurements,Pos59,ch09
241,True,tracker,241,241,3.0,3.0,0.4980296533686568,0.5149362128500944,True,mass_volume_step,Pos59,ch09
266,True,tracker,266,266,3.0,3.0,0.47255094414823506,0.46088615574247954,True,mass_volume_step,Pos59,ch09
295,True,tracker,295,295,3.0,3.0,0.5125140843138589,0.5843972888535571,True,mass_volume_step,Pos59,ch09
315,True,tracker,315,315,3.0,3.0,0.4839036398226045,0.546541308595008,True,mass_volume_step,Pos59,ch09
340,True,tracker,340,340,3.0,3.0,0.5067440869556896,0.5463803293404279,True,mass_volume_step,Pos59,ch09
365,True,tracker,365,365,3.0,3.0,0.44327522459866736,0.4791909096785878,True,mass_volume_step,Pos59,ch09
392,True,tracker,392,392,3.0,3.0,0.4876973244866617,0.49089226848807704,True,mass_volume_step,Pos59,ch09
418,True,tracker,418,418,3.0,3.0,0.5132575746447775,0.4952031268255275,True,mass_volume_step,Pos59,ch09
439,True,tracker,439,439,3.0,3.0,0.4395853982025266,0.4889389568433939,True,mass_volume_step,Pos59,ch09
468,True,tracker,468,468,3.0,3.0,0.47779468576648415,0.5230935464199583,True,mass_volume_step,Pos59,ch09
481,False,tracker,481,481,3.0,3.0,1.1825059472972927,1.0553334217976147,False,no_supported_step,Pos59,ch09
491,False,tracker,491,491,3.0,3.0,1.1465339603752542,1.052762598071552,False,no_supported_step,Pos59,ch09
494,False,recovered,493,494,,,0.5176776659057097,0.5895820936197881,True,persistent_step_between_good_measurements,Pos59,ch09
511,False,tracker,511,511,3.0,3.0,1.1681709265298514,1.0483241856776455,False,no_supported_step,Pos59,ch09
520,True,tracker,520,520,3.0,3.0,0.47615100675729577,0.5143951326789232,True,mass_volume_step,Pos59,ch09
540,True,tracker,540,540,3.0,3.0,0.49683250110063304,0.5028844711316858,True,mass_volume_step,Pos59,ch09
565,True,tracker,565,565,3.0,3.0,0.47401597151730784,0.5428465850248682,True,mass_volume_step,Pos59,ch09
593,True,tracker,593,593,3.0,3.0,0.5083727242254761,0.5681066021454269,True,mass_volume_step,Pos59,ch09
619,True,tracker,619,619,3.0,3.0,0.481375912494987,0.49455619072377455,True,mass_volume_step,Pos59,ch09
643,True,tracker,643,643,3.0,3.0,0.4832765538924919,0.5066466878242674,True,mass_volume_step,Pos59,ch09
671,True,tracker,671,671,3.0,3.0,0.4682229539122338,0.4750042315774888,True,mass_volume_step,Pos59,ch09
697,False,recovered,696,697,,,0.4998671967540416,0.5783243712460923,True,persistent_step_between_good_measurements,Pos59,ch09
719,True,tracker,719,719,3.0,3.0,0.48238026861262245,0.48506020776033787,True,mass_volume_step,Pos59,ch09
751,False,recovered,750,751,,,0.5372357254677538,0.5958941273827812,True,persistent_step_between_good_measurements,Pos59,ch09
771,True,tracker,771,771,3.0,3.0,0.5019220655340922,0.5333001243281016,True,mass_volume_step,Pos59,ch09
796,True,tracker,796,796,3.0,3.0,0.49348396280784496,0.5454056188015156,True,mass_volume_step,Pos59,ch09
1053,False,tracker,1053,1053,3.0,3.0,1.0715865306308832,1.1012712778515967,False,no_supported_step,Pos59,ch09
1064,True,tracker,1064,1065,3.0,3.0,0.27835506908271757,0.25503934190754274,True,mass_volume_step,Pos59,ch09
1079,False,recovered,1079,1079,,,0.764791962162236,0.8270918811026351,True,persistent_step_between_good_measurements,Pos59,ch09
1101,True,tracker,1101,1101,3.0,3.0,0.37543436021858123,0.358607456659199,True,mass_volume_step,Pos59,ch09
1119,False,tracker,1119,1119,3.0,3.0,1.0657418752413501,1.1481557546353292,False,no_supported_step,Pos59,ch09
1123,True,tracker,1123,1123,3.0,3.0,0.6332275524228191,0.5983216666131151,True,mass_volume_step,Pos59,ch09
1127,False,tracker,1127,1127,3.0,3.0,0.9967201975577954,0.9584524957156126,False,no_supported_step,Pos59,ch09
1130,False,tracker,1130,1130,3.0,3.0,1.6725125644916348,1.7217198833788618,False,no_supported_step,Pos59,ch09
1135,False,tracker,1135,1135,3.0,3.0,1.0086289853453156,1.0122351042007665,False,no_supported_step,Pos59,ch09
1142,True,tracker,1142,1144,3.0,3.0,0.5896259868043318,0.6166097345047296,False,no_local_step_at_candidate,Pos59,ch09
1145,False,tracker,1145,1147,3.0,3.0,0.5645389737896932,0.5582691679017767,False,duplicate_good_measurement_step,Pos59,ch09
1147,False,tracker,1145,1147,3.0,3.0,0.5645389737896932,0.5582691679017767,True,mass_volume_step,Pos59,ch09
1167,False,tracker,1167,1167,3.0,3.0,0.9920148667310396,0.9641328072717261,False,no_supported_step,Pos59,ch09
1169,False,tracker,1169,1169,3.0,3.0,1.0161631880158801,1.0040371316934562,False,no_supported_step,Pos59,ch09
1174,False,tracker,1174,1174,3.0,3.0,1.0164358242441571,1.023040684092409,False,no_supported_step,Pos59,ch09
1186,True,tracker,1186,1186,3.0,3.0,1.0267610505141676,1.0483476465707489,False,no_supported_step,Pos59,ch09
11,True,tracker,11,11,3.0,3.0,0.468129942181141,0.5291531037740691,True,mass_volume_step,Pos59,ch10
35,True,tracker,35,35,3.0,3.0,0.5158797704184153,0.5381720702865033,True,mass_volume_step,Pos59,ch10
64,False,recovered,63,64,,,0.46671745893458727,0.5207668230470814,True,persistent_step_between_good_measurements,Pos59,ch10
90,True,tracker,90,90,3.0,3.0,0.4629870276250375,0.4949122198996936,True,mass_volume_step,Pos59,ch10
119,True,tracker,119,119,3.0,3.0,0.48761235136028674,0.5237680025059717,True,mass_volume_step,Pos59,ch10
147,False,tracker,147,147,3.0,3.0,1.1082661863166696,1.0489081142013137,False,no_supported_step,Pos59,ch10
149,True,tracker,149,149,3.0,3.0,0.4587914521702831,0.4949539167851673,True,mass_volume_step,Pos59,ch10
176,True,tracker,174,177,3.0,3.0,0.5407319735378163,0.6222882316530558,True,mass_volume_step,Pos59,ch10
200,True,tracker,200,200,3.0,3.0,0.4437528818627753,0.47201953228198734,True,mass_volume_step,Pos59,ch10
219,True,tracker,219,219,3.0,3.0,1.2540584900225447,1.2350856213395416,False,no_supported_step,Pos59,ch10
231,True,tracker,231,231,3.0,3.0,0.5156806451758075,0.5651067419337271,True,mass_volume_step,Pos59,ch10
260,True,tracker,260,260,3.0,3.0,0.49912287045226605,0.5081772867254878,True,mass_volume_step,Pos59,ch10
287,True,tracker,287,287,3.0,3.0,0.4686963321794447,0.4819695363801494,True,mass_volume_step,Pos59,ch10
312,True,tracker,312,312,3.0,3.0,0.49724120786863174,0.5195003036088213,True,mass_volume_step,Pos59,ch10
328,True,tracker,328,328,3.0,3.0,0.5171940640664876,0.5604063364629607,True,mass_volume_step,Pos59,ch10
353,True,tracker,353,353,3.0,3.0,0.46628333657780885,0.4835372457630296,True,mass_volume_step,Pos59,ch10
376,True,tracker,376,376,3.0,3.0,0.47052062883346174,0.5490664819609088,True,mass_volume_step,Pos59,ch10
402,True,tracker,400,402,3.0,3.0,0.523508935937918,0.5781060521250473,False,no_local_step_at_candidate,Pos59,ch10
403,True,tracker,403,403,3.0,3.0,0.511849519036493,0.5460948845026263,True,mass_volume_step,Pos59,ch10
432,True,tracker,432,432,3.0,3.0,0.5071598122137208,0.5312572095429142,True,mass_volume_step,Pos59,ch10
456,False,recovered,453,456,,,0.6014207882255281,0.5868288197671421,True,persistent_step_between_good_measurements,Pos59,ch10
478,True,tracker,478,478,3.0,3.0,0.45558406677199986,0.515199444751812,True,mass_volume_step,Pos59,ch10
510,True,tracker,510,510,3.0,3.0,0.5081426999088374,0.5333210690148112,True,mass_volume_step,Pos59,ch10
536,True,tracker,536,536,3.0,3.0,0.5312537074288087,0.549740899684892,True,mass_volume_step,Pos59,ch10
554,True,tracker,554,554,3.0,3.0,0.4946415547083772,0.514066697035481,True,mass_volume_step,Pos59,ch10
578,True,tracker,578,578,3.0,3.0,0.4764007898043664,0.5385977575141275,True,mass_volume_step,Pos59,ch10
597,True,tracker,597,597,3.0,3.0,0.49782165241298415,0.5522938286807779,True,mass_volume_step,Pos59,ch10
635,True,tracker,635,635,3.0,3.0,0.5245125552273419,0.5570781978174071,True,mass_volume_step,Pos59,ch10
652,True,tracker,652,652,3.0,3.0,0.5312471781440086,0.5491453324848169,True,mass_volume_step,Pos59,ch10
677,True,tracker,677,677,3.0,3.0,0.4696612179461133,0.5052483541047158,True,mass_volume_step,Pos59,ch10
705,True,tracker,705,705,3.0,3.0,0.49079693896076976,0.5547558602859131,True,mass_volume_step,Pos59,ch10
725,True,tracker,725,725,3.0,3.0,0.5086919078516561,0.558623427964116,True,mass_volume_step,Pos59,ch10
759,True,tracker,759,759,3.0,3.0,0.47202498045358804,0.47486174548383014,True,mass_volume_step,Pos59,ch10
780,True,tracker,780,780,3.0,3.0,0.5064759836492242,0.5128232124198915,True,mass_volume_step,Pos59,ch10
807,True,tracker,807,807,3.0,3.0,0.476868010326764,0.5068636527926658,True,mass_volume_step,Pos59,ch10
821,False,tracker,821,821,3.0,3.0,1.2829733736182576,1.2843347767836595,False,no_supported_step,Pos59,ch10
824,False,tracker,824,824,3.0,3.0,1.29968876729762,1.3017788602350888,False,no_supported_step,Pos59,ch10
826,False,tracker,826,826,2.0,3.0,1.239765179158695,1.279670811342319,False,no_supported_step,Pos59,ch10
836,False,recovered,835,836,,,0.49512711727185105,0.5309205860765556,True,persistent_step_between_good_measurements,Pos59,ch10
855,False,tracker,851,861,3.0,3.0,0.7314684150691353,0.7142530485249188,False,local_gap_too_long,Pos59,ch10
861,True,tracker,861,861,0.0,3.0,,,False,insufficient_good_points,Pos59,ch10
884,True,tracker,884,884,3.0,3.0,0.5032701078749188,0.5099089447496711,True,mass_volume_step,Pos59,ch10
901,False,tracker,901,901,3.0,3.0,1.3024347484749457,1.264295066250884,False,no_supported_step,Pos59,ch10
905,True,tracker,905,905,3.0,3.0,1.3423189173605339,1.2491416764465153,False,no_supported_step,Pos59,ch10
911,False,recovered,908,911,,,0.5354978153044361,0.5383924666571692,True,persistent_step_between_good_measurements,Pos59,ch10
932,True,tracker,932,932,3.0,3.0,0.4526397401639437,0.5043379567362786,True,mass_volume_step,Pos59,ch10
953,False,tracker,953,953,3.0,3.0,2.2020365297175397,2.0518216276627617,False,no_supported_step,Pos59,ch10
955,False,tracker,955,955,2.0,3.0,2.1632561718343744,2.0127230461008723,False,no_supported_step,Pos59,ch10
960,True,tracker,960,961,3.0,3.0,0.3035832528127368,0.3091268183883837,True,mass_volume_step,Pos59,ch10
982,False,tracker,982,982,3.0,3.0,1.1277381027331161,1.034040867929926,False,no_supported_step,Pos59,ch10
984,True,tracker,984,984,3.0,3.0,0.4782193663604258,0.5317647523306684,True,mass_volume_step,Pos59,ch10
1011,False,recovered,1008,1011,,,0.5088432962475267,0.5346373509730172,True,persistent_step_between_good_measurements,Pos59,ch10
1034,True,tracker,1034,1034,3.0,3.0,0.4956745432076845,0.5370005965298384,True,mass_volume_step,Pos59,ch10
1061,True,tracker,1061,1061,3.0,3.0,0.4731557025322972,0.5147182369460428,True,mass_volume_step,Pos59,ch10
1087,False,recovered,1086,1087,,,0.5070382677103217,0.5367773472130171,True,persistent_step_between_good_measurements,Pos59,ch10
1117,True,tracker,1116,1118,3.0,3.0,0.5370808074085063,0.5304267150705008,True,mass_volume_step,Pos59,ch10
1143,True,tracker,1143,1143,3.0,3.0,0.4966962594308945,0.5005899965864199,True,mass_volume_step,Pos59,ch10
1167,False,recovered,1160,1167,,,0.6302709412387849,0.618928331640582,True,persistent_step_between_good_measurements,Pos59,ch10
1179,False,tracker,1179,1179,3.0,2.0,1.1394898323355038,1.1419695028740486,False,no_supported_step,Pos59,ch10
1195,True,tracker,1195,1195,3.0,3.0,0.42569070073676996,0.4062694002567895,True,mass_volume_step,Pos59,ch10
10,True,tracker,10,10,3.0,3.0,0.5118983535650422,0.5187009414110563,True,mass_volume_step,Pos61,ch08
39,True,tracker,39,39,3.0,3.0,0.5343317243449717,0.5396994558098199,True,mass_volume_step,Pos61,ch08
58,True,tracker,58,58,3.0,3.0,0.566037776290786,0.5642191210339133,True,mass_volume_step,Pos61,ch08
84,False,recovered,83,84,,,0.5165245294776935,0.5578115831231769,True,persistent_step_between_good_measurements,Pos61,ch08
104,True,tracker,104,104,3.0,3.0,0.5194926532792662,0.5344907092576473,True,mass_volume_step,Pos61,ch08
128,True,tracker,128,128,3.0,3.0,0.5005975590246322,0.5085116839964371,True,mass_volume_step,Pos61,ch08
160,True,tracker,160,160,3.0,3.0,0.4946143307611231,0.47336739291780144,True,mass_volume_step,Pos61,ch08
184,True,tracker,184,184,3.0,3.0,0.5301474401596461,0.5425047622609737,True,mass_volume_step,Pos61,ch08
208,True,tracker,206,208,3.0,3.0,0.6334985720945785,0.6542123314806848,False,no_local_step_at_candidate,Pos61,ch08
210,False,recovered,209,210,,,0.6052195587701504,0.6106200881593933,True,persistent_step_between_good_measurements,Pos61,ch08
231,True,tracker,231,231,3.0,3.0,0.5500542244051901,0.5727268817799036,True,mass_volume_step,Pos61,ch08
257,True,tracker,257,257,3.0,3.0,0.5255908293145891,0.5205801404740359,True,mass_volume_step,Pos61,ch08
284,True,tracker,284,284,3.0,3.0,0.5149388593098232,0.5273627975410726,True,mass_volume_step,Pos61,ch08
313,True,tracker,313,313,3.0,3.0,0.5173664282216252,0.5174206780145572,True,mass_volume_step,Pos61,ch08
334,True,tracker,334,334,3.0,3.0,0.5320717869081938,0.5811788408125937,True,mass_volume_step,Pos61,ch08
363,True,tracker,363,363,3.0,3.0,0.5311212742602187,0.5272230604076424,True,mass_volume_step,Pos61,ch08
389,True,tracker,389,389,3.0,3.0,0.5113515668265642,0.5185042548520501,True,mass_volume_step,Pos61,ch08
418,True,tracker,418,418,3.0,3.0,0.53332322187201,0.5426476997009226,True,mass_volume_step,Pos61,ch08
436,True,tracker,436,436,3.0,3.0,0.5444638583040161,0.5260879495426327,True,mass_volume_step,Pos61,ch08
463,True,tracker,463,463,3.0,3.0,0.5174100714093075,0.5342026720653065,True,mass_volume_step,Pos61,ch08
486,True,tracker,486,486,3.0,3.0,0.5299151043068981,0.544240403852532,True,mass_volume_step,Pos61,ch08
512,True,tracker,512,512,3.0,3.0,0.5098888938614892,0.5240008767350651,True,mass_volume_step,Pos61,ch08
534,True,tracker,534,534,3.0,3.0,0.5364395110858619,0.5599187679688427,True,mass_volume_step,Pos61,ch08
562,True,tracker,562,562,3.0,3.0,0.49933572094378675,0.5047016152721936,True,mass_volume_step,Pos61,ch08
585,True,tracker,585,585,3.0,3.0,0.5238596645783351,0.5575242471507575,True,mass_volume_step,Pos61,ch08
608,True,tracker,608,608,3.0,3.0,0.5177391561453418,0.5269570411570438,True,mass_volume_step,Pos61,ch08
636,True,tracker,636,636,3.0,3.0,0.5012941613977345,0.5180715787600336,True,mass_volume_step,Pos61,ch08
672,True,tracker,672,672,3.0,3.0,0.5071219705650785,0.501869780574682,True,mass_volume_step,Pos61,ch08
691,True,tracker,691,691,3.0,3.0,0.553833874687547,0.5584190991668745,True,mass_volume_step,Pos61,ch08
714,True,tracker,714,714,3.0,3.0,0.5006529564829553,0.4917925060565584,True,mass_volume_step,Pos61,ch08
736,True,tracker,736,736,3.0,3.0,0.5249838872181944,0.549158723568985,True,mass_volume_step,Pos61,ch08
765,False,recovered,762,765,,,0.5764654425819505,0.5952751299737072,True,persistent_step_between_good_measurements,Pos61,ch08
786,True,tracker,786,786,3.0,3.0,0.5558130706365507,0.5815977263321459,True,mass_volume_step,Pos61,ch08
813,True,tracker,813,813,3.0,3.0,0.5013992589367416,0.5183034798960261,True,mass_volume_step,Pos61,ch08
840,True,tracker,840,840,3.0,3.0,0.5398910265824644,0.5783965005296324,True,mass_volume_step,Pos61,ch08
883,True,tracker,883,883,3.0,3.0,0.5278111422035736,0.5275266797431986,True,mass_volume_step,Pos61,ch08
903,True,tracker,903,903,3.0,3.0,0.5436067959476008,0.5374073352324222,True,mass_volume_step,Pos61,ch08
923,True,tracker,923,923,3.0,3.0,0.531941576832257,0.5419709926797571,True,mass_volume_step,Pos61,ch08
951,True,tracker,951,951,3.0,3.0,0.5070994743614692,0.5456475507566034,True,mass_volume_step,Pos61,ch08
971,True,tracker,971,971,3.0,3.0,0.5348200307305672,0.5479613897151414,True,mass_volume_step,Pos61,ch08
993,True,tracker,993,993,3.0,3.0,0.4705252316630425,0.4866456863956509,True,mass_volume_step,Pos61,ch08
1009,True,tracker,1009,1009,3.0,3.0,1.323171440915493,1.3248777655305464,False,no_supported_step,Pos61,ch08
1012,False,tracker,1012,1012,2.0,3.0,1.20339686272566,1.2045028597734275,False,no_supported_step,Pos61,ch08
1020,True,tracker,1020,1020,3.0,3.0,0.49508509343995166,0.49816081699922043,True,mass_volume_step,Pos61,ch08
1049,False,recovered,1048,1049,,,0.5094697433642292,0.5223713502014965,True,persistent_step_between_good_measurements,Pos61,ch08
1086,True,tracker,1086,1086,3.0,3.0,0.5443613289340494,0.5178670333035281,True,mass_volume_step,Pos61,ch08
1114,True,tracker,1114,1114,3.0,3.0,0.5410461615071935,0.5464892263725656,True,mass_volume_step,Pos61,ch08
1139,True,tracker,1139,1139,3.0,3.0,0.5062653681579262,0.5182589767477603,True,mass_volume_step,Pos61,ch08
1167,True,tracker,1167,1167,3.0,3.0,0.5087984401385303,0.516806174257335,True,mass_volume_step,Pos61,ch08
26,True,tracker,26,26,3.0,3.0,0.5307609336427453,0.5282145734281438,True,mass_volume_step,Pos61,ch10
50,True,tracker,50,50,3.0,3.0,0.5521453921227809,0.5266591260255917,True,mass_volume_step,Pos61,ch10
76,True,tracker,76,76,3.0,3.0,0.49617428240376354,0.4961745915945549,True,mass_volume_step,Pos61,ch10
101,True,tracker,101,101,3.0,3.0,0.5006269349571266,0.5253886652647015,True,mass_volume_step,Pos61,ch10
124,True,tracker,124,124,3.0,3.0,0.5150003033307629,0.526335454438928,True,mass_volume_step,Pos61,ch10
153,True,tracker,153,153,3.0,3.0,0.5514965544232638,0.5250824226389057,True,mass_volume_step,Pos61,ch10
173,True,tracker,173,173,3.0,3.0,0.5495573696930075,0.550654338341946,True,mass_volume_step,Pos61,ch10
201,True,tracker,201,201,3.0,3.0,0.5462497743775868,0.5214669230284572,True,mass_volume_step,Pos61,ch10
228,True,tracker,228,228,3.0,3.0,0.5495235707678322,0.5640072924909707,True,mass_volume_step,Pos61,ch10
256,True,tracker,256,256,3.0,3.0,0.5498006974667737,0.5566067448814243,True,mass_volume_step,Pos61,ch10
279,True,tracker,279,279,3.0,3.0,0.500490697610678,0.4901810042258894,True,mass_volume_step,Pos61,ch10
304,True,tracker,304,304,3.0,3.0,0.5302085976724361,0.5199374586844215,True,mass_volume_step,Pos61,ch10
329,True,tracker,329,329,3.0,3.0,0.5157728417290561,0.5499493641688836,True,mass_volume_step,Pos61,ch10
353,True,tracker,353,353,3.0,3.0,0.506598926624639,0.5191743646281212,True,mass_volume_step,Pos61,ch10
377,True,tracker,377,377,3.0,3.0,0.5192583471889164,0.5129316084813648,True,mass_volume_step,Pos61,ch10
406,True,tracker,406,406,3.0,3.0,0.5244826017683049,0.5124153471585986,True,mass_volume_step,Pos61,ch10
431,True,tracker,431,431,3.0,3.0,0.5106170381841465,0.5299092576694004,True,mass_volume_step,Pos61,ch10
456,True,tracker,456,456,3.0,3.0,0.5284134542868164,0.5430524094224461,True,mass_volume_step,Pos61,ch10
481,True,tracker,481,481,3.0,3.0,0.526692793255764,0.5271831026772181,True,mass_volume_step,Pos61,ch10
508,True,tracker,508,508,3.0,3.0,0.5176029043636571,0.5122689884605679,True,mass_volume_step,Pos61,ch10
537,True,tracker,537,537,3.0,3.0,0.5294545546096983,0.5185702300682103,True,mass_volume_step,Pos61,ch10
560,True,tracker,560,560,3.0,3.0,0.527348134850178,0.5381003535038512,True,mass_volume_step,Pos61,ch10
584,True,tracker,584,584,3.0,3.0,0.5530360770225125,0.5495480274408321,True,mass_volume_step,Pos61,ch10
606,True,tracker,606,606,3.0,3.0,0.5307460311546363,0.5447056398582443,True,mass_volume_step,Pos61,ch10
628,True,tracker,628,628,3.0,3.0,0.5438953174420148,0.49123661983508,True,mass_volume_step,Pos61,ch10
656,True,tracker,656,656,3.0,3.0,0.5466247953329706,0.5594383288683076,True,mass_volume_step,Pos61,ch10
680,True,tracker,680,680,3.0,3.0,0.5408068335860177,0.5142766962525375,True,mass_volume_step,Pos61,ch10
704,True,tracker,704,704,3.0,3.0,0.537250610214304,0.5479145135034554,True,mass_volume_step,Pos61,ch10
727,True,tracker,727,727,3.0,3.0,0.4693822029165332,0.5043342951982174,True,mass_volume_step,Pos61,ch10
756,True,tracker,756,756,3.0,3.0,0.49514412279932,0.5140186702557704,True,mass_volume_step,Pos61,ch10
782,True,tracker,782,782,3.0,3.0,0.555170102343638,0.5733022791908515,True,mass_volume_step,Pos61,ch10
794,True,tracker,794,794,3.0,3.0,1.1964681775301742,1.1929527585121495,False,no_supported_step,Pos61,ch10
805,True,tracker,805,805,3.0,3.0,0.5064009273679402,0.4809881986780735,True,mass_volume_step,Pos61,ch10
831,False,recovered,830,831,,,0.5435772809244196,0.567556351412429,True,persistent_step_between_good_measurements,Pos61,ch10
856,True,tracker,856,856,3.0,3.0,0.5194213041973968,0.5377410767061201,True,mass_volume_step,Pos61,ch10
880,True,tracker,880,880,3.0,3.0,0.5065318928204074,0.5199565097103481,True,mass_volume_step,Pos61,ch10
905,False,tracker,905,905,3.0,3.0,1.1068917579893585,1.0515703535943692,False,no_supported_step,Pos61,ch10
911,True,tracker,911,911,3.0,3.0,0.5497232565831591,0.553921815775383,True,mass_volume_step,Pos61,ch10
935,True,tracker,935,935,3.0,3.0,0.530994490560928,0.5278145089641407,True,mass_volume_step,Pos61,ch10
956,True,tracker,956,956,3.0,3.0,0.5464791172898769,0.560821037501756,True,mass_volume_step,Pos61,ch10
979,True,tracker,979,979,3.0,3.0,0.5264457216519324,0.5249044243983249,True,mass_volume_step,Pos61,ch10
1001,True,tracker,1001,1001,3.0,3.0,0.5166308045475234,0.49825158470894393,True,mass_volume_step,Pos61,ch10
1031,False,recovered,1030,1031,,,0.5167985668585438,0.5385401383456865,True,persistent_step_between_good_measurements,Pos61,ch10
1047,False,tracker,1047,1047,3.0,3.0,1.1455669021651056,1.1306089077370378,False,no_supported_step,Pos61,ch10
1054,True,tracker,1054,1054,3.0,3.0,0.5210248892998313,0.5115045832051326,True,mass_volume_step,Pos61,ch10
1085,False,recovered,1084,1085,,,0.5116502845256007,0.5138223615762917,True,persistent_step_between_good_measurements,Pos61,ch10
1112,True,tracker,1112,1112,3.0,3.0,0.5533534563260156,0.5712864919670038,True,mass_volume_step,Pos61,ch10
1132,True,tracker,1132,1132,3.0,3.0,0.495527825861603,0.5109919898353771,True,mass_volume_step,Pos61,ch10
1155,True,tracker,1155,1155,1.0,3.0,,,False,insufficient_good_points,Pos61,ch10
1161,True,tracker,1161,1161,2.0,3.0,0.47542313605378295,0.4890069664910886,True,mass_volume_step,Pos61,ch10
1184,False,tracker,1184,1184,0.0,3.0,,,False,insufficient_good_points,Pos61,ch10
1188,True,tracker,1188,1188,0.0,3.0,,,False,insufficient_good_points,Pos61,ch10
1191,True,tracker,1191,1191,2.0,3.0,0.7450636314009617,0.6517447460105722,True,mass_volume_step,Pos61,ch10
1196,False,recovered,1195,1196,,,0.5426328453792942,0.5540546203515052,True,persistent_step_between_good_measurements,Pos61,ch10
10,True,tracker,10,10,3.0,3.0,0.5660921299586804,0.5828935915050338,True,mass_volume_step,Pos66,ch01
36,True,tracker,36,36,3.0,3.0,0.49538475890293115,0.4778213129668178,True,mass_volume_step,Pos66,ch01
61,True,tracker,61,61,3.0,3.0,0.5146265901002179,0.47241086508236213,True,mass_volume_step,Pos66,ch01
88,True,tracker,88,88,3.0,3.0,0.5147694057940239,0.5067980367728833,True,mass_volume_step,Pos66,ch01
108,True,tracker,108,108,3.0,3.0,0.5171978182109055,0.49180872293813693,True,mass_volume_step,Pos66,ch01
139,True,tracker,139,139,3.0,3.0,0.5411983893342633,0.5579112130208286,True,mass_volume_step,Pos66,ch01
159,True,tracker,159,159,3.0,3.0,0.5236626266717167,0.5554956410225321,True,mass_volume_step,Pos66,ch01
180,True,tracker,180,180,3.0,3.0,0.5045348401644726,0.5405342235982795,True,mass_volume_step,Pos66,ch01
219,True,tracker,219,219,3.0,3.0,0.4848766303936262,0.4761425879529394,True,mass_volume_step,Pos66,ch01
242,True,tracker,242,242,3.0,3.0,0.5124214304889042,0.5413622384104787,True,mass_volume_step,Pos66,ch01
263,True,tracker,263,263,3.0,3.0,0.5020970909197237,0.4723166416739553,True,mass_volume_step,Pos66,ch01
288,True,tracker,288,288,3.0,3.0,0.5346855442392012,0.5320074125708858,True,mass_volume_step,Pos66,ch01
316,True,tracker,316,316,3.0,3.0,0.5123014964620808,0.49084750725421333,True,mass_volume_step,Pos66,ch01
340,True,tracker,340,340,3.0,3.0,0.5459275869007747,0.5090817299885325,True,mass_volume_step,Pos66,ch01
370,True,tracker,370,370,3.0,3.0,0.5125018587852812,0.523540481669143,True,mass_volume_step,Pos66,ch01
388,True,tracker,388,388,3.0,3.0,0.5356086866730917,0.5317184975480251,True,mass_volume_step,Pos66,ch01
413,True,tracker,413,413,3.0,3.0,0.5352515689980616,0.5174301373420626,True,mass_volume_step,Pos66,ch01
440,True,tracker,440,440,3.0,3.0,0.508539496846814,0.571971070349518,True,mass_volume_step,Pos66,ch01
464,True,tracker,464,464,3.0,3.0,0.5451061462065343,0.5900375323001453,True,mass_volume_step,Pos66,ch01
488,True,tracker,488,488,3.0,3.0,0.5704631696338871,0.5969982430917781,True,mass_volume_step,Pos66,ch01
521,True,tracker,521,521,3.0,3.0,0.5452253108088667,0.5436113267476943,True,mass_volume_step,Pos66,ch01
543,True,tracker,543,543,3.0,3.0,0.5492187124552133,0.5617272126212305,True,mass_volume_step,Pos66,ch01
566,True,tracker,566,566,3.0,3.0,0.511436061050322,0.5269500210407355,True,mass_volume_step,Pos66,ch01
591,True,tracker,591,591,3.0,3.0,0.5350616614340244,0.5147135769470441,True,mass_volume_step,Pos66,ch01
614,True,tracker,614,614,3.0,3.0,0.5503992841582387,0.5856703838875961,True,mass_volume_step,Pos66,ch01
639,True,tracker,639,639,3.0,3.0,0.5097677741602622,0.48523684452104393,True,mass_volume_step,Pos66,ch01
667,True,tracker,667,667,3.0,3.0,0.5083044580763973,0.48436538017015435,True,mass_volume_step,Pos66,ch01
690,True,tracker,690,690,3.0,3.0,0.548781838479875,0.5514224215014258,True,mass_volume_step,Pos66,ch01
717,True,tracker,717,717,3.0,3.0,0.5516614176969012,0.556002868571169,True,mass_volume_step,Pos66,ch01
743,True,tracker,743,743,3.0,3.0,0.5247672627252918,0.5068017899282106,True,mass_volume_step,Pos66,ch01
772,True,tracker,772,772,3.0,3.0,0.5024438161150564,0.4845962435887004,True,mass_volume_step,Pos66,ch01
797,True,tracker,797,797,3.0,3.0,0.5237900565986832,0.525053715722105,True,mass_volume_step,Pos66,ch01
823,True,tracker,823,823,3.0,3.0,0.5102480016733848,0.5010619821002884,True,mass_volume_step,Pos66,ch01
844,True,tracker,844,844,3.0,3.0,0.5288686429433919,0.5463182998675672,True,mass_volume_step,Pos66,ch01
873,True,tracker,873,873,3.0,3.0,0.5012210209896754,0.5004339308110408,True,mass_volume_step,Pos66,ch01
896,True,tracker,896,896,3.0,3.0,0.49966791179025555,0.4911100733127737,True,mass_volume_step,Pos66,ch01
924,True,tracker,924,924,3.0,3.0,0.496916559490176,0.4884383278188921,True,mass_volume_step,Pos66,ch01
951,True,tracker,951,951,3.0,3.0,0.48225750971256964,0.48359944587986703,True,mass_volume_step,Pos66,ch01
974,True,tracker,974,974,3.0,3.0,0.4691034961385757,0.458220511115489,True,mass_volume_step,Pos66,ch01
1001,True,tracker,1001,1001,3.0,3.0,0.4854155791342719,0.48312130228724487,True,mass_volume_step,Pos66,ch01
1025,True,tracker,1025,1025,3.0,3.0,0.5137227391836915,0.5006792337256952,True,mass_volume_step,Pos66,ch01
1051,True,tracker,1051,1051,3.0,3.0,0.520202131590384,0.5202913736460362,True,mass_volume_step,Pos66,ch01
1076,True,tracker,1076,1076,3.0,3.0,0.5084908080655839,0.5196742472877008,True,mass_volume_step,Pos66,ch01
1103,True,tracker,1103,1103,3.0,3.0,0.4935909020379014,0.5014343890459111,True,mass_volume_step,Pos66,ch01
1130,True,tracker,1130,1130,3.0,3.0,0.516496148309708,0.5207896100593846,True,mass_volume_step,Pos66,ch01
1154,True,tracker,1154,1154,3.0,3.0,0.48165841054142794,0.5080939090615332,True,mass_volume_step,Pos66,ch01
1182,True,tracker,1182,1182,3.0,3.0,0.514162440368245,0.5364122221552384,True,mass_volume_step,Pos66,ch01
5,True,tracker,5,5,3.0,3.0,0.5326259504001746,0.5440637241022157,True,mass_volume_step,Pos66,ch03
30,True,tracker,30,30,3.0,3.0,0.5226623018922533,0.5239517942040492,True,mass_volume_step,Pos66,ch03
51,True,tracker,51,51,3.0,3.0,0.5074768376454155,0.544179762911931,True,mass_volume_step,Pos66,ch03
74,False,tracker,74,74,3.0,3.0,1.159427815569092,1.1582773920995333,False,no_supported_step,Pos66,ch03
81,True,tracker,81,81,3.0,3.0,0.5005102304233278,0.49036057316406123,True,mass_volume_step,Pos66,ch03
104,True,tracker,104,104,3.0,3.0,0.47909761677107127,0.4629411892284744,True,mass_volume_step,Pos66,ch03
127,False,tracker,127,127,3.0,3.0,1.122766076367265,1.1141596721517952,False,no_supported_step,Pos66,ch03
134,True,tracker,134,134,3.0,3.0,0.5005863778790537,0.4678587366321605,True,mass_volume_step,Pos66,ch03
158,True,tracker,158,158,3.0,3.0,0.4917979937628605,0.45905587783085294,True,mass_volume_step,Pos66,ch03
182,True,tracker,182,182,3.0,3.0,0.5151868573985556,0.5184163658993645,True,mass_volume_step,Pos66,ch03
213,True,tracker,213,213,3.0,3.0,0.496956346025633,0.473687758363413,True,mass_volume_step,Pos66,ch03
239,True,tracker,239,239,3.0,3.0,0.4934840377572533,0.5176152963307283,True,mass_volume_step,Pos66,ch03
263,True,tracker,263,263,3.0,3.0,0.4834456184756873,0.530726852974193,True,mass_volume_step,Pos66,ch03
284,True,tracker,284,284,3.0,3.0,0.49802139506036375,0.5306768239444699,True,mass_volume_step,Pos66,ch03
313,True,tracker,313,313,3.0,3.0,0.5133928891759049,0.5721596835029099,True,mass_volume_step,Pos66,ch03
334,True,tracker,334,334,3.0,3.0,0.49727573970128375,0.5184280740491237,True,mass_volume_step,Pos66,ch03
356,True,tracker,356,356,3.0,3.0,0.497483870263425,0.49661733220358184,True,mass_volume_step,Pos66,ch03
382,True,tracker,382,382,3.0,3.0,0.49377512935864126,0.5276291013218,True,mass_volume_step,Pos66,ch03
409,True,tracker,409,409,3.0,3.0,0.47025080916266204,0.48934771339085614,True,mass_volume_step,Pos66,ch03
436,True,tracker,436,436,3.0,3.0,0.4921020679098715,0.5137343655151483,True,mass_volume_step,Pos66,ch03
462,True,tracker,462,462,3.0,3.0,0.49053922356219115,0.49780032057240137,True,mass_volume_step,Pos66,ch03
485,True,tracker,485,485,3.0,3.0,0.49007922676026444,0.5036657313071804,True,mass_volume_step,Pos66,ch03
516,True,tracker,516,516,3.0,3.0,0.49260736909625835,0.4453327407758469,True,mass_volume_step,Pos66,ch03
540,True,tracker,540,540,3.0,3.0,0.512200999128347,0.5596616785674967,True,mass_volume_step,Pos66,ch03
559,True,tracker,559,559,3.0,3.0,0.5074696568627941,0.5277921629957439,True,mass_volume_step,Pos66,ch03
588,True,tracker,588,588,3.0,3.0,0.5069551400311064,0.461279812014568,True,mass_volume_step,Pos66,ch03
612,True,tracker,612,612,3.0,3.0,0.5233325566080607,0.566335019396737,True,mass_volume_step,Pos66,ch03
639,True,tracker,639,639,3.0,3.0,0.5194538705282888,0.49056765036755573,True,mass_volume_step,Pos66,ch03
660,True,tracker,660,660,3.0,3.0,0.5192063644800198,0.5475500160295825,True,mass_volume_step,Pos66,ch03
685,True,tracker,685,685,3.0,3.0,0.5158045868187903,0.502442634612016,True,mass_volume_step,Pos66,ch03
707,True,tracker,707,707,3.0,3.0,0.4643068433700241,0.5036706948420172,True,mass_volume_step,Pos66,ch03
734,True,tracker,734,734,3.0,3.0,0.4506578718891179,0.47141691317693807,True,mass_volume_step,Pos66,ch03
763,True,tracker,763,763,3.0,3.0,0.5089102037809334,0.5561475306135775,True,mass_volume_step,Pos66,ch03
790,True,tracker,790,790,3.0,3.0,0.48930041250497863,0.5352991287705482,True,mass_volume_step,Pos66,ch03
816,True,tracker,816,816,3.0,3.0,0.481755191031627,0.5149975308644008,True,mass_volume_step,Pos66,ch03
844,False,recovered,842,844,,,0.5019758166097553,0.5061051288063727,True,persistent_step_between_good_measurements,Pos66,ch03
863,True,tracker,863,863,3.0,3.0,0.4793103240864245,0.5343854251710906,True,mass_volume_step,Pos66,ch03
896,True,tracker,896,896,3.0,3.0,0.4822849159692459,0.530715583968641,True,mass_volume_step,Pos66,ch03
920,True,tracker,920,920,3.0,3.0,0.49482752440816546,0.5063794414586723,True,mass_volume_step,Pos66,ch03
948,True,tracker,948,948,3.0,3.0,0.529181032510132,0.5031262777526491,True,mass_volume_step,Pos66,ch03
971,True,tracker,971,971,3.0,3.0,0.4581350976380371,0.4570672255305814,True,mass_volume_step,Pos66,ch03
998,True,tracker,998,998,3.0,3.0,0.47828355684952495,0.5065377333406247,True,mass_volume_step,Pos66,ch03
1024,True,tracker,1024,1024,3.0,3.0,0.5164855443201266,0.47393211752286835,True,mass_volume_step,Pos66,ch03
1048,True,tracker,1048,1048,3.0,3.0,0.46852388421093516,0.48025081027325994,True,mass_volume_step,Pos66,ch03
1080,True,tracker,1080,1080,3.0,3.0,0.5068702545390921,0.4671003160659163,True,mass_volume_step,Pos66,ch03
1098,False,tracker,1098,1098,3.0,3.0,1.204363506137055,1.265639544243449,False,no_supported_step,Pos66,ch03
1107,True,tracker,1107,1108,3.0,3.0,0.5996307182696777,0.533393252853347,True,mass_volume_step,Pos66,ch03
1129,True,tracker,1129,1129,3.0,3.0,0.48890075859411924,0.5196317186688848,True,mass_volume_step,Pos66,ch03
1154,True,tracker,1154,1154,3.0,3.0,0.4642869191522458,0.44590858589166366,True,mass_volume_step,Pos66,ch03
1184,False,recovered,1183,1184,,,0.4888485256071802,0.46362855891238614,True,persistent_step_between_good_measurements,Pos66,ch03
19,True,tracker,19,19,3.0,3.0,0.5050352028518861,0.48075300821234346,True,mass_volume_step,Pos66,ch09
55,True,tracker,55,55,3.0,3.0,0.5300701974186164,0.4741803239433352,True,mass_volume_step,Pos66,ch09
75,True,tracker,75,75,3.0,3.0,0.5124965979801352,0.4851880255016703,True,mass_volume_step,Pos66,ch09
99,True,tracker,99,99,3.0,3.0,0.5288791542425713,0.5534680401827758,True,mass_volume_step,Pos66,ch09
150,True,tracker,150,150,3.0,3.0,0.5051100214074304,0.4874038752028869,True,mass_volume_step,Pos66,ch09
11,True,tracker,11,11,3.0,3.0,0.49288560691724287,0.4913102975594062,True,mass_volume_step,Pos67,ch06
37,True,tracker,37,37,3.0,3.0,0.5439740066859171,0.5627673251991203,True,mass_volume_step,Pos67,ch06
63,True,tracker,63,63,3.0,3.0,0.492916303181488,0.47894834046015466,True,mass_volume_step,Pos67,ch06
83,True,tracker,83,83,3.0,3.0,0.534276766055277,0.511862668237735,True,mass_volume_step,Pos67,ch06
119,True,tracker,119,119,3.0,3.0,0.4764495799831518,0.5329775601714515,True,mass_volume_step,Pos67,ch06
138,True,tracker,138,138,3.0,3.0,0.526181144274032,0.5177906070256076,True,mass_volume_step,Pos67,ch06
174,True,tracker,174,174,3.0,3.0,0.4966621354553697,0.47878691330332823,True,mass_volume_step,Pos67,ch06
197,True,tracker,197,197,3.0,3.0,0.6111306372817245,0.6300649521203788,True,mass_volume_step,Pos67,ch06
219,True,tracker,219,219,3.0,3.0,0.5357118927010557,0.5246430051750295,True,mass_volume_step,Pos67,ch06
245,True,tracker,245,245,3.0,3.0,0.48463829153801147,0.5133080678005016,True,mass_volume_step,Pos67,ch06
281,True,tracker,281,281,3.0,3.0,0.4999610501303669,0.5073787137038385,True,mass_volume_step,Pos67,ch06
284,False,tracker,284,284,3.0,3.0,1.2100262052520663,1.2016192797630623,False,no_supported_step,Pos67,ch06
299,True,tracker,299,299,3.0,3.0,0.520997317189269,0.5294537497768095,True,mass_volume_step,Pos67,ch06
322,True,tracker,322,322,3.0,3.0,0.5139993875372565,0.5175084440330752,True,mass_volume_step,Pos67,ch06
351,True,tracker,351,351,3.0,3.0,0.4653164904707653,0.44752571495681476,True,mass_volume_step,Pos67,ch06
377,True,tracker,377,377,3.0,3.0,0.5569737351523262,0.5892923499616317,True,mass_volume_step,Pos67,ch06
400,True,tracker,400,400,3.0,3.0,0.5305267742401528,0.5422730472967171,True,mass_volume_step,Pos67,ch06
420,True,tracker,420,420,3.0,3.0,0.5478984716500348,0.5806644152286878,True,mass_volume_step,Pos67,ch06
447,True,tracker,447,447,3.0,3.0,0.4978105115198725,0.47536692858640767,True,mass_volume_step,Pos67,ch06
471,True,tracker,471,471,3.0,3.0,0.5085614834025793,0.4642489892606799,True,mass_volume_step,Pos67,ch06
500,True,tracker,500,500,3.0,3.0,0.5074204162596571,0.5404442345620944,True,mass_volume_step,Pos67,ch06
526,True,tracker,526,526,3.0,3.0,0.5241551584032957,0.5066533311312789,True,mass_volume_step,Pos67,ch06
554,True,tracker,554,554,3.0,3.0,0.5340949869612799,0.5850110688780035,True,mass_volume_step,Pos67,ch06
584,True,tracker,584,584,3.0,3.0,0.5476746169468698,0.5381348654586288,True,mass_volume_step,Pos67,ch06
618,True,tracker,618,618,3.0,3.0,0.5227127821984475,0.5401482273168332,True,mass_volume_step,Pos67,ch06
633,True,tracker,633,633,3.0,3.0,0.5537413020084376,0.5906433666693793,True,mass_volume_step,Pos67,ch06
654,True,tracker,654,654,3.0,3.0,0.5125626363375346,0.4985699628503834,True,mass_volume_step,Pos67,ch06
680,True,tracker,680,680,3.0,3.0,0.5463886108163595,0.571407899910823,True,mass_volume_step,Pos67,ch06
701,True,tracker,701,701,3.0,3.0,0.5375843511600258,0.5520418673420882,True,mass_volume_step,Pos67,ch06
729,True,tracker,729,729,3.0,3.0,0.49725258217662016,0.5404851222435257,True,mass_volume_step,Pos67,ch06
755,True,tracker,755,755,3.0,3.0,0.518576832299017,0.5409389364414168,True,mass_volume_step,Pos67,ch06
779,True,tracker,779,779,3.0,3.0,0.5036333743326089,0.5021853281256743,True,mass_volume_step,Pos67,ch06
802,True,tracker,802,802,3.0,3.0,0.5186988857914416,0.5004089680634985,True,mass_volume_step,Pos67,ch06
825,True,tracker,825,825,3.0,3.0,0.5709124461420867,0.5633416597792437,True,mass_volume_step,Pos67,ch06
853,True,tracker,853,853,3.0,3.0,0.5191750196876899,0.5282040636020896,True,mass_volume_step,Pos67,ch06
881,True,tracker,881,881,3.0,3.0,0.5250962635751745,0.4438487038260677,True,mass_volume_step,Pos67,ch06
904,True,tracker,904,904,3.0,3.0,0.5380783055661184,0.5417899157133033,True,mass_volume_step,Pos67,ch06
928,True,tracker,928,928,3.0,3.0,0.5021261646099371,0.521197994645876,True,mass_volume_step,Pos67,ch06
955,True,tracker,955,955,3.0,3.0,0.5193968950027327,0.5371461489991227,True,mass_volume_step,Pos67,ch06
978,True,tracker,978,978,3.0,3.0,0.515348696413801,0.49552221886970743,True,mass_volume_step,Pos67,ch06
1009,True,tracker,1009,1009,3.0,3.0,0.5281720561440201,0.5482792107096024,True,mass_volume_step,Pos67,ch06
1032,True,tracker,1032,1032,3.0,3.0,0.5449161540765378,0.5408582904827628,True,mass_volume_step,Pos67,ch06
1056,True,tracker,1056,1056,3.0,3.0,0.5373615924983219,0.5447129151909321,True,mass_volume_step,Pos67,ch06
11,True,tracker,11,11,3.0,3.0,0.4874261757122106,0.5120548485737377,True,mass_volume_step,Pos67,ch08
33,True,tracker,33,33,3.0,3.0,0.5187911237243101,0.507980515952169,True,mass_volume_step,Pos67,ch08
56,True,tracker,56,56,3.0,3.0,0.479717800152832,0.4942319880013265,True,mass_volume_step,Pos67,ch08
83,False,tracker,83,83,3.0,3.0,1.1271134283091242,1.1029171486944644,False,no_supported_step,Pos67,ch08
88,True,tracker,88,88,3.0,3.0,0.5083807176354231,0.5177156125767006,True,mass_volume_step,Pos67,ch08
109,True,tracker,109,109,3.0,3.0,0.5394597471135708,0.5661178228843257,True,mass_volume_step,Pos67,ch08
136,True,tracker,136,136,3.0,3.0,0.5483947861709758,0.5928816144123412,True,mass_volume_step,Pos67,ch08
156,True,tracker,156,156,3.0,3.0,0.477103317238175,0.5338199570388314,True,mass_volume_step,Pos67,ch08
188,True,tracker,188,188,3.0,3.0,0.5198216303318028,0.5218967851333374,True,mass_volume_step,Pos67,ch08
216,True,tracker,216,216,3.0,3.0,0.5243352590830115,0.5762817482140393,True,mass_volume_step,Pos67,ch08
247,True,tracker,247,247,3.0,3.0,0.5406743954363454,0.5321425398113917,True,mass_volume_step,Pos67,ch08
271,True,tracker,271,271,3.0,3.0,0.5010750187054662,0.5340006414140794,True,mass_volume_step,Pos67,ch08
298,True,tracker,298,298,3.0,3.0,0.48471669951236684,0.5202487667626375,True,mass_volume_step,Pos67,ch08
321,True,tracker,321,321,3.0,3.0,0.5350948197602089,0.5425614747366124,True,mass_volume_step,Pos67,ch08
342,True,tracker,342,342,3.0,3.0,0.5004659267028666,0.5383113136603794,True,mass_volume_step,Pos67,ch08
367,True,tracker,367,367,3.0,3.0,0.49921749172678104,0.5185962250597936,True,mass_volume_step,Pos67,ch08
394,True,tracker,394,394,3.0,3.0,0.4898768727703913,0.5111071648505444,True,mass_volume_step,Pos67,ch08
420,True,tracker,420,420,3.0,3.0,0.49088602631400824,0.5316674754215588,True,mass_volume_step,Pos67,ch08
449,True,tracker,449,449,3.0,3.0,0.48521555503271674,0.5143544882173028,True,mass_volume_step,Pos67,ch08
474,True,tracker,474,474,3.0,3.0,0.5126026015257612,0.5374563692785107,True,mass_volume_step,Pos67,ch08
500,False,recovered,499,500,,,0.5097959079119809,0.5215121016551777,True,persistent_step_between_good_measurements,Pos67,ch08
521,True,tracker,521,521,3.0,3.0,0.4918647864805893,0.5355233729001309,True,mass_volume_step,Pos67,ch08
546,True,tracker,546,546,3.0,3.0,0.5313257454235107,0.5600294869631983,True,mass_volume_step,Pos67,ch08
574,True,tracker,574,574,3.0,3.0,0.4906227423875229,0.5119735187524301,True,mass_volume_step,Pos67,ch08
597,True,tracker,597,597,3.0,3.0,0.5050753763591547,0.5352205856164419,True,mass_volume_step,Pos67,ch08
623,True,tracker,623,623,3.0,3.0,0.4959947068857645,0.4889939030843739,True,mass_volume_step,Pos67,ch08
650,True,tracker,650,650,3.0,3.0,0.49908219771770035,0.5139337021280106,True,mass_volume_step,Pos67,ch08
673,True,tracker,673,673,3.0,3.0,0.48415131124178334,0.5132719209603129,True,mass_volume_step,Pos67,ch08
702,True,tracker,702,702,3.0,3.0,0.515110152832012,0.5490945102056926,True,mass_volume_step,Pos67,ch08
726,True,tracker,726,726,3.0,3.0,0.5053849604554902,0.5505528335916524,True,mass_volume_step,Pos67,ch08
752,True,tracker,752,752,3.0,3.0,0.4652963340135114,0.49862516220566794,True,mass_volume_step,Pos67,ch08
789,True,tracker,789,789,3.0,3.0,0.4794432756355239,0.49678431316967336,True,mass_volume_step,Pos67,ch08
816,True,tracker,816,816,3.0,3.0,0.42788075159223554,0.4441676406132455,True,mass_volume_step,Pos67,ch08
852,True,tracker,852,852,3.0,3.0,0.4722793547752889,0.46837906729628515,True,mass_volume_step,Pos67,ch08
893,True,tracker,893,893,3.0,3.0,0.5062346393018528,0.4900439406998749,True,mass_volume_step,Pos67,ch08
917,True,tracker,917,917,3.0,3.0,0.5255846804945624,0.5187235403361937,True,mass_volume_step,Pos67,ch08
941,True,tracker,941,941,3.0,3.0,0.5134245517099135,0.542094762159273,True,mass_volume_step,Pos67,ch08
962,True,tracker,962,962,3.0,3.0,0.5180515023098137,0.531354012940927,True,mass_volume_step,Pos67,ch08
984,True,tracker,984,984,3.0,3.0,0.4876279240489119,0.4817720788015307,True,mass_volume_step,Pos67,ch08
1015,True,tracker,1015,1015,3.0,3.0,0.48090181884473304,0.5400264838760773,True,mass_volume_step,Pos67,ch08
1049,True,tracker,1048,1049,3.0,3.0,0.5388460957969086,0.5485333741235517,True,mass_volume_step,Pos67,ch08
1071,True,tracker,1071,1071,3.0,3.0,0.47812096761881095,0.4715758131430468,True,mass_volume_step,Pos67,ch08
1080,False,tracker,1080,1080,3.0,3.0,1.2245212786791297,1.2375557116647942,False,no_supported_step,Pos67,ch08
1097,True,tracker,1097,1097,3.0,3.0,0.47306634664970937,0.4745779460637576,True,mass_volume_step,Pos67,ch08
1123,True,tracker,1123,1123,3.0,3.0,0.4980422513355426,0.5243341701249317,True,mass_volume_step,Pos67,ch08
1154,True,tracker,1154,1154,3.0,3.0,0.5218829038327347,0.5398678518955908,True,mass_volume_step,Pos67,ch08
1180,True,tracker,1180,1180,3.0,3.0,0.4886135792906626,0.48865099909853515,True,mass_volume_step,Pos67,ch08
3,True,tracker,3,3,1.0,3.0,,,False,insufficient_good_points,Pos69,ch00
28,True,tracker,28,28,3.0,3.0,0.5167460457845462,0.5165437592667782,True,mass_volume_step,Pos69,ch00
55,True,tracker,55,55,3.0,3.0,0.5380922810401916,0.4936131029290661,True,mass_volume_step,Pos69,ch00
80,True,tracker,80,80,3.0,3.0,0.5248970118403743,0.49118224694407925,True,mass_volume_step,Pos69,ch00
107,True,tracker,107,107,3.0,3.0,0.5453647603504975,0.5890369256170005,True,mass_volume_step,Pos69,ch00
133,True,tracker,133,133,3.0,3.0,0.5170357336819627,0.49868595393860515,True,mass_volume_step,Pos69,ch00
158,True,tracker,158,158,3.0,3.0,0.5236934034246548,0.4842109556599521,True,mass_volume_step,Pos69,ch00
176,True,tracker,176,176,3.0,3.0,0.5364079030116591,0.5344586315400277,True,mass_volume_step,Pos69,ch00
201,True,tracker,201,201,3.0,3.0,0.5178408284271633,0.47890748898264895,True,mass_volume_step,Pos69,ch00
229,True,tracker,229,229,3.0,3.0,0.5107246339739878,0.4976438746547518,True,mass_volume_step,Pos69,ch00
255,True,tracker,255,255,3.0,3.0,0.5088775976797733,0.5146945961172075,True,mass_volume_step,Pos69,ch00
278,True,tracker,278,278,3.0,3.0,0.5234105706196853,0.49796767774039363,True,mass_volume_step,Pos69,ch00
302,True,tracker,302,302,3.0,3.0,0.5237024601942318,0.5045771520037446,True,mass_volume_step,Pos69,ch00
330,True,tracker,330,330,3.0,3.0,0.5177461855068332,0.49458071454831093,True,mass_volume_step,Pos69,ch00
355,True,tracker,355,355,3.0,3.0,0.520289552253798,0.4582391538231815,True,mass_volume_step,Pos69,ch00
386,True,tracker,386,386,3.0,3.0,0.507221955745948,0.4525120261889179,True,mass_volume_step,Pos69,ch00
410,True,tracker,410,410,3.0,3.0,0.5381333444825376,0.5317023176543685,True,mass_volume_step,Pos69,ch00
438,True,tracker,438,438,3.0,3.0,0.53270319786389,0.5327395626425631,True,mass_volume_step,Pos69,ch00
459,True,tracker,459,459,3.0,3.0,0.5179092819004927,0.5377331372123662,True,mass_volume_step,Pos69,ch00
486,True,tracker,486,486,3.0,3.0,0.5320280672729433,0.527696565676443,True,mass_volume_step,Pos69,ch00
508,True,tracker,508,508,3.0,3.0,0.5353722829085907,0.5072627800051942,True,mass_volume_step,Pos69,ch00
534,True,tracker,534,534,3.0,3.0,0.5246789069885137,0.4927148067909583,True,mass_volume_step,Pos69,ch00
555,True,tracker,555,555,3.0,3.0,0.5574997594103848,0.5866385932758582,True,mass_volume_step,Pos69,ch00
580,True,tracker,580,580,3.0,3.0,0.5115168270714735,0.5242186092644342,True,mass_volume_step,Pos69,ch00
604,True,tracker,604,604,3.0,3.0,0.5065227788808565,0.5387241823514484,True,mass_volume_step,Pos69,ch00
633,True,tracker,633,633,3.0,3.0,0.5241310843847174,0.5043930509360189,True,mass_volume_step,Pos69,ch00
656,True,tracker,656,656,3.0,3.0,0.5214169872464672,0.49938764754733295,True,mass_volume_step,Pos69,ch00
682,True,tracker,682,682,3.0,3.0,0.4923912319033763,0.49051325300165627,True,mass_volume_step,Pos69,ch00
703,True,tracker,703,703,3.0,3.0,0.5687501793983241,0.5787445110753271,True,mass_volume_step,Pos69,ch00
732,True,tracker,732,732,3.0,3.0,0.49933705051606603,0.48934940608795324,True,mass_volume_step,Pos69,ch00
757,True,tracker,757,757,3.0,3.0,0.5139921177837504,0.49400528556068274,True,mass_volume_step,Pos69,ch00
789,True,tracker,789,789,3.0,3.0,0.5597133832714491,0.5638154707994348,True,mass_volume_step,Pos69,ch00
813,True,tracker,813,813,3.0,3.0,0.4850701760784059,0.47724869611016946,True,mass_volume_step,Pos69,ch00
834,True,tracker,834,834,3.0,3.0,0.5082506296452864,0.49159026510547,True,mass_volume_step,Pos69,ch00
865,True,tracker,865,865,3.0,3.0,0.5183464199022525,0.5061427700503144,True,mass_volume_step,Pos69,ch00
889,True,tracker,889,889,3.0,3.0,0.5246864305492034,0.49763864772576616,True,mass_volume_step,Pos69,ch00
915,True,tracker,915,915,3.0,3.0,0.4997044207857849,0.5003505211853864,True,mass_volume_step,Pos69,ch00
936,True,tracker,936,936,3.0,3.0,0.511514007132186,0.5504692324931193,True,mass_volume_step,Pos69,ch00
962,True,tracker,962,962,3.0,3.0,0.5043311990493741,0.5199714314732108,True,mass_volume_step,Pos69,ch00
989,True,tracker,989,989,3.0,3.0,0.5161509669022405,0.5023524724805088,True,mass_volume_step,Pos69,ch00
1011,True,tracker,1011,1011,3.0,3.0,0.5248323082772524,0.4927289178428647,True,mass_volume_step,Pos69,ch00
1036,True,tracker,1036,1036,3.0,3.0,0.5142660256384602,0.4977687468447292,True,mass_volume_step,Pos69,ch00
1065,True,tracker,1065,1065,3.0,3.0,0.5079311327660432,0.46431922583977425,True,mass_volume_step,Pos69,ch00
1097,True,tracker,1097,1097,3.0,3.0,0.549969678719318,0.5311354909450032,True,mass_volume_step,Pos69,ch00
1124,True,tracker,1124,1124,3.0,3.0,0.5175598033681199,0.5294424669755954,True,mass_volume_step,Pos69,ch00
1148,True,tracker,1148,1148,3.0,3.0,0.5318500012806593,0.5365880843663695,True,mass_volume_step,Pos69,ch00
1176,True,tracker,1176,1176,3.0,3.0,0.5540020012128718,0.5749104804540864,True,mass_volume_step,Pos69,ch00
1200,True,tracker,1200,1200,3.0,3.0,0.5238688217170776,0.5328531868673233,True,mass_volume_step,Pos69,ch00
22,True,tracker,22,22,3.0,3.0,0.513037973254901,0.5077043863926912,True,mass_volume_step,Pos69,ch01
48,True,tracker,48,48,3.0,3.0,0.5042784324767496,0.5567673233824616,True,mass_volume_step,Pos69,ch01
68,True,tracker,68,68,3.0,3.0,0.5132832202881366,0.45495591484122994,True,mass_volume_step,Pos69,ch01
94,True,tracker,94,94,3.0,3.0,0.537332143529826,0.5313884032495602,True,mass_volume_step,Pos69,ch01
118,True,tracker,118,118,3.0,3.0,0.519151144175715,0.5160322059930387,True,mass_volume_step,Pos69,ch01
145,True,tracker,145,145,3.0,3.0,0.5812494954287871,0.5658260881574387,True,mass_volume_step,Pos69,ch01
166,True,tracker,166,166,3.0,3.0,0.5159635261583574,0.5225575403168058,True,mass_volume_step,Pos69,ch01
189,True,tracker,189,189,3.0,3.0,0.50113885413643,0.4911021829117782,True,mass_volume_step,Pos69,ch01
213,True,tracker,213,213,3.0,3.0,0.5052333417404066,0.5095796445138273,True,mass_volume_step,Pos69,ch01
237,True,tracker,237,237,3.0,3.0,0.503108632112202,0.515186121182865,True,mass_volume_step,Pos69,ch01
259,True,tracker,259,259,3.0,3.0,0.5260146633768789,0.5524143545039585,True,mass_volume_step,Pos69,ch01
281,True,tracker,281,281,3.0,3.0,0.5100898507859011,0.5140786692317316,True,mass_volume_step,Pos69,ch01
309,True,tracker,309,309,3.0,3.0,0.5391636850609592,0.5111877882253357,True,mass_volume_step,Pos69,ch01
330,True,tracker,330,330,3.0,3.0,0.5144016928907871,0.5272813112520498,True,mass_volume_step,Pos69,ch01
356,True,tracker,356,356,3.0,3.0,0.5296105878384361,0.5085347805009053,True,mass_volume_step,Pos69,ch01
378,True,tracker,378,378,3.0,3.0,0.563919160237913,0.580860375189826,True,mass_volume_step,Pos69,ch01
402,True,tracker,402,402,3.0,3.0,0.5208901121878619,0.5029414077703789,True,mass_volume_step,Pos69,ch01
425,True,tracker,425,425,3.0,3.0,0.5218992285361891,0.5634209084362665,True,mass_volume_step,Pos69,ch01
452,True,tracker,452,452,3.0,3.0,0.5354854198425436,0.5605564917738196,True,mass_volume_step,Pos69,ch01
472,True,tracker,472,472,3.0,3.0,0.5479175695018975,0.5463589895033104,True,mass_volume_step,Pos69,ch01
496,True,tracker,496,496,3.0,3.0,0.5109836995369261,0.5135888837835837,True,mass_volume_step,Pos69,ch01
516,True,tracker,516,516,3.0,3.0,0.49768592347837587,0.5082861407749161,True,mass_volume_step,Pos69,ch01
543,True,tracker,543,543,3.0,3.0,0.5030511134262559,0.5257504884582769,True,mass_volume_step,Pos69,ch01
568,True,tracker,568,568,3.0,3.0,0.506292261051977,0.514614822600169,True,mass_volume_step,Pos69,ch01
593,True,tracker,593,593,3.0,3.0,0.5219284746919991,0.5488575652007331,True,mass_volume_step,Pos69,ch01
617,True,tracker,617,617,3.0,3.0,0.5061976342596717,0.5288789929191348,True,mass_volume_step,Pos69,ch01
645,True,tracker,645,645,3.0,3.0,0.5348456335292997,0.5130449114754866,True,mass_volume_step,Pos69,ch01
668,True,tracker,668,668,3.0,3.0,0.5216433543111602,0.5291613169452206,True,mass_volume_step,Pos69,ch01
699,True,tracker,699,699,3.0,3.0,0.49991899675473056,0.5065707028878168,True,mass_volume_step,Pos69,ch01
716,True,tracker,716,716,3.0,3.0,0.5412189062344758,0.5688565468245909,True,mass_volume_step,Pos69,ch01
742,True,tracker,742,742,3.0,3.0,0.5290593063301902,0.5410482400706769,True,mass_volume_step,Pos69,ch01
761,True,tracker,761,761,3.0,3.0,0.5030831218473383,0.4640569123582854,True,mass_volume_step,Pos69,ch01
787,True,tracker,787,787,3.0,3.0,0.5290726017413844,0.5080407507401526,True,mass_volume_step,Pos69,ch01
812,True,tracker,812,812,3.0,3.0,0.49548237178662724,0.5050900144008728,True,mass_volume_step,Pos69,ch01
837,True,tracker,837,837,3.0,3.0,0.5113653287630724,0.5107524382202496,True,mass_volume_step,Pos69,ch01
863,True,tracker,863,863,3.0,3.0,0.48937387821734446,0.5131116094931084,True,mass_volume_step,Pos69,ch01
887,True,tracker,887,887,3.0,3.0,0.5088831908323929,0.5215025977402233,True,mass_volume_step,Pos69,ch01
910,True,tracker,910,910,3.0,3.0,0.49120171324030365,0.4935032666854746,True,mass_volume_step,Pos69,ch01
937,True,tracker,937,937,3.0,3.0,0.49882191935067194,0.5068927072350019,True,mass_volume_step,Pos69,ch01
961,True,tracker,961,961,3.0,3.0,0.5151215281615911,0.507705824245105,True,mass_volume_step,Pos69,ch01
985,True,tracker,985,985,3.0,3.0,0.4868505474075886,0.4970151381380302,True,mass_volume_step,Pos69,ch01
1006,True,tracker,1006,1006,3.0,3.0,0.4998885758340299,0.52566607409934,True,mass_volume_step,Pos69,ch01
1033,True,tracker,1033,1033,3.0,3.0,0.49613194289414236,0.5106143868453091,True,mass_volume_step,Pos69,ch01
1066,True,tracker,1066,1066,3.0,3.0,0.5131217191960473,0.4846123503282214,True,mass_volume_step,Pos69,ch01
1085,True,tracker,1085,1085,3.0,3.0,0.5029719229118603,0.5033794866419915,True,mass_volume_step,Pos69,ch01
1116,True,tracker,1116,1116,3.0,3.0,0.4958964594242939,0.508903611517808,True,mass_volume_step,Pos69,ch01
1139,True,tracker,1139,1139,3.0,3.0,0.528335781354962,0.5316054966193712,True,mass_volume_step,Pos69,ch01
1167,True,tracker,1167,1167,3.0,3.0,0.46935496660586506,0.45423036604269196,True,mass_volume_step,Pos69,ch01
1192,True,tracker,1192,1192,3.0,3.0,0.511080811837598,0.4974446070111108,True,mass_volume_step,Pos69,ch01
7,True,tracker,7,7,3.0,3.0,0.5451859823891652,0.5032123240734239,True,mass_volume_step,Pos69,ch02
30,True,tracker,30,30,3.0,3.0,0.5677030808088007,0.5509187389107876,True,mass_volume_step,Pos69,ch02
58,True,tracker,58,58,3.0,3.0,0.538637871243482,0.4767457005955251,True,mass_volume_step,Pos69,ch02
82,True,tracker,82,82,3.0,3.0,0.5467158488324078,0.5245218131150666,True,mass_volume_step,Pos69,ch02
107,True,tracker,107,107,3.0,3.0,0.554731225047696,0.5361477700793517,True,mass_volume_step,Pos69,ch02
132,True,tracker,132,132,3.0,3.0,0.5482308206512525,0.5097712089786345,True,mass_volume_step,Pos69,ch02
162,True,tracker,162,162,3.0,3.0,0.5969189886394732,0.5521491041942844,True,mass_volume_step,Pos69,ch02
185,True,tracker,185,185,3.0,3.0,0.5630317294674545,0.5400395905882249,True,mass_volume_step,Pos69,ch02
213,True,tracker,213,213,3.0,3.0,0.5775251685590397,0.5512239246427435,True,mass_volume_step,Pos69,ch02
234,True,tracker,234,234,3.0,3.0,0.5836615665074306,0.5002983870666855,True,mass_volume_step,Pos69,ch02
259,True,tracker,259,259,3.0,3.0,0.5135867083816849,0.4746508789163566,True,mass_volume_step,Pos69,ch02
282,True,tracker,282,282,3.0,3.0,0.5249664317956707,0.4789323535809358,True,mass_volume_step,Pos69,ch02
310,True,tracker,310,310,3.0,3.0,0.5600570605736285,0.5296702068633984,True,mass_volume_step,Pos69,ch02
334,True,tracker,334,334,3.0,3.0,0.5548086598408697,0.5167541056488373,True,mass_volume_step,Pos69,ch02
361,True,tracker,361,361,3.0,3.0,0.5609138188500908,0.5072758687001704,True,mass_volume_step,Pos69,ch02
382,True,tracker,382,382,3.0,3.0,0.5956159326994092,0.5497367442676965,True,mass_volume_step,Pos69,ch02
407,True,tracker,407,407,3.0,3.0,0.5464958343428785,0.5253405342687888,True,mass_volume_step,Pos69,ch02
431,True,tracker,431,431,3.0,3.0,0.5825849150904644,0.5426329769417406,True,mass_volume_step,Pos69,ch02
453,True,tracker,453,453,3.0,3.0,0.5398866466803959,0.49010611461020775,True,mass_volume_step,Pos69,ch02
477,True,tracker,477,477,3.0,3.0,0.5165700733319326,0.4954522145457705,True,mass_volume_step,Pos69,ch02
506,True,tracker,506,506,3.0,3.0,0.5744728502112738,0.5189966703143678,True,mass_volume_step,Pos69,ch02
534,True,tracker,534,534,3.0,3.0,0.6051104278614766,0.5752300149329999,True,mass_volume_step,Pos69,ch02
554,False,tracker,554,554,3.0,3.0,1.153943649991091,1.1350526353593549,False,no_supported_step,Pos69,ch02
558,True,tracker,558,558,3.0,3.0,0.5652064413851389,0.5334960737559953,True,mass_volume_step,Pos69,ch02
584,True,tracker,584,584,3.0,3.0,0.5692128289805477,0.5206277906659121,True,mass_volume_step,Pos69,ch02
609,True,tracker,609,609,3.0,3.0,0.5837367530388519,0.5651201206192598,True,mass_volume_step,Pos69,ch02
631,True,tracker,631,631,3.0,3.0,0.5530292136477027,0.5366276245280991,True,mass_volume_step,Pos69,ch02
652,True,tracker,652,652,3.0,3.0,0.5060160816312529,0.505428521222352,True,mass_volume_step,Pos69,ch02
677,True,tracker,677,677,3.0,3.0,0.5490535918590899,0.5476993947127632,True,mass_volume_step,Pos69,ch02
704,True,tracker,704,704,3.0,3.0,0.5104352279835083,0.4669986958528411,True,mass_volume_step,Pos69,ch02
734,True,tracker,734,734,3.0,3.0,0.5725636435260836,0.539165855065095,True,mass_volume_step,Pos69,ch02
759,True,tracker,759,759,3.0,3.0,0.546806327930269,0.5347356197016856,True,mass_volume_step,Pos69,ch02
787,True,tracker,787,787,3.0,3.0,0.5534732911779475,0.5305785784311979,True,mass_volume_step,Pos69,ch02
811,True,tracker,811,811,3.0,3.0,0.5741103490066598,0.5471615341704777,True,mass_volume_step,Pos69,ch02
840,True,tracker,840,840,3.0,3.0,0.5321117596325674,0.49069119287037194,True,mass_volume_step,Pos69,ch02
862,True,tracker,862,862,3.0,3.0,0.5667966023587747,0.5225617979737095,True,mass_volume_step,Pos69,ch02
886,True,tracker,886,886,3.0,3.0,0.59462860648211,0.5952796858318726,True,mass_volume_step,Pos69,ch02
908,True,tracker,908,908,3.0,3.0,0.5233353845155037,0.4867581082331878,True,mass_volume_step,Pos69,ch02
934,True,tracker,934,934,3.0,3.0,0.561465692864329,0.518422390263928,True,mass_volume_step,Pos69,ch02
962,True,tracker,962,962,3.0,3.0,0.5763851358155377,0.5602154590193636,True,mass_volume_step,Pos69,ch02
985,True,tracker,985,985,3.0,3.0,0.5653261346108265,0.5210107143911401,True,mass_volume_step,Pos69,ch02
1008,True,tracker,1008,1008,3.0,3.0,0.5778303146742761,0.5483789095836269,True,mass_volume_step,Pos69,ch02
1036,True,tracker,1036,1036,3.0,3.0,0.5689166690192834,0.5167951021418173,True,mass_volume_step,Pos69,ch02
1065,True,tracker,1065,1065,3.0,3.0,0.5431390641729906,0.4962155151857054,True,mass_volume_step,Pos69,ch02
1089,True,tracker,1089,1089,3.0,3.0,0.5166332863922588,0.4823864285318565,True,mass_volume_step,Pos69,ch02
1114,True,tracker,1114,1114,3.0,3.0,0.544484302894898,0.5091815582544391,True,mass_volume_step,Pos69,ch02
1144,True,tracker,1144,1144,3.0,3.0,0.5231373571002028,0.47820298254137605,True,mass_volume_step,Pos69,ch02
1175,True,tracker,1175,1175,3.0,3.0,0.5181957858545821,0.464544949208272,True,mass_volume_step,Pos69,ch02
1199,True,tracker,1199,1199,3.0,3.0,0.5750628109668231,0.542872782480979,True,mass_volume_step,Pos69,ch02
13,True,tracker,13,13,3.0,3.0,0.49594337590680576,0.47441523267276464,True,mass_volume_step,Pos70,ch04
43,True,tracker,43,43,3.0,3.0,0.4881337600934247,0.5164707417272162,True,mass_volume_step,Pos70,ch04
70,True,tracker,70,70,3.0,3.0,0.5095953800461966,0.5588802943761825,True,mass_volume_step,Pos70,ch04
91,True,tracker,91,91,3.0,3.0,0.5115593716742841,0.5038552574703703,True,mass_volume_step,Pos70,ch04
113,True,tracker,113,113,3.0,3.0,0.5554445274478585,0.5703702868987158,True,mass_volume_step,Pos70,ch04
144,True,tracker,144,144,3.0,3.0,0.525231422862426,0.579272129446826,True,mass_volume_step,Pos70,ch04
167,True,tracker,167,167,3.0,3.0,0.5089051420217181,0.48209164400086185,True,mass_volume_step,Pos70,ch04
185,True,tracker,185,185,3.0,3.0,0.509799590931394,0.47259826545798933,True,mass_volume_step,Pos70,ch04
215,True,tracker,215,215,3.0,3.0,0.511600164847366,0.49440868960613915,True,mass_volume_step,Pos70,ch04
238,True,tracker,238,238,3.0,3.0,0.5204191504751827,0.49143983954478093,True,mass_volume_step,Pos70,ch04
264,True,tracker,264,264,3.0,3.0,0.5015414803342663,0.5021052047577482,True,mass_volume_step,Pos70,ch04
294,True,tracker,294,294,3.0,3.0,0.5334016556120398,0.545283736607381,True,mass_volume_step,Pos70,ch04
315,True,tracker,315,315,3.0,3.0,0.5005356287261344,0.45831586597301527,True,mass_volume_step,Pos70,ch04
339,True,tracker,339,339,3.0,3.0,0.5228385159544813,0.5546812796613944,True,mass_volume_step,Pos70,ch04
368,True,tracker,368,368,3.0,3.0,0.5319142817166451,0.55272950457941,True,mass_volume_step,Pos70,ch04
389,True,tracker,389,389,3.0,3.0,0.5126784117394928,0.5483432729917284,True,mass_volume_step,Pos70,ch04
412,True,tracker,412,412,3.0,3.0,0.5790143150751341,0.628085393657019,True,mass_volume_step,Pos70,ch04
436,True,tracker,436,436,3.0,3.0,0.5162000434738079,0.5128092579654799,True,mass_volume_step,Pos70,ch04
461,True,tracker,461,461,3.0,3.0,0.4895116095079514,0.4819557921639306,True,mass_volume_step,Pos70,ch04
493,True,tracker,493,493,3.0,3.0,0.47612344865378653,0.46051688166671284,True,mass_volume_step,Pos70,ch04
516,True,tracker,516,516,3.0,3.0,0.49273550338880384,0.49184665619859474,True,mass_volume_step,Pos70,ch04
542,True,tracker,542,542,3.0,3.0,0.49901420352882386,0.4662489553402563,True,mass_volume_step,Pos70,ch04
576,True,tracker,576,576,3.0,3.0,0.5087657955176361,0.5073331591827226,True,mass_volume_step,Pos70,ch04
598,True,tracker,598,598,3.0,3.0,0.519470103794513,0.5387372032926707,True,mass_volume_step,Pos70,ch04
617,True,tracker,617,617,3.0,3.0,0.560594990092087,0.5763525448358172,True,mass_volume_step,Pos70,ch04
641,True,tracker,641,641,3.0,3.0,0.5389345884837021,0.5181558678508408,True,mass_volume_step,Pos70,ch04
667,True,tracker,667,667,3.0,3.0,0.49747520935870737,0.49964185561492286,True,mass_volume_step,Pos70,ch04
690,True,tracker,690,690,3.0,3.0,0.5553246211682179,0.5428192726066219,True,mass_volume_step,Pos70,ch04
712,True,tracker,712,712,3.0,3.0,0.4910801763929911,0.5326162888730951,True,mass_volume_step,Pos70,ch04
739,True,tracker,739,739,3.0,3.0,0.453721409558212,0.4296800476952737,True,mass_volume_step,Pos70,ch04
764,True,tracker,764,764,3.0,3.0,0.5475949556246302,0.5527626682060073,True,mass_volume_step,Pos70,ch04
790,True,tracker,790,790,3.0,3.0,0.5360868414207361,0.5893967485647797,True,mass_volume_step,Pos70,ch04
815,True,tracker,815,815,3.0,3.0,0.5105547333979584,0.5002107151802043,True,mass_volume_step,Pos70,ch04
846,False,recovered,844,846,,,0.5368227385615874,0.5499090444957041,True,persistent_step_between_good_measurements,Pos70,ch04
869,True,tracker,869,869,3.0,3.0,0.5406114055821749,0.5442403024696821,True,mass_volume_step,Pos70,ch04
889,True,tracker,889,889,3.0,3.0,0.5143282735487581,0.44854913528766416,True,mass_volume_step,Pos70,ch04
922,True,tracker,922,922,3.0,3.0,0.5225742230404614,0.5181908636274368,True,mass_volume_step,Pos70,ch04
945,True,tracker,945,945,3.0,3.0,0.5366802244312565,0.5178851944078734,True,mass_volume_step,Pos70,ch04
966,True,tracker,966,966,3.0,3.0,0.4932255017126659,0.5132636742476766,True,mass_volume_step,Pos70,ch04
991,True,tracker,991,991,3.0,3.0,0.5447018217558529,0.6153345100755793,True,mass_volume_step,Pos70,ch04
1020,False,recovered,1019,1020,,,0.5248841288273195,0.599439431467981,True,persistent_step_between_good_measurements,Pos70,ch04
1043,True,tracker,1043,1043,3.0,3.0,0.5207490189756776,0.5896982095644323,True,mass_volume_step,Pos70,ch04
1071,True,tracker,1071,1071,2.0,3.0,1.2753383062557688,1.1338840456754726,False,no_supported_step,Pos70,ch04
1077,False,tracker,1075,1078,3.0,3.0,0.5389377957482201,0.5785075185589976,True,mass_volume_step,Pos70,ch04
1101,True,tracker,1101,1101,3.0,3.0,0.5342235371824022,0.5421941661742923,True,mass_volume_step,Pos70,ch04
1124,True,tracker,1124,1124,3.0,3.0,0.5078902676933175,0.5537491859810385,True,mass_volume_step,Pos70,ch04
1153,True,tracker,1153,1153,3.0,3.0,0.5278860865389488,0.5671897354714465,True,mass_volume_step,Pos70,ch04
1188,True,tracker,1187,1188,3.0,3.0,0.5635474045842578,0.5326503132819305,False,no_local_step_at_candidate,Pos70,ch04
1190,False,tracker,1189,1190,3.0,3.0,0.5409752370344513,0.5184185386446072,True,mass_volume_step,Pos70,ch04
19,True,tracker,19,19,3.0,3.0,0.5004790786973161,0.5209364484237836,True,mass_volume_step,Pos70,ch07
43,True,tracker,43,43,3.0,3.0,0.5556684539352567,0.5918107722726026,True,mass_volume_step,Pos70,ch07
69,True,tracker,69,69,3.0,3.0,0.5344365770918448,0.546035887863247,True,mass_volume_step,Pos70,ch07
93,True,tracker,93,93,3.0,3.0,0.5023960402700581,0.5368582187986387,True,mass_volume_step,Pos70,ch07
116,True,tracker,116,116,3.0,3.0,0.5335645189573137,0.537845629610866,True,mass_volume_step,Pos70,ch07
141,True,tracker,141,141,3.0,3.0,0.46404895962863046,0.44431547639042895,True,mass_volume_step,Pos70,ch07
172,True,tracker,172,172,3.0,3.0,0.48714328384101346,0.5108538532662078,True,mass_volume_step,Pos70,ch07
197,True,tracker,197,197,3.0,3.0,0.51356407281018,0.532859001170217,True,mass_volume_step,Pos70,ch07
221,True,tracker,221,221,3.0,3.0,0.4775129006519742,0.460377053002933,True,mass_volume_step,Pos70,ch07
254,False,recovered,253,254,,,0.5481848346103517,0.5559132625443137,True,persistent_step_between_good_measurements,Pos70,ch07
279,True,tracker,279,279,3.0,3.0,0.5291236455471837,0.5356417952096655,True,mass_volume_step,Pos70,ch07
303,True,tracker,303,303,3.0,3.0,0.5134646648294523,0.5404823147397193,True,mass_volume_step,Pos70,ch07
330,True,tracker,330,330,3.0,3.0,0.5040118443686489,0.5088940008815657,True,mass_volume_step,Pos70,ch07
365,True,tracker,365,365,3.0,3.0,0.5196666896604327,0.5238538506302673,True,mass_volume_step,Pos70,ch07
386,True,tracker,386,386,3.0,3.0,0.5095336129535176,0.49908182769751747,True,mass_volume_step,Pos70,ch07
412,True,tracker,412,412,3.0,3.0,0.5246537538016903,0.5365877448627963,True,mass_volume_step,Pos70,ch07
436,True,tracker,436,436,3.0,3.0,0.5028629200698549,0.5302064970797447,True,mass_volume_step,Pos70,ch07
460,True,tracker,460,460,3.0,3.0,0.5048971843667682,0.5424882016376963,True,mass_volume_step,Pos70,ch07
485,True,tracker,485,485,3.0,3.0,0.4884424851114302,0.502932486344546,True,mass_volume_step,Pos70,ch07
512,True,tracker,512,512,3.0,3.0,0.5065089771896321,0.5202338011196157,True,mass_volume_step,Pos70,ch07
537,True,tracker,537,537,3.0,3.0,0.5275651421759857,0.5859681979124161,True,mass_volume_step,Pos70,ch07
562,True,tracker,562,562,3.0,3.0,0.5046354911556761,0.5100340584023568,True,mass_volume_step,Pos70,ch07
608,True,tracker,608,608,3.0,3.0,0.5252038624660788,0.5173931336702478,True,mass_volume_step,Pos70,ch07
623,True,tracker,623,623,3.0,3.0,0.5891641300835988,0.6134830338046777,True,mass_volume_step,Pos70,ch07
661,True,tracker,661,661,3.0,3.0,0.5257033104382061,0.5518924944294652,True,mass_volume_step,Pos70,ch07
17,True,tracker,17,17,3.0,3.0,0.5372052639181053,0.5219723066573189,True,mass_volume_step,Pos71,ch05
42,True,tracker,42,42,3.0,3.0,0.5603886447794945,0.5583317690418551,True,mass_volume_step,Pos71,ch05
67,True,tracker,67,67,3.0,3.0,0.5448595625260038,0.5753724862327746,True,mass_volume_step,Pos71,ch05
90,True,tracker,90,90,3.0,3.0,0.5305885975994707,0.5723031147373249,True,mass_volume_step,Pos71,ch05
113,False,tracker,113,113,3.0,3.0,1.2374264834860054,1.2021687385746362,False,no_supported_step,Pos71,ch05
117,True,tracker,117,117,2.0,3.0,1.236982525063339,1.2020151654913116,False,no_supported_step,Pos71,ch05
122,True,tracker,122,122,3.0,3.0,0.5764913779573134,0.5157831417024672,True,mass_volume_step,Pos71,ch05
149,True,tracker,149,149,3.0,3.0,0.5627992836893442,0.5224614076429822,True,mass_volume_step,Pos71,ch05
172,True,tracker,172,172,3.0,3.0,0.531195800821067,0.49401211758336894,True,mass_volume_step,Pos71,ch05
200,True,tracker,200,200,3.0,3.0,0.5082151642289272,0.4888375412277277,True,mass_volume_step,Pos71,ch05
222,True,tracker,222,222,3.0,3.0,0.5297096616528233,0.46050309906967224,True,mass_volume_step,Pos71,ch05
253,True,tracker,253,253,3.0,3.0,0.5692771241095163,0.4815943140491948,True,mass_volume_step,Pos71,ch05
272,False,tracker,272,272,3.0,3.0,1.2065555731867705,1.0875932213498336,False,no_supported_step,Pos71,ch05
274,False,tracker,274,274,3.0,3.0,1.2065555731867705,1.0875932213498336,False,no_supported_step,Pos71,ch05
278,True,tracker,278,278,3.0,3.0,0.5393273097994271,0.48698288962935743,True,mass_volume_step,Pos71,ch05
303,True,tracker,303,303,3.0,3.0,0.522883743379321,0.47341444278719175,True,mass_volume_step,Pos71,ch05
324,True,tracker,324,324,3.0,3.0,0.5391178675397725,0.49450068415737264,True,mass_volume_step,Pos71,ch05
350,True,tracker,350,350,3.0,3.0,0.55095830531271,0.5194118491258286,True,mass_volume_step,Pos71,ch05
383,True,tracker,383,383,3.0,3.0,0.5446544798289779,0.5235490228003801,True,mass_volume_step,Pos71,ch05
405,True,tracker,405,405,3.0,3.0,0.5395221718019296,0.4954363290255669,True,mass_volume_step,Pos71,ch05
429,True,tracker,429,429,3.0,3.0,0.5661818754397214,0.5613801084275484,True,mass_volume_step,Pos71,ch05
454,True,tracker,454,454,3.0,3.0,0.5470088206071705,0.5311021981465276,True,mass_volume_step,Pos71,ch05
481,True,tracker,481,481,3.0,3.0,0.5393707211351109,0.483216006303583,True,mass_volume_step,Pos71,ch05
504,True,tracker,504,504,3.0,3.0,0.5558562487191828,0.5079572939848002,True,mass_volume_step,Pos71,ch05
530,True,tracker,530,530,3.0,3.0,0.6121532668632781,0.5221039916589019,True,mass_volume_step,Pos71,ch05
550,True,tracker,550,550,3.0,3.0,0.5549684069291381,0.5175813422823233,True,mass_volume_step,Pos71,ch05
574,True,tracker,574,574,3.0,3.0,0.5687418990486045,0.47876019304306466,True,mass_volume_step,Pos71,ch05
599,True,tracker,599,599,3.0,3.0,0.5646853741434537,0.5421041221825827,True,mass_volume_step,Pos71,ch05
626,True,tracker,626,626,3.0,3.0,0.509150730201067,0.508848502738955,True,mass_volume_step,Pos71,ch05
662,True,tracker,662,662,3.0,3.0,0.4982066822132892,0.5337796185004792,True,mass_volume_step,Pos71,ch05
23,True,tracker,23,23,3.0,3.0,0.5010974733095491,0.5147154132357579,True,mass_volume_step,Pos71,ch08
53,True,tracker,53,53,3.0,3.0,0.4769709295847193,0.4911412975612155,True,mass_volume_step,Pos71,ch08
80,True,tracker,80,80,3.0,3.0,0.5056326903652204,0.5122985907670125,True,mass_volume_step,Pos71,ch08
107,True,tracker,107,107,3.0,3.0,0.543582834640907,0.5662437907103273,True,mass_volume_step,Pos71,ch08
125,True,tracker,125,125,3.0,3.0,0.5196650206393664,0.5469498491869463,True,mass_volume_step,Pos71,ch08
148,True,tracker,148,148,3.0,3.0,0.5365955823144641,0.5945719132451586,True,mass_volume_step,Pos71,ch08
172,True,tracker,172,172,3.0,3.0,0.48084908568373963,0.5207136595006238,True,mass_volume_step,Pos71,ch08
196,True,tracker,196,196,3.0,3.0,0.45994784038504455,0.46795568826180506,True,mass_volume_step,Pos71,ch08
224,True,tracker,224,224,3.0,3.0,0.47776122386135506,0.4941242117154548,True,mass_volume_step,Pos71,ch08
248,True,tracker,248,248,3.0,3.0,0.4647457777029749,0.4978063466426157,True,mass_volume_step,Pos71,ch08
279,True,tracker,279,279,3.0,3.0,0.5132567515291137,0.5404743429494832,True,mass_volume_step,Pos71,ch08
301,True,tracker,301,301,3.0,3.0,0.5014142333294603,0.5419942948775487,True,mass_volume_step,Pos71,ch08
326,True,tracker,326,326,3.0,3.0,0.4863069682757,0.5199843984908875,True,mass_volume_step,Pos71,ch08
352,True,tracker,352,352,3.0,3.0,0.48717913366088444,0.510352764780905,True,mass_volume_step,Pos71,ch08
379,True,tracker,379,379,3.0,3.0,0.49901759533974477,0.4977750934300956,True,mass_volume_step,Pos71,ch08
403,True,tracker,403,403,3.0,3.0,0.5077691427229206,0.5259804887265569,True,mass_volume_step,Pos71,ch08
426,True,tracker,426,426,3.0,3.0,0.45792442410618767,0.506351621998353,True,mass_volume_step,Pos71,ch08
453,True,tracker,453,453,3.0,3.0,0.49619217949467104,0.5214470912919653,True,mass_volume_step,Pos71,ch08
481,True,tracker,481,481,3.0,3.0,0.4934983594169902,0.5307525979835432,True,mass_volume_step,Pos71,ch08
507,True,tracker,507,507,3.0,3.0,0.5374268953042659,0.5315295129294968,True,mass_volume_step,Pos71,ch08
530,True,tracker,530,530,3.0,3.0,0.5201007676406781,0.5377830398717103,True,mass_volume_step,Pos71,ch08
554,True,tracker,554,554,3.0,3.0,0.5225860196370278,0.5306130941346,True,mass_volume_step,Pos71,ch08
574,True,tracker,574,574,3.0,3.0,0.511624616087141,0.5272870142831612,True,mass_volume_step,Pos71,ch08
598,True,tracker,598,598,3.0,3.0,0.4883800318769309,0.520558961870711,True,mass_volume_step,Pos71,ch08
623,True,tracker,623,623,3.0,3.0,0.5020568411876097,0.5200908255565887,True,mass_volume_step,Pos71,ch08
649,True,tracker,649,649,3.0,3.0,0.49549959688392536,0.5238297698496404,True,mass_volume_step,Pos71,ch08
673,True,tracker,673,673,3.0,3.0,0.4622168749590945,0.5030843066490391,True,mass_volume_step,Pos71,ch08
702,True,tracker,702,702,3.0,3.0,0.47848515902724514,0.4968140126212058,True,mass_volume_step,Pos71,ch08
751,True,tracker,751,751,3.0,3.0,0.5352328746266265,0.5286967247976445,True,mass_volume_step,Pos71,ch08
763,True,tracker,763,763,3.0,3.0,0.5146919382462011,0.5454932935324559,True,mass_volume_step,Pos71,ch08
783,True,tracker,783,783,3.0,3.0,0.47814463624214737,0.518007626217829,True,mass_volume_step,Pos71,ch08
807,True,tracker,807,807,3.0,3.0,0.46110847417656314,0.4843197601104943,True,mass_volume_step,Pos71,ch08
838,True,tracker,838,838,3.0,3.0,0.49085008449987927,0.5039620139258408,True,mass_volume_step,Pos71,ch08
862,True,tracker,862,862,3.0,3.0,0.5083835220224444,0.5385999121443646,True,mass_volume_step,Pos71,ch08
890,True,tracker,890,890,3.0,3.0,0.48867262718208043,0.5039441956312508,True,mass_volume_step,Pos71,ch08
914,True,tracker,914,914,3.0,3.0,0.47153590961092096,0.47164004383836095,True,mass_volume_step,Pos71,ch08
941,True,tracker,941,941,3.0,3.0,0.5205051747016356,0.5500740167759727,True,mass_volume_step,Pos71,ch08
965,True,tracker,965,965,3.0,3.0,0.46838393471012585,0.5046867752254972,True,mass_volume_step,Pos71,ch08
992,True,tracker,992,992,3.0,3.0,0.5314948883806712,0.5237231171760932,True,mass_volume_step,Pos71,ch08
1016,True,tracker,1016,1016,3.0,3.0,0.49663999615131227,0.505804130092661,True,mass_volume_step,Pos71,ch08
1040,True,tracker,1040,1040,3.0,3.0,0.5220429181939378,0.5455468379963211,True,mass_volume_step,Pos71,ch08
1069,True,tracker,1069,1069,3.0,3.0,0.4995174493277972,0.5004456709563516,True,mass_volume_step,Pos71,ch08
1091,True,tracker,1091,1091,3.0,3.0,0.482657480074324,0.49841970414035297,True,mass_volume_step,Pos71,ch08
1117,False,recovered,1116,1117,,,0.48277715893011497,0.502389556538157,True,persistent_step_between_good_measurements,Pos71,ch08
1151,True,tracker,1150,1152,3.0,3.0,0.5479530648588274,0.5521080325617002,True,mass_volume_step,Pos71,ch08
1179,True,tracker,1177,1180,3.0,3.0,0.5374464688530279,0.503818969831353,True,mass_volume_step,Pos71,ch08
25,True,tracker,25,25,3.0,3.0,0.4836899942901886,0.5148072917511766,True,mass_volume_step,Pos71,ch09
47,True,tracker,47,47,3.0,3.0,0.505057349109722,0.5216252491366948,True,mass_volume_step,Pos71,ch09
74,True,tracker,74,74,3.0,3.0,0.4919294175524072,0.5391886803117869,True,mass_volume_step,Pos71,ch09
102,True,tracker,102,102,3.0,3.0,0.511975215776116,0.5159846927152881,True,mass_volume_step,Pos71,ch09
127,True,tracker,127,127,3.0,3.0,0.4849944443351817,0.5006758249623577,True,mass_volume_step,Pos71,ch09
151,True,tracker,151,151,3.0,3.0,0.48789072376114395,0.4939616951346142,True,mass_volume_step,Pos71,ch09
175,True,tracker,175,175,3.0,3.0,0.48429967307188393,0.49714564989861953,True,mass_volume_step,Pos71,ch09
201,True,tracker,201,201,3.0,3.0,0.5134930601172556,0.5269507042434832,True,mass_volume_step,Pos71,ch09
226,True,tracker,226,226,3.0,3.0,0.4871470527273611,0.5238808192578964,True,mass_volume_step,Pos71,ch09
253,True,tracker,253,253,3.0,3.0,0.4924272370260796,0.54715543122867,True,mass_volume_step,Pos71,ch09
283,True,tracker,283,283,3.0,3.0,0.4671837723162278,0.4781368349372523,True,mass_volume_step,Pos71,ch09
303,True,tracker,303,303,3.0,3.0,0.526058753061827,0.5193946048555221,True,mass_volume_step,Pos71,ch09
332,True,tracker,332,332,3.0,3.0,0.5233902877399078,0.5349888715668007,True,mass_volume_step,Pos71,ch09
352,True,tracker,352,352,3.0,3.0,0.4952551700045057,0.5115281951170881,True,mass_volume_step,Pos71,ch09
378,True,tracker,378,378,3.0,3.0,0.48441510976428104,0.5125236383442594,True,mass_volume_step,Pos71,ch09
406,True,tracker,406,406,3.0,3.0,0.4939433503100679,0.5710332798789374,True,mass_volume_step,Pos71,ch09
431,True,tracker,431,431,3.0,3.0,0.530215094951496,0.5164263829484249,True,mass_volume_step,Pos71,ch09
454,True,tracker,454,454,3.0,3.0,0.5357119682027085,0.5624848010180398,True,mass_volume_step,Pos71,ch09
482,True,tracker,482,482,3.0,3.0,0.5024898634353193,0.4891531835000651,True,mass_volume_step,Pos71,ch09
505,True,tracker,505,505,3.0,3.0,0.5321647276372233,0.5459889344111829,True,mass_volume_step,Pos71,ch09
532,True,tracker,532,532,3.0,3.0,0.4972794080211377,0.5251990566917223,True,mass_volume_step,Pos71,ch09
558,True,tracker,558,558,3.0,3.0,0.493360457471082,0.5086087330204034,True,mass_volume_step,Pos71,ch09
579,True,tracker,579,579,3.0,3.0,0.4989432022793734,0.5345132158537406,True,mass_volume_step,Pos71,ch09
605,True,tracker,605,605,3.0,3.0,0.5117083096674437,0.5682177341307763,True,mass_volume_step,Pos71,ch09
629,True,tracker,629,629,3.0,3.0,0.5464111871870033,0.5350692911129464,True,mass_volume_step,Pos71,ch09
650,True,tracker,650,650,3.0,3.0,0.517738708792812,0.5170950544825501,True,mass_volume_step,Pos71,ch09
674,True,tracker,674,674,3.0,3.0,0.5124294619837216,0.548826180049578,True,mass_volume_step,Pos71,ch09
700,True,tracker,700,700,3.0,3.0,0.4888633067632084,0.4963868543885756,True,mass_volume_step,Pos71,ch09
725,True,tracker,725,725,3.0,3.0,0.46884789617584116,0.4834422945151835,True,mass_volume_step,Pos71,ch09
753,True,tracker,753,753,3.0,3.0,0.5065105028198232,0.5444662285208448,True,mass_volume_step,Pos71,ch09
780,True,tracker,780,780,3.0,3.0,0.47895798665586575,0.494691882173402,True,mass_volume_step,Pos71,ch09
808,True,tracker,808,808,3.0,3.0,0.5401089582816019,0.5504532061637802,True,mass_volume_step,Pos71,ch09
832,True,tracker,832,832,3.0,3.0,0.49887361565625327,0.5649777437907526,True,mass_volume_step,Pos71,ch09
858,True,tracker,858,858,3.0,3.0,0.5082818977300539,0.5296662189433656,True,mass_volume_step,Pos71,ch09
880,True,tracker,880,880,3.0,3.0,0.46613958901996244,0.4660988061960502,True,mass_volume_step,Pos71,ch09
905,True,tracker,905,905,3.0,3.0,0.4889340433957092,0.5253228084426215,True,mass_volume_step,Pos71,ch09
929,True,tracker,929,929,3.0,3.0,0.4766731460565583,0.507579683937659,True,mass_volume_step,Pos71,ch09
959,True,tracker,959,959,3.0,3.0,0.5105105325780047,0.5353396549007482,True,mass_volume_step,Pos71,ch09
987,True,tracker,987,987,3.0,3.0,0.49085497441550885,0.5251625259425503,True,mass_volume_step,Pos71,ch09
1010,True,tracker,1010,1010,3.0,3.0,0.5196563365601665,0.5439694845198204,True,mass_volume_step,Pos71,ch09
1036,True,tracker,1036,1036,3.0,3.0,0.49902445402925505,0.4984038751024093,True,mass_volume_step,Pos71,ch09
7,True,tracker,7,7,3.0,3.0,0.5190500740963586,0.47955419895424345,True,mass_volume_step,Pos72,ch03
31,True,tracker,31,31,3.0,3.0,0.5445284025635095,0.5193563751828973,True,mass_volume_step,Pos72,ch03
59,True,tracker,59,59,3.0,3.0,0.5407819144401139,0.508063866681364,True,mass_volume_step,Pos72,ch03
85,True,tracker,85,85,3.0,3.0,0.5359545492077209,0.5251550466263144,True,mass_volume_step,Pos72,ch03
109,True,tracker,109,109,3.0,3.0,0.4979423826822901,0.4890250256538425,True,mass_volume_step,Pos72,ch03
134,True,tracker,134,134,3.0,3.0,0.5310201690857149,0.4867696550393945,True,mass_volume_step,Pos72,ch03
160,True,tracker,160,160,3.0,3.0,0.5460561582490134,0.5037151019912205,True,mass_volume_step,Pos72,ch03
181,True,tracker,181,181,3.0,3.0,0.5380806150255476,0.5364831552903087,True,mass_volume_step,Pos72,ch03
208,True,tracker,208,208,3.0,3.0,0.5239958465319149,0.4775496754343185,True,mass_volume_step,Pos72,ch03
17,True,tracker,17,17,3.0,3.0,0.5331327709839228,0.5877980852449289,True,mass_volume_step,Pos72,ch07
43,True,tracker,43,43,3.0,3.0,0.5039492270801026,0.5029135063894048,True,mass_volume_step,Pos72,ch07
74,True,tracker,74,74,3.0,3.0,0.5412431489593984,0.5422152685086193,True,mass_volume_step,Pos72,ch07
93,True,tracker,93,93,3.0,3.0,0.512043641971764,0.5354578581018181,True,mass_volume_step,Pos72,ch07
119,True,tracker,119,119,3.0,3.0,0.4924811141735752,0.5001742925474428,True,mass_volume_step,Pos72,ch07
147,True,tracker,147,147,3.0,3.0,0.5027240049521741,0.5601798377830652,True,mass_volume_step,Pos72,ch07
168,True,tracker,168,168,3.0,3.0,0.5121817072346343,0.546764119614721,True,mass_volume_step,Pos72,ch07
201,True,tracker,201,201,3.0,3.0,0.5040473795369977,0.5511668742430832,True,mass_volume_step,Pos72,ch07
224,True,tracker,224,224,3.0,2.0,0.5222636811565002,0.5359160299327819,True,mass_volume_step,Pos72,ch07
11,True,tracker,11,11,3.0,3.0,0.5685355206760931,0.6004444113930267,True,mass_volume_step,Pos74,ch08
40,True,tracker,40,40,3.0,3.0,0.5521300023197346,0.5098039746371332,True,mass_volume_step,Pos74,ch08
88,True,tracker,88,88,3.0,3.0,0.4387911777559847,0.45419056073656877,True,mass_volume_step,Pos74,ch08
27,True,tracker,27,27,3.0,3.0,0.44729326563115773,0.5536514175446563,True,mass_volume_step,Pos74,ch10
51,True,tracker,51,51,3.0,3.0,0.44261089492835337,0.47672542914637667,True,mass_volume_step,Pos74,ch10
75,True,tracker,75,75,3.0,3.0,0.450610186908743,0.5097440450539944,True,mass_volume_step,Pos74,ch10
100,True,tracker,100,100,3.0,3.0,0.49997021009653225,0.5188587840049537,True,mass_volume_step,Pos74,ch10
121,True,tracker,121,121,3.0,3.0,0.451833834191984,0.47226681262087994,True,mass_volume_step,Pos74,ch10
148,True,tracker,148,148,3.0,3.0,0.42670210146336146,0.4923471103267215,True,mass_volume_step,Pos74,ch10
179,True,tracker,179,179,3.0,3.0,0.47627300390825833,0.48650847058499097,True,mass_volume_step,Pos74,ch10
203,True,tracker,203,203,3.0,3.0,0.4328989376887466,0.5002720055568014,True,mass_volume_step,Pos74,ch10
232,True,tracker,232,232,3.0,3.0,0.4582146993824922,0.48071627076311324,True,mass_volume_step,Pos74,ch10
259,True,tracker,259,259,3.0,3.0,0.47812110980847533,0.4990025182831598,True,mass_volume_step,Pos74,ch10
282,True,tracker,282,282,3.0,3.0,0.46361840914354446,0.45433512769831746,True,mass_volume_step,Pos74,ch10
307,True,tracker,307,307,3.0,3.0,0.4190801846859736,0.5385218134949806,True,mass_volume_step,Pos74,ch10
332,True,tracker,332,332,3.0,3.0,0.45634557345103655,0.5091882214026188,True,mass_volume_step,Pos74,ch10
362,True,tracker,362,362,3.0,3.0,0.4410023185304084,0.48294355318392873,True,mass_volume_step,Pos74,ch10
384,True,tracker,384,384,3.0,3.0,0.4261928647548019,0.4945109327113292,True,mass_volume_step,Pos74,ch10
415,True,tracker,415,415,3.0,3.0,0.504115586048775,0.49514758089421135,True,mass_volume_step,Pos74,ch10
437,True,tracker,437,437,3.0,3.0,0.5473128197481109,0.5732453757066837,True,mass_volume_step,Pos74,ch10
463,False,recovered,462,463,,,0.514561950983507,0.5099464166325103,True,persistent_step_between_good_measurements,Pos74,ch10
486,True,tracker,486,486,3.0,3.0,0.4916963790648153,0.5283374880604993,True,mass_volume_step,Pos74,ch10
510,True,tracker,510,510,3.0,3.0,0.4159619231615791,0.47512290853422895,True,mass_volume_step,Pos74,ch10
533,True,tracker,533,533,3.0,3.0,0.4780226174340439,0.5081821186578517,True,mass_volume_step,Pos74,ch10
557,True,tracker,557,557,3.0,3.0,0.43945330628564017,0.48657731121245124,True,mass_volume_step,Pos74,ch10
592,True,tracker,592,592,3.0,3.0,0.5008720000497788,0.5646898148595101,True,mass_volume_step,Pos74,ch10
611,True,tracker,611,611,3.0,3.0,0.461267511083257,0.5482033592570087,True,mass_volume_step,Pos74,ch10
637,True,tracker,637,637,3.0,3.0,0.5531042138377837,0.5392798718415934,True,mass_volume_step,Pos74,ch10
655,True,tracker,655,655,3.0,3.0,0.5111114511805207,0.6080060953371903,True,mass_volume_step,Pos74,ch10
682,True,tracker,682,682,3.0,3.0,0.45924445701057626,0.49802777535355197,True,mass_volume_step,Pos74,ch10
709,True,tracker,709,709,3.0,3.0,0.4502400434686507,0.5308315526330128,True,mass_volume_step,Pos74,ch10
734,True,tracker,734,734,3.0,3.0,0.537245592683563,0.5542969797387061,True,mass_volume_step,Pos74,ch10
760,True,tracker,760,760,3.0,3.0,0.4758805161120523,0.5100407835744352,True,mass_volume_step,Pos74,ch10
786,True,tracker,786,786,3.0,3.0,0.447721308527949,0.5032037016819183,True,mass_volume_step,Pos74,ch10
808,True,tracker,808,808,3.0,3.0,0.43553593071833135,0.5084228985643151,True,mass_volume_step,Pos74,ch10
838,True,tracker,838,838,3.0,3.0,0.4616758561976189,0.48011867010011827,True,mass_volume_step,Pos74,ch10
859,True,tracker,859,859,3.0,3.0,0.4772335074917659,0.4785177842992774,True,mass_volume_step,Pos74,ch10
7,True,tracker,7,7,3.0,3.0,0.495281108678538,0.4975621945058116,True,mass_volume_step,Pos75,ch01
29,True,tracker,29,29,3.0,3.0,0.48755635994582486,0.5017290274830519,True,mass_volume_step,Pos75,ch01
55,True,tracker,55,55,3.0,3.0,0.48240009015894625,0.5050464809564176,True,mass_volume_step,Pos75,ch01
82,True,tracker,82,82,3.0,3.0,0.49248017925407916,0.48240523067284713,True,mass_volume_step,Pos75,ch01
136,True,tracker,136,136,3.0,3.0,0.4662095461990539,0.48955524519506055,True,mass_volume_step,Pos75,ch01
30,True,tracker,30,30,3.0,3.0,0.5477805959387727,0.5633041830517619,True,mass_volume_step,Pos75,ch08
57,True,tracker,57,57,3.0,3.0,0.5278921872586377,0.5344430503438754,True,mass_volume_step,Pos75,ch08
81,True,tracker,81,81,3.0,3.0,0.5415393095831025,0.5405120403421845,True,mass_volume_step,Pos75,ch08
111,True,tracker,111,111,3.0,3.0,0.5155757373104652,0.5378356917134737,True,mass_volume_step,Pos75,ch08
132,True,tracker,132,132,3.0,3.0,0.5465984539791098,0.522639404398381,True,mass_volume_step,Pos75,ch08
159,True,tracker,159,159,3.0,3.0,0.5434903625716909,0.5275825547709712,True,mass_volume_step,Pos75,ch08
180,False,tracker,180,180,3.0,3.0,1.174443165253256,1.082612730811451,False,no_supported_step,Pos75,ch08
185,True,tracker,185,185,3.0,3.0,0.5320626573916345,0.5581793913687485,True,mass_volume_step,Pos75,ch08
212,True,tracker,212,212,3.0,3.0,0.531826487710674,0.48885918838741427,True,mass_volume_step,Pos75,ch08
238,True,tracker,238,238,3.0,3.0,0.5173539143506495,0.4936824301662277,True,mass_volume_step,Pos75,ch08
265,True,tracker,265,265,3.0,3.0,0.535991062554444,0.49730912399858246,True,mass_volume_step,Pos75,ch08
287,True,tracker,287,287,3.0,3.0,0.5404766836439582,0.5277574859850587,True,mass_volume_step,Pos75,ch08
314,True,tracker,314,314,3.0,3.0,0.5557331293378402,0.5468521279643777,True,mass_volume_step,Pos75,ch08
344,True,tracker,344,344,3.0,3.0,0.5545660822152481,0.5347510552441058,True,mass_volume_step,Pos75,ch08
362,True,tracker,362,362,3.0,3.0,0.5695308217797537,0.5449495310763425,True,mass_volume_step,Pos75,ch08
391,True,tracker,391,391,3.0,3.0,0.48773596133768227,0.4473850365007695,True,mass_volume_step,Pos75,ch08
422,False,recovered,420,422,,,0.5561220668833091,0.5663042220229617,True,persistent_step_between_good_measurements,Pos75,ch08
442,True,tracker,442,442,3.0,3.0,0.564264769466609,0.5715931264245381,True,mass_volume_step,Pos75,ch08
467,True,tracker,467,467,3.0,3.0,0.5421435106761282,0.5792196124457849,True,mass_volume_step,Pos75,ch08
487,True,tracker,487,487,3.0,3.0,0.5336804189884944,0.5311802603666024,True,mass_volume_step,Pos75,ch08
516,True,tracker,516,516,3.0,3.0,0.4996092169840039,0.4840437858695297,True,mass_volume_step,Pos75,ch08
541,True,tracker,541,541,3.0,3.0,0.5369805274606565,0.4935022450717555,True,mass_volume_step,Pos75,ch08
568,True,tracker,568,568,3.0,3.0,0.5090891199213461,0.5012237989718089,True,mass_volume_step,Pos75,ch08
584,False,tracker,584,584,3.0,3.0,1.1698255956599384,1.2029235802678848,False,no_supported_step,Pos75,ch08
591,True,tracker,591,591,3.0,3.0,0.5207514569973126,0.5567019780021215,True,mass_volume_step,Pos75,ch08
617,True,tracker,617,617,3.0,3.0,0.5324086703154115,0.5146516396240252,True,mass_volume_step,Pos75,ch08
647,True,tracker,647,647,3.0,3.0,0.5490158362518112,0.5439571740262051,True,mass_volume_step,Pos75,ch08
675,True,tracker,675,675,3.0,3.0,0.5116391940961215,0.4919144348382403,True,mass_volume_step,Pos75,ch08
700,True,tracker,700,700,3.0,3.0,0.5769697014281078,0.5815403003647001,True,mass_volume_step,Pos75,ch08
724,True,tracker,724,724,3.0,3.0,0.5513277866423523,0.5785530510453557,True,mass_volume_step,Pos75,ch08
748,True,tracker,748,748,3.0,3.0,0.5492820984799122,0.5701050193186769,True,mass_volume_step,Pos75,ch08
771,True,tracker,771,771,3.0,3.0,0.535886633442195,0.5037481068419997,True,mass_volume_step,Pos75,ch08
798,True,tracker,798,798,3.0,3.0,0.5876620328818356,0.6099844036574907,True,mass_volume_step,Pos75,ch08
828,True,tracker,828,828,3.0,3.0,0.5227395886948525,0.5023607601091121,True,mass_volume_step,Pos75,ch08
868,True,tracker,868,868,3.0,3.0,0.4805885812077652,0.47359644307671184,True,mass_volume_step,Pos75,ch08
24,True,tracker,24,24,3.0,3.0,0.516393539237038,0.4948159128816516,True,mass_volume_step,Pos75,ch10
50,True,tracker,50,50,3.0,3.0,0.5194485785736717,0.557568650002455,True,mass_volume_step,Pos75,ch10
77,True,tracker,77,77,3.0,3.0,0.5190365528053099,0.5350052883583335,True,mass_volume_step,Pos75,ch10
99,True,tracker,99,99,3.0,3.0,0.5274704032993396,0.5322007283241187,True,mass_volume_step,Pos75,ch10
122,True,tracker,122,122,3.0,3.0,0.5651762171527913,0.6229046816245055,True,mass_volume_step,Pos75,ch10
148,True,tracker,148,148,3.0,3.0,0.5035852822039014,0.5472399086085312,True,mass_volume_step,Pos75,ch10
172,True,tracker,172,172,3.0,3.0,0.5408206290357839,0.571509237379799,True,mass_volume_step,Pos75,ch10
196,True,tracker,196,196,3.0,3.0,0.515565264396623,0.5392546004643527,True,mass_volume_step,Pos75,ch10
218,True,tracker,218,218,3.0,3.0,0.5215303401857093,0.5257920603148052,True,mass_volume_step,Pos75,ch10
245,True,tracker,245,245,3.0,3.0,0.5110889525723973,0.5421600709205477,True,mass_volume_step,Pos75,ch10
267,True,tracker,267,267,3.0,3.0,0.49922353859557506,0.5336653499130521,True,mass_volume_step,Pos75,ch10
293,True,tracker,293,293,3.0,3.0,0.5203444802791328,0.5462558889190193,True,mass_volume_step,Pos75,ch10
316,True,tracker,316,316,3.0,3.0,0.5427846409496416,0.5446671787782431,True,mass_volume_step,Pos75,ch10
343,True,tracker,343,343,3.0,3.0,0.525543407899696,0.5461211946820266,True,mass_volume_step,Pos75,ch10
367,True,tracker,367,367,3.0,3.0,0.5824561497545441,0.5890533553211654,True,mass_volume_step,Pos75,ch10
389,True,tracker,389,389,3.0,3.0,0.5157020048487275,0.5292804902381387,True,mass_volume_step,Pos75,ch10
415,True,tracker,415,415,3.0,3.0,0.49908253488161425,0.526281468456705,True,mass_volume_step,Pos75,ch10
440,True,tracker,440,440,3.0,3.0,0.526439521382829,0.527284334948308,True,mass_volume_step,Pos75,ch10
466,True,tracker,466,466,3.0,3.0,0.5127998531303071,0.5365379794607809,True,mass_volume_step,Pos75,ch10
495,True,tracker,495,495,3.0,3.0,0.5064355183101589,0.5391873811285246,True,mass_volume_step,Pos75,ch10
516,True,tracker,516,516,3.0,3.0,0.505130041641342,0.5362691027256049,True,mass_volume_step,Pos75,ch10
540,True,tracker,540,540,3.0,3.0,0.5207308274329187,0.5402494500567934,True,mass_volume_step,Pos75,ch10
566,True,tracker,566,566,3.0,3.0,0.5745698361857183,0.6118085088188214,True,mass_volume_step,Pos75,ch10
593,True,tracker,593,593,3.0,3.0,0.5029785820281357,0.49874295879516245,True,mass_volume_step,Pos75,ch10
611,True,tracker,611,611,3.0,3.0,0.5688433024503108,0.5929585733209709,True,mass_volume_step,Pos75,ch10
634,True,tracker,634,634,3.0,3.0,0.5668700652503387,0.5620992426958582,True,mass_volume_step,Pos75,ch10
658,True,tracker,658,658,3.0,3.0,0.5420362925164639,0.54454107045302,True,mass_volume_step,Pos75,ch10
686,True,tracker,686,686,3.0,3.0,0.4686183770796133,0.5017335170538763,True,mass_volume_step,Pos75,ch10
709,True,tracker,709,711,3.0,3.0,0.5814719716887515,0.5924007008043431,False,duplicate_good_measurement_step,Pos75,ch10
711,False,tracker,709,711,3.0,3.0,0.5814719716887515,0.5924007008043431,True,mass_volume_step,Pos75,ch10
732,False,recovered,731,732,,,0.5119073717393692,0.5576696143754979,True,persistent_step_between_good_measurements,Pos75,ch10
752,True,tracker,752,752,3.0,3.0,0.5249417371082219,0.5133263043209638,True,mass_volume_step,Pos75,ch10
776,True,tracker,776,776,3.0,3.0,0.5204202678578318,0.5123534047682153,True,mass_volume_step,Pos75,ch10
804,True,tracker,804,804,3.0,3.0,0.5004661606527554,0.4882497939720844,True,mass_volume_step,Pos75,ch10
831,True,tracker,831,831,3.0,3.0,0.5146324136803468,0.5387181326379791,True,mass_volume_step,Pos75,ch10
856,True,tracker,856,856,3.0,3.0,0.49056312918530465,0.5031687562968137,True,mass_volume_step,Pos75,ch10
880,True,tracker,880,880,3.0,3.0,0.5035895647944192,0.523755124276895,True,mass_volume_step,Pos75,ch10
908,True,tracker,908,908,3.0,3.0,0.5174545322992662,0.5510000247088979,True,mass_volume_step,Pos75,ch10
931,True,tracker,931,931,3.0,3.0,0.5445800914083581,0.5865434802175697,True,mass_volume_step,Pos75,ch10
955,True,tracker,955,955,3.0,3.0,0.49882115830427276,0.47505509916140426,True,mass_volume_step,Pos75,ch10
980,True,tracker,980,980,3.0,3.0,0.5621088624827163,0.5616484123669572,True,mass_volume_step,Pos75,ch10
1002,True,tracker,1002,1002,3.0,3.0,0.5038175775826704,0.5470397642019876,True,mass_volume_step,Pos75,ch10
1028,True,tracker,1028,1028,3.0,3.0,0.49730197122013553,0.5354109246412362,True,mass_volume_step,Pos75,ch10
1063,True,tracker,1063,1063,3.0,3.0,0.5599312495523124,0.5648681152792325,True,mass_volume_step,Pos75,ch10
1082,True,tracker,1082,1082,3.0,3.0,0.5755115708406141,0.5759376795304335,True,mass_volume_step,Pos75,ch10
1104,True,tracker,1104,1104,3.0,3.0,0.49283488860993047,0.49615023276081066,True,mass_volume_step,Pos75,ch10
1131,True,tracker,1131,1131,3.0,3.0,0.5370758332954714,0.5545422333873612,True,mass_volume_step,Pos75,ch10
1153,True,tracker,1153,1153,3.0,3.0,0.5378689650310966,0.5838879838685302,True,mass_volume_step,Pos75,ch10
1180,True,tracker,1180,1180,3.0,3.0,0.4971478371315704,0.5176677777172397,True,mass_volume_step,Pos75,ch10
17,True,tracker,17,17,3.0,3.0,0.47943937218086025,0.516237241143299,True,mass_volume_step,Pos76,ch08
45,True,tracker,45,45,3.0,3.0,0.48894304909454994,0.4815319285943412,True,mass_volume_step,Pos76,ch08
69,True,tracker,69,69,3.0,3.0,0.4967533787652957,0.5434959000646364,True,mass_volume_step,Pos76,ch08
94,True,tracker,94,94,3.0,3.0,1.205459972109888,1.15901818798521,False,no_supported_step,Pos76,ch08
101,True,tracker,101,101,3.0,3.0,0.5180197616174173,0.5598061985611897,True,mass_volume_step,Pos76,ch08
129,True,tracker,129,129,3.0,3.0,0.5242315329025781,0.561313453640942,True,mass_volume_step,Pos76,ch08
150,True,tracker,150,150,3.0,3.0,0.48423825754376437,0.5022258413318508,True,mass_volume_step,Pos76,ch08
176,True,tracker,176,176,3.0,3.0,0.5092144167617321,0.5302377757208171,True,mass_volume_step,Pos76,ch08
201,True,tracker,201,201,3.0,3.0,0.49468688923073,0.5097993870495028,True,mass_volume_step,Pos76,ch08
227,True,tracker,227,227,3.0,3.0,0.4991208199205138,0.5334407075642087,True,mass_volume_step,Pos76,ch08
251,True,tracker,251,251,3.0,3.0,0.5093753509388113,0.5600994149937688,True,mass_volume_step,Pos76,ch08
279,False,recovered,277,279,,,0.5353435398906627,0.5268640765269306,True,persistent_step_between_good_measurements,Pos76,ch08
300,True,tracker,300,300,3.0,3.0,0.5290489421445631,0.5827383076446119,True,mass_volume_step,Pos76,ch08
326,True,tracker,326,326,3.0,3.0,0.4898254647383942,0.5361529804546209,True,mass_volume_step,Pos76,ch08
351,True,tracker,351,351,3.0,3.0,0.4786880384074701,0.4941502985294834,True,mass_volume_step,Pos76,ch08
375,True,tracker,375,375,3.0,3.0,0.49773203546803685,0.49115254385220314,True,mass_volume_step,Pos76,ch08
402,False,recovered,401,402,,,0.5450166385240031,0.5493437853145783,True,persistent_step_between_good_measurements,Pos76,ch08
427,False,recovered,426,427,,,0.5229786676546707,0.5152026053298077,True,persistent_step_between_good_measurements,Pos76,ch08
451,True,tracker,451,451,3.0,3.0,0.4969580890997099,0.538613421287711,True,mass_volume_step,Pos76,ch08
478,True,tracker,478,478,3.0,3.0,0.5258623490272513,0.5463689531979883,True,mass_volume_step,Pos76,ch08
502,True,tracker,502,502,3.0,3.0,0.5342127459537489,0.5433747796810651,True,mass_volume_step,Pos76,ch08
528,False,recovered,527,528,,,0.5440098945957899,0.5415624882843351,True,persistent_step_between_good_measurements,Pos76,ch08
546,False,tracker,546,546,3.0,3.0,1.1518523386777904,1.1541803597035623,False,no_supported_step,Pos76,ch08
554,True,tracker,553,554,3.0,3.0,0.5549628484883047,0.5483027098188493,True,mass_volume_step,Pos76,ch08
576,True,tracker,576,576,3.0,3.0,0.5079272406420369,0.522155864580277,True,mass_volume_step,Pos76,ch08
599,True,tracker,599,599,3.0,3.0,0.5218570625007525,0.5360450721031684,True,mass_volume_step,Pos76,ch08
625,True,tracker,625,625,3.0,3.0,0.5207294598046496,0.5425829166094633,True,mass_volume_step,Pos76,ch08
650,True,tracker,650,650,3.0,3.0,0.5226931770818946,0.5573965020455688,True,mass_volume_step,Pos76,ch08
670,True,tracker,670,670,3.0,3.0,0.5008830494548048,0.5165030770326805,True,mass_volume_step,Pos76,ch08
693,True,tracker,693,693,3.0,3.0,0.4871504355845957,0.532842364177888,True,mass_volume_step,Pos76,ch08
721,True,tracker,721,721,3.0,3.0,0.5126324694979449,0.5393265502166815,True,mass_volume_step,Pos76,ch08
744,True,tracker,744,744,3.0,3.0,0.5364258887680967,0.5444316653664039,True,mass_volume_step,Pos76,ch08
771,False,recovered,770,771,,,0.5517669684665932,0.5732679179128402,True,persistent_step_between_good_measurements,Pos76,ch08
792,True,tracker,792,792,3.0,3.0,0.5059761252158834,0.5480431215418922,True,mass_volume_step,Pos76,ch08
813,True,tracker,813,813,3.0,3.0,0.5241939146919523,0.5480843627520426,True,mass_volume_step,Pos76,ch08
840,True,tracker,840,840,3.0,3.0,0.497719513712675,0.4912165642584069,True,mass_volume_step,Pos76,ch08
865,True,tracker,865,865,3.0,3.0,0.5101643546008011,0.5487857085566424,True,mass_volume_step,Pos76,ch08
895,True,tracker,895,895,3.0,3.0,0.4942086647052799,0.4787143454964837,True,mass_volume_step,Pos76,ch08
913,False,tracker,913,913,3.0,1.0,,,False,insufficient_good_points,Pos76,ch08
915,False,tracker,915,915,3.0,2.0,1.441950459306181,1.340121952477321,False,no_supported_step,Pos76,ch08
919,True,tracker,919,919,0.0,3.0,,,False,insufficient_good_points,Pos76,ch08
922,True,tracker,922,922,1.0,3.0,,,False,insufficient_good_points,Pos76,ch08
924,True,tracker,924,924,2.0,3.0,0.48340307195694204,0.49902799094791256,True,mass_volume_step,Pos76,ch08
946,True,tracker,946,946,3.0,3.0,0.48763516116637695,0.5238188019405907,True,mass_volume_step,Pos76,ch08
968,True,tracker,968,968,3.0,3.0,0.5234215973147424,0.5408792159018195,True,mass_volume_step,Pos76,ch08
995,True,tracker,995,995,3.0,3.0,0.49985214248279203,0.5221347465885161,True,mass_volume_step,Pos76,ch08
1019,True,tracker,1019,1019,3.0,3.0,0.5025059351456057,0.4990404184223777,True,mass_volume_step,Pos76,ch08
1056,True,tracker,1056,1056,3.0,3.0,0.5233534739242697,0.5114546577303408,True,mass_volume_step,Pos76,ch08
9,True,tracker,9,9,3.0,3.0,0.4606120765566912,0.5203532764912548,True,mass_volume_step,Pos76,ch10
28,True,tracker,28,28,3.0,3.0,0.4740040521079047,0.5012983508322459,True,mass_volume_step,Pos76,ch10
47,False,tracker,47,47,3.0,3.0,1.1671847568970937,1.210840956719218,False,no_supported_step,Pos76,ch10
53,False,tracker,53,53,3.0,3.0,1.1613961058555293,1.1240239575830577,False,no_supported_step,Pos76,ch10
60,True,tracker,60,60,3.0,3.0,0.5071356724101158,0.5337293521841935,True,mass_volume_step,Pos76,ch10
84,True,tracker,84,84,3.0,3.0,0.4782028148265493,0.48845317757034984,True,mass_volume_step,Pos76,ch10
110,True,tracker,110,110,3.0,3.0,0.48094127007903426,0.5127720070406006,True,mass_volume_step,Pos76,ch10
131,False,tracker,131,131,3.0,3.0,1.1598290930137438,1.0367379090116708,False,no_supported_step,Pos76,ch10
134,True,tracker,134,134,3.0,3.0,0.5051701257954173,0.5389938534774589,True,mass_volume_step,Pos76,ch10
158,True,tracker,158,158,3.0,3.0,0.4828707659808155,0.548336142128819,True,mass_volume_step,Pos76,ch10
184,True,tracker,184,184,3.0,3.0,0.49223978027258203,0.5497394784048888,True,mass_volume_step,Pos76,ch10
205,False,tracker,205,205,3.0,3.0,1.1515396846755057,1.1154501077592898,False,no_supported_step,Pos76,ch10
211,True,tracker,211,211,3.0,3.0,0.48227452708385754,0.5258592336218029,True,mass_volume_step,Pos76,ch10
238,True,tracker,238,238,3.0,3.0,0.4844684999960013,0.5644364532993869,True,mass_volume_step,Pos76,ch10
261,True,tracker,261,261,3.0,3.0,0.47822233980150686,0.5335499853999285,True,mass_volume_step,Pos76,ch10
285,True,tracker,285,285,3.0,3.0,0.48483024573998107,0.5530344353965965,True,mass_volume_step,Pos76,ch10
311,True,tracker,311,311,3.0,3.0,0.521148010909618,0.5640440499544727,True,mass_volume_step,Pos76,ch10
332,True,tracker,332,332,3.0,3.0,0.5420537264232776,0.5570512490172891,True,mass_volume_step,Pos76,ch10
356,True,tracker,356,356,3.0,3.0,0.469369734375149,0.5806438206255694,True,mass_volume_step,Pos76,ch10
383,True,tracker,383,383,3.0,3.0,0.48513660181430573,0.5518533758069949,True,mass_volume_step,Pos76,ch10
406,True,tracker,406,406,3.0,3.0,0.508666028758307,0.5709920108588308,True,mass_volume_step,Pos76,ch10
432,True,tracker,432,432,3.0,3.0,0.5021188860251786,0.5519448358240553,True,mass_volume_step,Pos76,ch10
460,True,tracker,460,460,3.0,3.0,0.5076763576930492,0.5326950933103431,True,mass_volume_step,Pos76,ch10
482,True,tracker,482,482,3.0,3.0,0.49432087794346297,0.5849398706419168,True,mass_volume_step,Pos76,ch10
508,True,tracker,508,508,3.0,3.0,0.4768216435907457,0.49795062681792207,True,mass_volume_step,Pos76,ch10
533,True,tracker,533,533,3.0,3.0,0.48935508810141215,0.5644208883292361,True,mass_volume_step,Pos76,ch10
560,True,tracker,560,560,3.0,3.0,0.4901116902024285,0.5557320474190004,True,mass_volume_step,Pos76,ch10
588,True,tracker,588,588,3.0,3.0,0.46394324343088766,0.5048190388385653,True,mass_volume_step,Pos76,ch10
611,True,tracker,611,611,3.0,3.0,0.5253069247809127,0.5378226150254206,True,mass_volume_step,Pos76,ch10
634,True,tracker,634,634,3.0,3.0,0.5108216624967318,0.5714811028012563,True,mass_volume_step,Pos76,ch10
662,True,tracker,662,662,3.0,3.0,0.47867644221779665,0.5496044602487002,True,mass_volume_step,Pos76,ch10
686,True,tracker,686,686,3.0,3.0,0.4979557974913297,0.5934352599884016,True,mass_volume_step,Pos76,ch10
712,True,tracker,712,712,3.0,3.0,0.4670713139008342,0.5084153302713899,True,mass_volume_step,Pos76,ch10
738,True,tracker,738,738,3.0,3.0,0.49157393295854146,0.5378808871115657,True,mass_volume_step,Pos76,ch10
765,True,tracker,765,765,3.0,3.0,0.5137296003633625,0.5801136339471724,True,mass_volume_step,Pos76,ch10
786,True,tracker,786,786,3.0,3.0,0.5068679212815217,0.5285603119264956,True,mass_volume_step,Pos76,ch10
812,True,tracker,812,812,3.0,3.0,0.5090926015285985,0.5204990993372615,True,mass_volume_step,Pos76,ch10
827,False,tracker,827,827,3.0,3.0,1.1788655465966527,1.218355933117613,False,no_supported_step,Pos76,ch10
847,True,tracker,847,847,3.0,3.0,0.5165011668012467,0.5100943663080504,True,mass_volume_step,Pos76,ch10
865,True,tracker,865,865,3.0,3.0,0.5137094068758801,0.5764646073083218,True,mass_volume_step,Pos76,ch10
889,True,tracker,889,889,3.0,3.0,0.49351992124814653,0.5308100482603001,True,mass_volume_step,Pos76,ch10
922,True,tracker,922,922,3.0,3.0,0.5052554407820661,0.5580050066755384,True,mass_volume_step,Pos76,ch10
940,True,tracker,940,940,3.0,3.0,0.4909990757102538,0.5337364150309426,True,mass_volume_step,Pos76,ch10
969,True,tracker,969,969,3.0,3.0,0.5011317751707655,0.5558739054169552,True,mass_volume_step,Pos76,ch10
992,True,tracker,992,992,3.0,3.0,0.4556498533748385,0.46598250148724313,True,mass_volume_step,Pos76,ch10
1020,True,tracker,1020,1020,3.0,3.0,0.45966023860785665,0.5001622498727901,True,mass_volume_step,Pos76,ch10
1044,True,tracker,1043,1044,3.0,3.0,0.5459799174577259,0.5980042483319691,True,mass_volume_step,Pos76,ch10
1068,False,tracker,1068,1068,3.0,3.0,1.253084775887307,1.0956939783467605,False,no_supported_step,Pos76,ch10
1070,True,tracker,1070,1070,3.0,3.0,0.4585607857538647,0.45744511302417545,True,mass_volume_step,Pos76,ch10
1098,True,tracker,1098,1098,3.0,3.0,0.4875641491161772,0.5205043329957916,True,mass_volume_step,Pos76,ch10
1122,True,tracker,1122,1122,3.0,3.0,0.47487328043267013,0.5226458836184978,True,mass_volume_step,Pos76,ch10
1152,True,tracker,1152,1152,3.0,3.0,0.4905756946896022,0.4928725749094388,True,mass_volume_step,Pos76,ch10
1186,True,tracker,1186,1186,3.0,3.0,0.512155995690439,0.5193418147895301,True,mass_volume_step,Pos76,ch10
1202,True,tracker,1202,1202,3.0,1.0,,,False,insufficient_good_points,Pos76,ch10
14,True,tracker,14,14,3.0,3.0,0.48542605608379114,0.5253393899506941,True,mass_volume_step,Pos77,ch07
38,True,tracker,38,38,3.0,3.0,0.42633815638047645,0.47291662861791856,True,mass_volume_step,Pos77,ch07
65,True,tracker,65,65,3.0,3.0,0.46472460637711754,0.4870243524908241,True,mass_volume_step,Pos77,ch07
93,False,recovered,92,93,,,0.515935086999377,0.5878248016152103,True,persistent_step_between_good_measurements,Pos77,ch07
117,False,tracker,117,117,3.0,3.0,1.814714459649952,1.698113790693566,False,no_supported_step,Pos77,ch07
121,False,recovered,120,121,,,0.3392950528594469,0.3420659985681921,True,persistent_step_between_good_measurements,Pos77,ch07
146,True,tracker,146,146,3.0,3.0,0.49838805615617715,0.5447154362122107,True,mass_volume_step,Pos77,ch07
169,True,tracker,169,169,3.0,3.0,0.4589237271488932,0.48139851744377143,True,mass_volume_step,Pos77,ch07
197,True,tracker,197,197,3.0,3.0,0.48983364548355396,0.48173971389915904,True,mass_volume_step,Pos77,ch07
218,True,tracker,218,218,3.0,3.0,0.4514013934922329,0.479341022487143,True,mass_volume_step,Pos77,ch07
247,True,tracker,247,247,3.0,3.0,0.44543734526984075,0.5119507448853631,True,mass_volume_step,Pos77,ch07
277,True,tracker,277,277,3.0,3.0,0.48036282015851767,0.50636586880103,True,mass_volume_step,Pos77,ch07
303,True,tracker,303,303,3.0,3.0,0.5124127497670464,0.5339271360869496,True,mass_volume_step,Pos77,ch07
329,True,tracker,329,329,3.0,3.0,0.47323784035185146,0.529468881239274,True,mass_volume_step,Pos77,ch07
354,True,tracker,354,354,3.0,3.0,0.4451519056209373,0.4725180252808878,True,mass_volume_step,Pos77,ch07
378,True,tracker,378,378,3.0,3.0,0.46568020471333105,0.4878703048310934,True,mass_volume_step,Pos77,ch07
409,True,tracker,409,409,3.0,3.0,0.47459145631603905,0.5174933521577846,True,mass_volume_step,Pos77,ch07
429,True,tracker,429,429,3.0,3.0,0.4508948963528038,0.4658207563888068,True,mass_volume_step,Pos77,ch07
456,True,tracker,456,456,3.0,3.0,0.44845867714064586,0.45862927293910294,True,mass_volume_step,Pos77,ch07
480,True,tracker,480,480,3.0,3.0,0.47131588467085783,0.5084922285770291,True,mass_volume_step,Pos77,ch07
510,True,tracker,510,510,3.0,3.0,0.500122158096246,0.5158112406466507,True,mass_volume_step,Pos77,ch07
534,True,tracker,534,534,3.0,3.0,0.46215326974956494,0.49395645343430555,True,mass_volume_step,Pos77,ch07
561,True,tracker,560,561,3.0,3.0,0.5124237199219263,0.5561903149867417,False,no_local_step_at_candidate,Pos77,ch07
562,True,tracker,562,562,3.0,3.0,0.5022420549805432,0.5316535142367227,True,mass_volume_step,Pos77,ch07
588,True,tracker,588,588,3.0,3.0,0.47856602325457964,0.5068962504053632,True,mass_volume_step,Pos77,ch07
608,True,tracker,608,608,3.0,3.0,0.47266830576167207,0.518437741788848,True,mass_volume_step,Pos77,ch07
639,True,tracker,639,639,3.0,3.0,0.4968099016371097,0.5332406569770973,True,mass_volume_step,Pos77,ch07
662,True,tracker,662,662,3.0,3.0,0.4752099898160111,0.5131222167159606,True,mass_volume_step,Pos77,ch07
687,True,tracker,687,687,3.0,3.0,0.4889339024595425,0.4972729860280214,True,mass_volume_step,Pos77,ch07
711,True,tracker,711,711,3.0,3.0,0.4811972596052101,0.5674501281831751,True,mass_volume_step,Pos77,ch07
735,True,tracker,735,735,3.0,3.0,0.4491992208827637,0.5092655188030658,True,mass_volume_step,Pos77,ch07
767,True,tracker,767,767,3.0,3.0,0.47735664403548017,0.5119861077543613,True,mass_volume_step,Pos77,ch07
799,True,tracker,799,799,3.0,3.0,0.44764214053031803,0.46620508489620527,True,mass_volume_step,Pos77,ch07
828,True,tracker,828,828,3.0,3.0,0.4809873173008926,0.504849030355098,True,mass_volume_step,Pos77,ch07
858,True,tracker,858,858,3.0,3.0,0.5193474591077096,0.5228443837512837,True,mass_volume_step,Pos77,ch07
879,True,tracker,879,879,3.0,3.0,0.4520687138334319,0.4869052912103423,True,mass_volume_step,Pos77,ch07
903,True,tracker,903,903,3.0,3.0,0.47241502112686656,0.5165981528629717,True,mass_volume_step,Pos77,ch07
928,True,tracker,928,928,3.0,3.0,0.4411345140480669,0.4518323506616291,True,mass_volume_step,Pos77,ch07
953,True,tracker,953,953,3.0,3.0,0.4479244327868991,0.4363339394547308,True,mass_volume_step,Pos77,ch07
980,True,tracker,980,980,3.0,3.0,0.4657138379420912,0.5250070772393767,True,mass_volume_step,Pos77,ch07
1003,True,tracker,1003,1003,3.0,3.0,0.4600611170211727,0.48185069661519736,True,mass_volume_step,Pos77,ch07
1025,False,tracker,1025,1025,3.0,3.0,1.1666037979002224,1.1822549773168411,False,no_supported_step,Pos77,ch07
1033,True,tracker,1033,1033,3.0,3.0,0.4711182933798599,0.5086509004359201,True,mass_volume_step,Pos77,ch07
1059,True,tracker,1059,1059,3.0,3.0,0.47896818216880527,0.5251877173149271,True,mass_volume_step,Pos77,ch07
1086,True,tracker,1086,1086,3.0,3.0,0.4603258148657912,0.4766594147644598,True,mass_volume_step,Pos77,ch07
1115,True,tracker,1115,1115,3.0,3.0,0.4670764989500202,0.5187037506723973,True,mass_volume_step,Pos77,ch07
1137,True,tracker,1137,1137,3.0,3.0,0.48005381159925486,0.4996690045830137,True,mass_volume_step,Pos77,ch07
1162,True,tracker,1162,1162,3.0,3.0,0.4290147282698564,0.44518003972662945,True,mass_volume_step,Pos77,ch07
1194,True,tracker,1193,1194,3.0,3.0,0.5061328079012415,0.5384201484371188,True,mass_volume_step,Pos77,ch07
5,True,tracker,5,5,3.0,3.0,0.5382852276608622,0.542886022719898,True,mass_volume_step,Pos77,ch08
31,True,tracker,31,31,3.0,3.0,0.5182665244832074,0.5132563632669452,True,mass_volume_step,Pos77,ch08
436,False,tracker,436,436,3.0,3.0,1.0103242551457938,1.041637787081166,False,no_supported_step,Pos77,ch08
443,False,tracker,443,443,3.0,3.0,1.042894711114439,1.0543425251824525,False,no_supported_step,Pos77,ch08
777,False,tracker,777,777,3.0,0.0,,,False,insufficient_good_points,Pos77,ch08
779,False,tracker,779,779,3.0,0.0,,,False,insufficient_good_points,Pos77,ch08
782,False,tracker,782,782,3.0,0.0,,,False,insufficient_good_points,Pos77,ch08
788,False,tracker,788,788,0.0,2.0,,,False,insufficient_good_points,Pos77,ch08
792,False,tracker,792,792,0.0,3.0,,,False,insufficient_good_points,Pos77,ch08
797,False,tracker,797,797,2.0,3.0,1.006445051299714,1.0547449332231824,False,no_supported_step,Pos77,ch08
799,False,tracker,799,799,2.0,3.0,1.006445051299714,1.0547449332231824,False,no_supported_step,Pos77,ch08
803,False,tracker,803,803,1.0,3.0,,,False,insufficient_good_points,Pos77,ch08
20,True,tracker,20,20,3.0,3.0,0.48958757190444274,0.47532322095536145,True,mass_volume_step,Pos78,ch00
45,True,tracker,45,45,3.0,3.0,0.5761314734839025,0.5961020840135385,True,mass_volume_step,Pos78,ch00
70,True,tracker,70,70,3.0,3.0,0.5526117224618318,0.5519941476260606,True,mass_volume_step,Pos78,ch00
94,True,tracker,94,94,3.0,3.0,0.5211281931432384,0.5302289055155289,True,mass_volume_step,Pos78,ch00
118,True,tracker,118,118,3.0,3.0,0.5194036679421089,0.4979426747928877,True,mass_volume_step,Pos78,ch00
148,True,tracker,148,148,3.0,3.0,0.5260624784644713,0.5159095060035735,True,mass_volume_step,Pos78,ch00
167,True,tracker,167,167,3.0,3.0,0.5125048525407032,0.5199631914749374,True,mass_volume_step,Pos78,ch00
192,True,tracker,192,192,3.0,3.0,0.4619460466366985,0.4603621320770011,True,mass_volume_step,Pos78,ch00
222,True,tracker,222,222,3.0,3.0,0.5272662435231561,0.519048884099722,True,mass_volume_step,Pos78,ch00
250,True,tracker,250,250,3.0,3.0,0.5224279350570388,0.5126365538946913,True,mass_volume_step,Pos78,ch00
278,True,tracker,278,278,3.0,3.0,0.5353169235850314,0.514988040029998,True,mass_volume_step,Pos78,ch00
299,True,tracker,299,299,3.0,3.0,0.5488735029094325,0.5218979556899473,True,mass_volume_step,Pos78,ch00
326,True,tracker,326,326,3.0,3.0,0.5315411804236292,0.504624654087068,True,mass_volume_step,Pos78,ch00
348,True,tracker,348,348,3.0,3.0,0.5133356481682652,0.4815933896267722,True,mass_volume_step,Pos78,ch00
367,True,tracker,367,367,3.0,3.0,0.5009529393418337,0.5224714955081876,True,mass_volume_step,Pos78,ch00
396,True,tracker,396,396,3.0,3.0,0.53184541640295,0.5622047000027298,True,mass_volume_step,Pos78,ch00
422,True,tracker,422,422,3.0,3.0,0.5005642344794101,0.5021711664999453,True,mass_volume_step,Pos78,ch00
444,True,tracker,444,444,3.0,3.0,0.5408757484710112,0.5148729517512552,True,mass_volume_step,Pos78,ch00
475,True,tracker,475,475,3.0,3.0,0.4720906662340307,0.46537258252126085,True,mass_volume_step,Pos78,ch00
501,True,tracker,501,501,3.0,3.0,0.5395328062355279,0.5443704087862569,True,mass_volume_step,Pos78,ch00
531,True,tracker,531,531,3.0,3.0,0.5019702440219935,0.5256601479827631,True,mass_volume_step,Pos78,ch00
560,True,tracker,560,560,3.0,3.0,0.5243304599592025,0.5234245187196657,True,mass_volume_step,Pos78,ch00
580,True,tracker,580,580,3.0,3.0,0.4996400527204614,0.5049197298546629,True,mass_volume_step,Pos78,ch00
608,True,tracker,608,608,3.0,3.0,0.5132195933883491,0.5201347447460786,True,mass_volume_step,Pos78,ch00
633,True,tracker,633,633,3.0,3.0,0.5358572756970215,0.5304770530070971,True,mass_volume_step,Pos78,ch00
656,True,tracker,656,656,3.0,3.0,0.5093969665835493,0.5034606211626173,True,mass_volume_step,Pos78,ch00
680,True,tracker,680,680,3.0,3.0,0.5012846061600856,0.5250172060773134,True,mass_volume_step,Pos78,ch00
712,True,tracker,712,712,3.0,3.0,0.4991280589226745,0.4887097382004644,True,mass_volume_step,Pos78,ch00
737,True,tracker,737,737,3.0,3.0,0.5326087339046606,0.5063230422038676,True,mass_volume_step,Pos78,ch00
764,True,tracker,764,764,3.0,3.0,0.5176492816762758,0.5394980486517684,True,mass_volume_step,Pos78,ch00
788,True,tracker,788,788,3.0,3.0,0.507622070927208,0.48509745514853253,True,mass_volume_step,Pos78,ch00
817,True,tracker,817,817,3.0,3.0,0.5206909840682786,0.4932462129048209,True,mass_volume_step,Pos78,ch00
841,True,tracker,841,841,3.0,3.0,0.5404958906399627,0.5331317229988327,True,mass_volume_step,Pos78,ch00
865,True,tracker,865,865,3.0,3.0,0.5022148284980996,0.5051170291451954,True,mass_volume_step,Pos78,ch00
886,True,tracker,886,886,3.0,3.0,0.5140903330769359,0.5169876630724136,True,mass_volume_step,Pos78,ch00
912,True,tracker,912,912,3.0,3.0,0.4765435253715796,0.4976449636756697,True,mass_volume_step,Pos78,ch00
933,False,tracker,933,933,3.0,3.0,1.1434425082118669,1.0554628360806708,False,no_supported_step,Pos78,ch00
938,True,tracker,938,938,3.0,3.0,0.5280529982986535,0.5043029560574378,True,mass_volume_step,Pos78,ch00
965,True,tracker,965,965,3.0,3.0,0.5447861575013385,0.5544673516163663,True,mass_volume_step,Pos78,ch00
993,True,tracker,993,993,3.0,3.0,0.5230785716831216,0.5252366354670684,True,mass_volume_step,Pos78,ch00
1014,True,tracker,1014,1014,3.0,3.0,0.5407308931656857,0.49851356745883973,True,mass_volume_step,Pos78,ch00
1036,True,tracker,1036,1036,3.0,3.0,0.4674457492683841,0.4621552528796759,True,mass_volume_step,Pos78,ch00
1065,True,tracker,1065,1065,3.0,3.0,0.5425656801649785,0.5572708557356084,True,mass_volume_step,Pos78,ch00
1089,True,tracker,1089,1089,3.0,3.0,0.5017968233665258,0.501612382890838,True,mass_volume_step,Pos78,ch00
1113,True,tracker,1113,1113,3.0,3.0,0.5207637283879776,0.5140559697934124,True,mass_volume_step,Pos78,ch00
1144,True,tracker,1144,1144,3.0,3.0,0.5381120008330915,0.5714093692670638,True,mass_volume_step,Pos78,ch00
1172,True,tracker,1172,1172,3.0,3.0,0.5161119688534336,0.5235831124772061,True,mass_volume_step,Pos78,ch00
1200,True,tracker,1200,1200,3.0,3.0,0.525292017857028,0.47021812530835605,True,mass_volume_step,Pos78,ch00
6,True,tracker,6,6,3.0,3.0,0.5232361346101625,0.569069908747476,True,mass_volume_step,Pos78,ch01
32,True,tracker,32,32,3.0,3.0,0.5251721168602417,0.5375001690018855,True,mass_volume_step,Pos78,ch01
51,True,tracker,51,51,3.0,3.0,0.5264847046041046,0.5370877391173641,True,mass_volume_step,Pos78,ch01
79,True,tracker,79,79,3.0,3.0,0.507387419486735,0.5466428838951372,True,mass_volume_step,Pos78,ch01
105,True,tracker,105,105,3.0,3.0,0.5399470741424158,0.5468984628416764,True,mass_volume_step,Pos78,ch01
133,True,tracker,133,133,3.0,3.0,0.5535493484689232,0.5424649148042895,True,mass_volume_step,Pos78,ch01
155,True,tracker,155,155,3.0,3.0,0.5430480678049636,0.5123214821541017,True,mass_volume_step,Pos78,ch01
183,True,tracker,183,183,3.0,3.0,0.5295692965667479,0.5129370057577345,True,mass_volume_step,Pos78,ch01
206,True,tracker,206,206,3.0,3.0,0.5299886775908437,0.5471414341219699,True,mass_volume_step,Pos78,ch01
229,True,tracker,229,229,3.0,3.0,0.5073795862623253,0.46873680732950573,True,mass_volume_step,Pos78,ch01
258,True,tracker,258,258,3.0,3.0,0.5283275019643894,0.5006417836417484,True,mass_volume_step,Pos78,ch01
281,True,tracker,281,281,3.0,3.0,0.5251343820895885,0.5423703155187052,True,mass_volume_step,Pos78,ch01
303,True,tracker,303,303,3.0,3.0,0.5282257987227227,0.5165983941008785,True,mass_volume_step,Pos78,ch01
327,True,tracker,327,327,3.0,3.0,0.5063982756724867,0.49507594860136683,True,mass_volume_step,Pos78,ch01
352,True,tracker,352,352,3.0,3.0,0.5598988342913193,0.574577651641117,True,mass_volume_step,Pos78,ch01
375,True,tracker,375,375,3.0,3.0,0.5160383723163717,0.49970441933684795,True,mass_volume_step,Pos78,ch01
404,True,tracker,404,404,3.0,3.0,0.5218694744853829,0.5040473977840554,True,mass_volume_step,Pos78,ch01
428,True,tracker,428,428,3.0,3.0,0.5303918548419334,0.5114080302325918,True,mass_volume_step,Pos78,ch01
452,True,tracker,452,452,3.0,3.0,0.5703938877682084,0.5629053825172669,True,mass_volume_step,Pos78,ch01
476,True,tracker,476,476,3.0,3.0,0.5267290891943569,0.5076960599483489,True,mass_volume_step,Pos78,ch01
501,True,tracker,501,501,3.0,3.0,0.5346289516041494,0.507769604989278,True,mass_volume_step,Pos78,ch01
528,True,tracker,528,528,3.0,3.0,0.517600055781657,0.5086143746452224,True,mass_volume_step,Pos78,ch01
555,True,tracker,555,555,3.0,3.0,0.516827345862778,0.5081129437014175,True,mass_volume_step,Pos78,ch01
580,True,tracker,580,580,3.0,3.0,0.5225232763720176,0.5498900143363624,True,mass_volume_step,Pos78,ch01
599,True,tracker,599,599,3.0,3.0,0.526820572878926,0.5106034287845421,True,mass_volume_step,Pos78,ch01
633,True,tracker,633,633,3.0,3.0,0.5167900115418178,0.5308489353243809,True,mass_volume_step,Pos78,ch01
654,True,tracker,654,654,3.0,3.0,0.5389242482196898,0.5156008378383702,True,mass_volume_step,Pos78,ch01
679,True,tracker,679,679,3.0,3.0,0.527842606473121,0.524049707533475,True,mass_volume_step,Pos78,ch01
702,True,tracker,702,702,3.0,3.0,0.5635391169789867,0.5368601036293874,True,mass_volume_step,Pos78,ch01
727,True,tracker,727,727,3.0,3.0,0.5361978319697625,0.5926973228740452,True,mass_volume_step,Pos78,ch01
753,True,tracker,753,753,3.0,3.0,0.5183302163191155,0.5264056002125744,True,mass_volume_step,Pos78,ch01
781,True,tracker,781,781,3.0,3.0,0.509299616993898,0.5177759397236136,True,mass_volume_step,Pos78,ch01
813,True,tracker,813,813,3.0,3.0,0.5283225725745198,0.4866228710515936,True,mass_volume_step,Pos78,ch01
835,True,tracker,835,835,3.0,3.0,0.5490782064637039,0.5329998642749871,True,mass_volume_step,Pos78,ch01
856,True,tracker,856,856,3.0,3.0,0.5053742853609343,0.4885245135563659,True,mass_volume_step,Pos78,ch01
890,True,tracker,890,890,3.0,3.0,0.5212930971385246,0.53201788438729,True,mass_volume_step,Pos78,ch01
913,True,tracker,913,913,3.0,3.0,0.5707999690460118,0.5894666992345406,True,mass_volume_step,Pos78,ch01
938,True,tracker,938,938,3.0,3.0,0.5200351052774121,0.5130291182540118,True,mass_volume_step,Pos78,ch01
962,True,tracker,962,962,3.0,3.0,0.5254438893369139,0.5010157874716363,True,mass_volume_step,Pos78,ch01
984,True,tracker,984,984,3.0,3.0,0.5210828658935204,0.5338317145935046,True,mass_volume_step,Pos78,ch01
1008,True,tracker,1008,1008,3.0,3.0,0.5033088399985263,0.4976658518960434,True,mass_volume_step,Pos78,ch01
1031,True,tracker,1031,1031,3.0,3.0,0.49305984251808344,0.453087582981971,True,mass_volume_step,Pos78,ch01
1063,True,tracker,1063,1063,3.0,3.0,0.4969274640496372,0.5190384923902248,True,mass_volume_step,Pos78,ch01
1092,False,recovered,1091,1092,,,0.5234697719181018,0.5465509758102849,True,persistent_step_between_good_measurements,Pos78,ch01
1121,True,tracker,1121,1121,3.0,3.0,0.5102960365474529,0.4958112537376563,True,mass_volume_step,Pos78,ch01
1147,True,tracker,1147,1147,3.0,3.0,0.47802171416931544,0.4585104008000131,True,mass_volume_step,Pos78,ch01
1170,True,tracker,1170,1170,3.0,3.0,0.5163153976286488,0.51259688016547,True,mass_volume_step,Pos78,ch01
1201,True,tracker,1201,1201,3.0,2.0,0.4957952811631585,0.5119284988784484,True,mass_volume_step,Pos78,ch01
10,True,tracker,10,10,3.0,3.0,0.49634480868122904,0.4884268328042093,True,mass_volume_step,Pos78,ch03
37,True,tracker,37,37,3.0,3.0,0.5313325594979316,0.5660267456067122,True,mass_volume_step,Pos78,ch03
58,True,tracker,58,58,3.0,3.0,0.5354505557615854,0.5651757520898171,True,mass_volume_step,Pos78,ch03
81,True,tracker,81,81,3.0,3.0,0.45669364666241646,0.45983433822680386,True,mass_volume_step,Pos78,ch03
106,True,tracker,106,106,3.0,3.0,0.523862691695,0.5354911178713295,True,mass_volume_step,Pos78,ch03
134,True,tracker,134,134,3.0,3.0,0.5265419402774788,0.4993745612999617,True,mass_volume_step,Pos78,ch03
164,True,tracker,164,164,3.0,3.0,0.5273121337211726,0.5204540726400808,True,mass_volume_step,Pos78,ch03
186,True,tracker,186,186,3.0,3.0,0.5201300616611362,0.5304231245880002,True,mass_volume_step,Pos78,ch03
210,True,tracker,210,210,3.0,3.0,0.48433243760522154,0.5086258149296983,True,mass_volume_step,Pos78,ch03
236,True,tracker,236,236,3.0,3.0,0.49225376896599143,0.5085389532107166,True,mass_volume_step,Pos78,ch03
259,True,tracker,259,259,3.0,3.0,0.4921351627300468,0.5343972302141188,True,mass_volume_step,Pos78,ch03
289,True,tracker,289,289,3.0,3.0,0.4817662409883406,0.5051238606871035,True,mass_volume_step,Pos78,ch03
315,True,tracker,315,315,3.0,3.0,0.5427234129716242,0.5402991684238595,True,mass_volume_step,Pos78,ch03
335,True,tracker,335,335,3.0,3.0,0.49771655178925506,0.4865938034273089,True,mass_volume_step,Pos78,ch03
367,True,tracker,367,367,3.0,3.0,0.511529269866066,0.5480649747153064,True,mass_volume_step,Pos78,ch03
387,True,tracker,387,387,3.0,3.0,0.540452085124687,0.5572577174714995,True,mass_volume_step,Pos78,ch03
412,True,tracker,412,412,3.0,3.0,0.49282637404338464,0.5116536354771399,True,mass_volume_step,Pos78,ch03
438,True,tracker,438,438,3.0,3.0,0.48164589602955665,0.5226383565188268,True,mass_volume_step,Pos78,ch03
467,True,tracker,467,467,3.0,3.0,0.4776325835498648,0.49304361855158946,True,mass_volume_step,Pos78,ch03
492,False,recovered,491,492,,,0.5245227766811473,0.5463338555967253,True,persistent_step_between_good_measurements,Pos78,ch03
516,True,tracker,516,516,3.0,3.0,0.4925734653975536,0.5123813879583922,True,mass_volume_step,Pos78,ch03
541,True,tracker,541,541,3.0,3.0,0.49903953368001847,0.5586239349757126,True,mass_volume_step,Pos78,ch03
567,True,tracker,567,567,3.0,3.0,0.4550267485868674,0.47921260818987244,True,mass_volume_step,Pos78,ch03
593,True,tracker,593,593,3.0,3.0,0.48502982194577626,0.5050029806491532,True,mass_volume_step,Pos78,ch03
624,True,tracker,624,624,3.0,3.0,0.5266219508844892,0.5342051472915773,True,mass_volume_step,Pos78,ch03
650,True,tracker,650,650,3.0,3.0,0.49610612712474944,0.5031349348335996,True,mass_volume_step,Pos78,ch03
673,True,tracker,673,673,3.0,3.0,0.5069812406236215,0.5407449968053705,True,mass_volume_step,Pos78,ch03
697,True,tracker,697,697,3.0,3.0,0.4994345360856052,0.5231598062697812,True,mass_volume_step,Pos78,ch03
718,True,tracker,718,718,3.0,3.0,0.5149978810432045,0.5367494196160982,True,mass_volume_step,Pos78,ch03
746,True,tracker,746,746,3.0,3.0,0.5090037866183714,0.5184082414769635,True,mass_volume_step,Pos78,ch03
767,True,tracker,767,767,3.0,3.0,0.5158758484793851,0.5101542328323316,True,mass_volume_step,Pos78,ch03
799,True,tracker,799,799,3.0,3.0,0.49549215932465346,0.4956390183659817,True,mass_volume_step,Pos78,ch03
825,True,tracker,825,825,3.0,3.0,0.5083399704364965,0.5154032837969316,True,mass_volume_step,Pos78,ch03
851,True,tracker,851,851,3.0,3.0,0.5184070383325666,0.5227124461065611,True,mass_volume_step,Pos78,ch03
876,True,tracker,876,876,3.0,3.0,0.4847085992139422,0.49104069860846944,True,mass_volume_step,Pos78,ch03
903,True,tracker,903,903,3.0,3.0,0.5116218847523759,0.4875343599407903,True,mass_volume_step,Pos78,ch03
926,True,tracker,926,926,3.0,3.0,0.48859949720117735,0.5118233726010285,True,mass_volume_step,Pos78,ch03
951,True,tracker,951,951,3.0,3.0,0.4992974637249732,0.5187007456991372,True,mass_volume_step,Pos78,ch03
973,True,tracker,973,973,3.0,3.0,0.48352348069515244,0.5169093960025462,True,mass_volume_step,Pos78,ch03
999,True,tracker,999,999,3.0,3.0,0.5073950888828234,0.5618465009779626,True,mass_volume_step,Pos78,ch03
1028,True,tracker,1028,1028,3.0,3.0,0.5191683974270483,0.5610674699330167,True,mass_volume_step,Pos78,ch03
1052,True,tracker,1052,1052,3.0,3.0,0.5303918769411574,0.5353862460212533,True,mass_volume_step,Pos78,ch03
1077,True,tracker,1077,1077,3.0,3.0,0.48712056810552073,0.4714573042327369,True,mass_volume_step,Pos78,ch03
1102,True,tracker,1102,1102,3.0,3.0,0.4956807939581827,0.5089328336763176,True,mass_volume_step,Pos78,ch03
1133,True,tracker,1133,1133,3.0,3.0,0.48791951888036467,0.550658649348589,True,mass_volume_step,Pos78,ch03
1157,True,tracker,1157,1157,3.0,3.0,0.5581174318308647,0.6293983748287564,True,mass_volume_step,Pos78,ch03
1178,False,tracker,1178,1178,3.0,3.0,1.1764059214339468,1.143411461995074,False,no_supported_step,Pos78,ch03
1181,False,tracker,1181,1181,3.0,3.0,1.1789067270096285,1.0918410055882317,False,no_supported_step,Pos78,ch03
1186,True,tracker,1184,1187,3.0,3.0,0.595964102974009,0.6002175736012006,True,mass_volume_step,Pos78,ch03
24,True,tracker,24,24,3.0,3.0,0.48058487944762823,0.4876352355144828,True,mass_volume_step,Pos78,ch04
53,True,tracker,53,53,3.0,3.0,0.49651935355384463,0.48497212085715374,True,mass_volume_step,Pos78,ch04
80,True,tracker,80,80,3.0,3.0,0.5544881223029187,0.5820752921171971,True,mass_volume_step,Pos78,ch04
102,True,tracker,102,102,3.0,3.0,0.5611151263921232,0.5620988332219964,True,mass_volume_step,Pos78,ch04
131,True,tracker,131,131,3.0,3.0,0.4858332770310369,0.5234456438369369,True,mass_volume_step,Pos78,ch04
150,True,tracker,150,150,3.0,3.0,0.5839447851327352,0.5404900649259172,True,mass_volume_step,Pos78,ch04
179,True,tracker,179,179,3.0,3.0,0.5218618931599917,0.510877884629916,True,mass_volume_step,Pos78,ch04
203,True,tracker,203,203,3.0,3.0,0.5065403918464111,0.5127506668277578,True,mass_volume_step,Pos78,ch04
232,True,tracker,232,232,3.0,3.0,0.5075220441772643,0.5344577013928493,True,mass_volume_step,Pos78,ch04
261,True,tracker,261,261,3.0,3.0,0.5140217117205561,0.5068918737167682,True,mass_volume_step,Pos78,ch04
283,True,tracker,283,283,3.0,3.0,0.5368431623956951,0.5213983854541144,True,mass_volume_step,Pos78,ch04
304,True,tracker,304,304,3.0,3.0,0.5503714005897844,0.5310611350860773,True,mass_volume_step,Pos78,ch04
328,True,tracker,328,328,3.0,3.0,0.5288316910581904,0.5360592558880647,True,mass_volume_step,Pos78,ch04
353,True,tracker,353,353,3.0,3.0,0.5541556973119218,0.5644957890879168,True,mass_volume_step,Pos78,ch04
374,True,tracker,374,374,3.0,3.0,0.5169813598165202,0.48527572350056636,True,mass_volume_step,Pos78,ch04
402,True,tracker,402,402,3.0,3.0,0.5063085127862461,0.5065427382255273,True,mass_volume_step,Pos78,ch04
426,True,tracker,426,426,3.0,3.0,0.5331969235714096,0.5564941897973545,True,mass_volume_step,Pos78,ch04
447,True,tracker,447,447,3.0,3.0,0.5527009187785067,0.5733706410733352,True,mass_volume_step,Pos78,ch04
469,True,tracker,469,469,3.0,3.0,0.5421980460567256,0.5262643837742885,True,mass_volume_step,Pos78,ch04
492,True,tracker,492,492,3.0,3.0,0.5237065010132408,0.5237566983709518,True,mass_volume_step,Pos78,ch04
516,True,tracker,516,516,3.0,3.0,0.4986413577570581,0.4983793942476268,True,mass_volume_step,Pos78,ch04
543,True,tracker,543,543,3.0,3.0,0.47915591278574804,0.49769182938921075,True,mass_volume_step,Pos78,ch04
568,True,tracker,568,568,3.0,3.0,0.5626597154921433,0.5971388865582705,True,mass_volume_step,Pos78,ch04
592,True,tracker,592,592,3.0,3.0,0.5119114869698312,0.48891753504259217,True,mass_volume_step,Pos78,ch04
616,True,tracker,616,616,3.0,3.0,0.5121234011997031,0.48839020542341416,True,mass_volume_step,Pos78,ch04
636,True,tracker,636,636,3.0,3.0,0.5738361144588296,0.5522335914148728,True,mass_volume_step,Pos78,ch04
663,True,tracker,663,663,3.0,3.0,0.493080008689458,0.4694223691157533,True,mass_volume_step,Pos78,ch04
690,True,tracker,690,690,3.0,3.0,0.5274935368510112,0.544375849675672,True,mass_volume_step,Pos78,ch04
714,True,tracker,714,714,3.0,3.0,0.5556764608309742,0.5478500914398922,True,mass_volume_step,Pos78,ch04
738,True,tracker,738,738,3.0,3.0,0.5549187034191421,0.5984414975084286,True,mass_volume_step,Pos78,ch04
759,True,tracker,759,759,3.0,3.0,0.5528916842212034,0.5405781283231176,True,mass_volume_step,Pos78,ch04
783,True,tracker,783,783,3.0,3.0,0.484920264703846,0.4893966388755155,True,mass_volume_step,Pos78,ch04
810,True,tracker,810,810,3.0,3.0,0.5323474841008001,0.5236209737588621,True,mass_volume_step,Pos78,ch04
834,True,tracker,834,834,3.0,3.0,0.5124811586474879,0.5295385579296221,True,mass_volume_step,Pos78,ch04
861,True,tracker,861,861,3.0,3.0,0.5115469297295444,0.5136723414454665,True,mass_volume_step,Pos78,ch04
885,True,tracker,885,885,3.0,3.0,0.533407937750632,0.5348088969113127,True,mass_volume_step,Pos78,ch04
910,True,tracker,910,910,3.0,3.0,0.5160180916276021,0.5677672853668625,True,mass_volume_step,Pos78,ch04
938,True,tracker,938,938,3.0,3.0,0.5086442975414008,0.4720013649580171,True,mass_volume_step,Pos78,ch04
963,True,tracker,963,963,3.0,3.0,0.5494175124285696,0.5618984928577019,True,mass_volume_step,Pos78,ch04
987,True,tracker,987,987,3.0,3.0,0.46970701851367114,0.4065328086584058,True,mass_volume_step,Pos78,ch04
1017,True,tracker,1017,1017,3.0,3.0,0.5113613142895752,0.5153060469878068,True,mass_volume_step,Pos78,ch04
1042,True,tracker,1042,1042,3.0,3.0,0.5224046228118159,0.5135199665041016,True,mass_volume_step,Pos78,ch04
1069,True,tracker,1069,1069,3.0,3.0,0.5241845108121548,0.509365602027748,True,mass_volume_step,Pos78,ch04
1096,True,tracker,1096,1096,3.0,3.0,0.5201343204750577,0.5173840138137463,True,mass_volume_step,Pos78,ch04
1122,True,tracker,1122,1122,3.0,3.0,0.4909575123483103,0.49795751337208244,True,mass_volume_step,Pos78,ch04
1145,True,tracker,1145,1145,3.0,3.0,0.5150459776080736,0.5321202977401438,True,mass_volume_step,Pos78,ch04
1171,True,tracker,1171,1171,3.0,3.0,0.5153117768271731,0.47859711273420324,True,mass_volume_step,Pos78,ch04
1197,True,tracker,1197,1197,3.0,3.0,0.5322406827419838,0.5185496122982062,True,mass_volume_step,Pos78,ch04
25,True,tracker,25,25,3.0,3.0,0.5659935226120903,0.584556644057839,True,mass_volume_step,Pos78,ch08
49,True,tracker,49,49,3.0,3.0,0.49631748966566,0.4810580833464008,True,mass_volume_step,Pos78,ch08
74,True,tracker,74,74,3.0,3.0,0.5312534237393974,0.5408260045221729,True,mass_volume_step,Pos78,ch08
94,True,tracker,94,94,3.0,3.0,0.5061187134327693,0.534813128756707,True,mass_volume_step,Pos78,ch08
127,True,tracker,127,127,3.0,3.0,0.5319882368240405,0.49033618326240686,True,mass_volume_step,Pos78,ch08
149,True,tracker,149,149,3.0,3.0,0.5732856133360166,0.6482769062396059,True,mass_volume_step,Pos78,ch08
172,True,tracker,172,172,3.0,3.0,0.5326074616787986,0.5248050222926421,True,mass_volume_step,Pos78,ch08
195,True,tracker,195,195,3.0,3.0,0.513785360803988,0.5142156249383965,True,mass_volume_step,Pos78,ch08
212,False,tracker,212,212,3.0,3.0,1.1719452087513658,1.18935068096175,False,no_supported_step,Pos78,ch08
232,True,tracker,232,232,3.0,3.0,0.5179645487513258,0.5003869013268735,True,mass_volume_step,Pos78,ch08
250,True,tracker,250,250,3.0,3.0,0.5498027672358187,0.5635935913867258,True,mass_volume_step,Pos78,ch08
274,True,tracker,274,274,3.0,3.0,0.5284412862120333,0.5195017958649352,True,mass_volume_step,Pos78,ch08
298,True,tracker,298,298,3.0,3.0,0.5203295068365943,0.5337160283186343,True,mass_volume_step,Pos78,ch08
320,True,tracker,320,320,3.0,3.0,0.5028624671754931,0.49644333945197927,True,mass_volume_step,Pos78,ch08
345,True,tracker,345,345,3.0,3.0,0.5277692978935549,0.5415839542839004,True,mass_volume_step,Pos78,ch08
368,True,tracker,368,368,3.0,3.0,0.5892036636785223,0.5959478593606816,True,mass_volume_step,Pos78,ch08
391,True,tracker,391,391,3.0,3.0,0.5189482729754616,0.5325795598748713,True,mass_volume_step,Pos78,ch08
421,True,tracker,421,421,3.0,3.0,0.5094675552047035,0.5216253052054733,True,mass_volume_step,Pos78,ch08
443,True,tracker,443,443,3.0,3.0,0.5115601880283527,0.5274098859487835,True,mass_volume_step,Pos78,ch08
468,True,tracker,468,468,3.0,3.0,0.5226595372543107,0.5463339744199845,True,mass_volume_step,Pos78,ch08
490,True,tracker,490,490,3.0,3.0,0.5062214740641757,0.5323568745377942,True,mass_volume_step,Pos78,ch08
513,False,tracker,513,513,3.0,3.0,1.2877696845620792,1.1327818777128196,False,no_supported_step,Pos78,ch08
517,True,tracker,517,517,3.0,3.0,1.2432474777226683,1.0124238103840437,False,no_supported_step,Pos78,ch08
519,True,tracker,519,519,3.0,3.0,0.5267530346393714,0.5372547351844178,True,mass_volume_step,Pos78,ch08
543,False,recovered,542,543,,,0.5532311121644914,0.6066608789775388,True,persistent_step_between_good_measurements,Pos78,ch08
568,True,tracker,568,568,3.0,3.0,0.518316805866708,0.5168768379924054,True,mass_volume_step,Pos78,ch08
590,True,tracker,590,590,3.0,3.0,0.5311086443309776,0.5270500724032297,True,mass_volume_step,Pos78,ch08
619,True,tracker,619,619,3.0,3.0,0.5135273283952522,0.5025570202571968,True,mass_volume_step,Pos78,ch08
639,True,tracker,639,639,3.0,3.0,0.5471499496064367,0.5369977600232225,True,mass_volume_step,Pos78,ch08
662,True,tracker,662,662,3.0,3.0,0.49405474583656,0.5178490014661287,True,mass_volume_step,Pos78,ch08
686,False,recovered,685,686,,,0.5203317190223159,0.561966302890818,True,persistent_step_between_good_measurements,Pos78,ch08
708,True,tracker,708,708,3.0,3.0,0.5118650606124067,0.5326724285357434,True,mass_volume_step,Pos78,ch08
739,True,tracker,739,739,3.0,3.0,0.527743475013542,0.5472165642957542,True,mass_volume_step,Pos78,ch08
762,True,tracker,762,762,3.0,3.0,0.4960569877810193,0.4994723493931234,True,mass_volume_step,Pos78,ch08
788,True,tracker,788,788,3.0,3.0,0.4978721139194896,0.47140333757355535,True,mass_volume_step,Pos78,ch08
812,False,tracker,812,812,3.0,3.0,1.1439656751396672,1.1069737917668032,False,no_supported_step,Pos78,ch08
816,False,tracker,814,817,3.0,3.0,0.576352880714684,0.5427505577972104,False,no_local_step_at_candidate,Pos78,ch08
818,True,tracker,818,818,3.0,3.0,0.550877375960433,0.5337180202412797,True,mass_volume_step,Pos78,ch08
840,False,tracker,840,840,3.0,3.0,1.14600601221563,1.0139958300376464,False,no_supported_step,Pos78,ch08
845,True,tracker,845,845,3.0,3.0,0.5064384286503738,0.5174669789185902,True,mass_volume_step,Pos78,ch08
867,False,tracker,867,867,3.0,3.0,1.294200011320912,1.1401738020349037,False,no_supported_step,Pos78,ch08
869,False,tracker,869,869,2.0,3.0,1.2762156563506302,1.1237822890053144,False,no_supported_step,Pos78,ch08
873,False,recovered,872,873,,,0.5272977801226769,0.5683073090042712,True,persistent_step_between_good_measurements,Pos78,ch08
898,True,tracker,898,898,3.0,3.0,0.5133559390368214,0.5409316353205891,True,mass_volume_step,Pos78,ch08
916,True,tracker,916,916,3.0,3.0,1.2247457078074828,1.2515587365093497,False,no_supported_step,Pos78,ch08
925,True,tracker,925,925,3.0,3.0,0.5234244795489412,0.4979195240794466,True,mass_volume_step,Pos78,ch08
949,True,tracker,949,949,3.0,3.0,0.5305139530796804,0.5437003640794096,True,mass_volume_step,Pos78,ch08
966,True,tracker,966,966,3.0,3.0,1.2222031005918403,1.1625670103898487,False,no_supported_step,Pos78,ch08
972,True,tracker,972,972,3.0,3.0,0.5219104681498581,0.5550652258814848,True,mass_volume_step,Pos78,ch08
998,True,tracker,998,998,3.0,3.0,0.5307898106158698,0.5255709639941141,True,mass_volume_step,Pos78,ch08
1030,True,tracker,1030,1030,3.0,3.0,0.4978829557330819,0.5037299294609126,True,mass_volume_step,Pos78,ch08
1047,True,tracker,1047,1047,3.0,3.0,0.535823187444049,0.5303048132673813,True,mass_volume_step,Pos78,ch08
1066,False,tracker,1066,1066,3.0,3.0,1.1980921248543666,1.1045442357894684,False,no_supported_step,Pos78,ch08
1069,True,tracker,1069,1069,3.0,3.0,0.5141266243679314,0.5026364458276225,True,mass_volume_step,Pos78,ch08
1088,False,tracker,1088,1088,3.0,3.0,1.2273843436741319,1.1791679139795799,False,no_supported_step,Pos78,ch08
1099,False,tracker,1099,1099,3.0,3.0,1.1716621425295592,1.1679655307603536,False,no_supported_step,Pos78,ch08
1106,True,tracker,1106,1106,3.0,3.0,0.5099543919626304,0.5170553571141613,True,mass_volume_step,Pos78,ch08
1138,True,tracker,1138,1138,3.0,3.0,0.4965114844499787,0.4786364178057307,True,mass_volume_step,Pos78,ch08
1154,False,tracker,1154,1154,3.0,3.0,1.1685332707686114,1.1831701282144542,False,no_supported_step,Pos78,ch08
1162,True,tracker,1162,1162,3.0,3.0,0.49569092522299374,0.5276394528407286,True,mass_volume_step,Pos78,ch08
1184,True,tracker,1184,1184,3.0,3.0,0.5056628427673777,0.47822420583762787,True,mass_volume_step,Pos78,ch08
15,True,tracker,15,15,3.0,3.0,0.5342988689562672,0.545387444186645,True,mass_volume_step,Pos80,ch00
39,True,tracker,39,39,3.0,3.0,0.46206313804350085,0.4918298631415054,True,mass_volume_step,Pos80,ch00
60,True,tracker,60,60,3.0,3.0,0.5230166862241571,0.5221379828377809,True,mass_volume_step,Pos80,ch00
90,True,tracker,90,90,3.0,3.0,0.5054354063766463,0.525427228960883,True,mass_volume_step,Pos80,ch00
116,True,tracker,116,116,3.0,3.0,0.5098462468047231,0.5092765375311292,True,mass_volume_step,Pos80,ch00
141,True,tracker,141,141,3.0,3.0,0.5115058385403224,0.5096499835095358,True,mass_volume_step,Pos80,ch00
169,True,tracker,169,169,3.0,3.0,0.5330435122451129,0.5939422329046685,True,mass_volume_step,Pos80,ch00
189,True,tracker,189,189,3.0,3.0,0.4981001594155868,0.4883883693816332,True,mass_volume_step,Pos80,ch00
215,True,tracker,215,215,3.0,3.0,0.5357686783428333,0.5741376318685942,True,mass_volume_step,Pos80,ch00
235,True,tracker,235,235,3.0,3.0,0.5188547688077532,0.5305180508147748,True,mass_volume_step,Pos80,ch00
260,True,tracker,260,260,3.0,3.0,0.460030779494111,0.45200089872938165,True,mass_volume_step,Pos80,ch00
283,True,tracker,283,283,3.0,3.0,0.4912655178307922,0.49220436672028867,True,mass_volume_step,Pos80,ch00
309,True,tracker,309,309,3.0,3.0,0.5138633076167243,0.509407052446391,True,mass_volume_step,Pos80,ch00
338,True,tracker,338,338,3.0,3.0,0.5230792753829341,0.5302919669475599,True,mass_volume_step,Pos80,ch00
365,True,tracker,365,365,3.0,3.0,0.48564430429987615,0.5044057672338321,True,mass_volume_step,Pos80,ch00
392,True,tracker,392,392,3.0,3.0,0.5428254060419563,0.5552243965432787,True,mass_volume_step,Pos80,ch00
415,True,tracker,415,415,3.0,3.0,0.49365652446696107,0.5011713340498071,True,mass_volume_step,Pos80,ch00
444,True,tracker,444,444,3.0,3.0,0.4820648760202434,0.5196635628986761,True,mass_volume_step,Pos80,ch00
468,True,tracker,468,468,3.0,3.0,0.5272059125171019,0.5413695223960268,True,mass_volume_step,Pos80,ch00
492,True,tracker,492,492,3.0,3.0,0.5288517639075075,0.5363610716181969,True,mass_volume_step,Pos80,ch00
520,True,tracker,520,520,3.0,3.0,0.49732120537303287,0.4866816131626648,True,mass_volume_step,Pos80,ch00
542,True,tracker,542,542,3.0,3.0,0.5241217592520949,0.5753644233721068,True,mass_volume_step,Pos80,ch00
564,True,tracker,564,564,3.0,3.0,0.5031883985916875,0.5386839006221651,True,mass_volume_step,Pos80,ch00
590,True,tracker,590,590,3.0,3.0,0.5109481417027837,0.5084782700638324,True,mass_volume_step,Pos80,ch00
612,True,tracker,612,612,3.0,3.0,0.5106044380311207,0.5041865524008252,True,mass_volume_step,Pos80,ch00
642,True,tracker,642,642,3.0,3.0,0.5077514413494914,0.4913449236334973,True,mass_volume_step,Pos80,ch00
670,True,tracker,670,670,3.0,3.0,0.5225970763753259,0.5421153152565766,True,mass_volume_step,Pos80,ch00
698,True,tracker,698,698,3.0,3.0,0.49373010908160747,0.5199451291439905,True,mass_volume_step,Pos80,ch00
721,True,tracker,721,721,3.0,3.0,0.47765003970085523,0.4434752470626044,True,mass_volume_step,Pos80,ch00
755,True,tracker,755,755,3.0,3.0,0.507893469005175,0.5447375088892842,True,mass_volume_step,Pos80,ch00
777,True,tracker,777,777,3.0,3.0,0.5269853503831474,0.5396069022101004,True,mass_volume_step,Pos80,ch00
809,True,tracker,809,809,3.0,3.0,0.48849612839545153,0.506130790856797,True,mass_volume_step,Pos80,ch00
834,True,tracker,834,834,3.0,3.0,0.494550701552499,0.4752590733620739,True,mass_volume_step,Pos80,ch00
862,True,tracker,862,862,3.0,3.0,0.5066401146248132,0.5158467011544109,True,mass_volume_step,Pos80,ch00
887,True,tracker,887,887,3.0,3.0,0.5320554100785692,0.5529518030044804,True,mass_volume_step,Pos80,ch00
928,True,tracker,928,928,3.0,3.0,0.5511714437493979,0.5366948781999766,True,mass_volume_step,Pos80,ch00
17,True,tracker,17,17,3.0,3.0,0.4839969322359835,0.5175716573529532,True,mass_volume_step,Pos80,ch07
38,True,tracker,38,38,3.0,3.0,0.4928998734179913,0.5231080932099949,True,mass_volume_step,Pos80,ch07
61,True,tracker,61,61,3.0,3.0,0.5078485986475475,0.534644357349535,True,mass_volume_step,Pos80,ch07
88,True,tracker,88,88,3.0,3.0,0.45480770158029515,0.4620962451868286,True,mass_volume_step,Pos80,ch07
102,False,tracker,102,102,3.0,3.0,1.2023582890449476,1.2172730577749333,False,no_supported_step,Pos80,ch07
116,True,tracker,116,116,3.0,3.0,0.4978065834116028,0.5134657644974026,True,mass_volume_step,Pos80,ch07
143,True,tracker,143,143,3.0,3.0,0.4891535536233653,0.51551435273588,True,mass_volume_step,Pos80,ch07
171,True,tracker,171,171,3.0,3.0,0.5000960581098837,0.5292651403262917,True,mass_volume_step,Pos80,ch07
196,True,tracker,196,196,3.0,3.0,0.4842241916849694,0.48451679941685327,True,mass_volume_step,Pos80,ch07
216,True,tracker,216,216,3.0,3.0,0.49484191630322555,0.5533249887946192,True,mass_volume_step,Pos80,ch07
245,True,tracker,245,245,3.0,3.0,0.47782060168669827,0.47521608573519475,True,mass_volume_step,Pos80,ch07
266,True,tracker,266,266,3.0,3.0,0.4462911709139081,0.45843802329875105,True,mass_volume_step,Pos80,ch07
294,True,tracker,294,294,3.0,3.0,0.4697466086799449,0.502214877695369,True,mass_volume_step,Pos80,ch07
322,True,tracker,322,322,3.0,3.0,0.5214990759604019,0.516191983927473,True,mass_volume_step,Pos80,ch07
347,True,tracker,347,347,3.0,3.0,0.5091253202500982,0.5431947396162213,True,mass_volume_step,Pos80,ch07
375,True,tracker,375,375,3.0,3.0,0.4570452850970534,0.4663702782902224,True,mass_volume_step,Pos80,ch07
400,True,tracker,400,400,3.0,3.0,0.469813619281346,0.483096995581678,True,mass_volume_step,Pos80,ch07
425,True,tracker,425,425,3.0,3.0,0.48781666462924017,0.5467828569882744,True,mass_volume_step,Pos80,ch07
452,True,tracker,452,452,3.0,3.0,0.49514338200443414,0.5529850960947204,True,mass_volume_step,Pos80,ch07
465,False,tracker,465,465,3.0,3.0,1.1530378315240066,1.1906139352622123,False,no_supported_step,Pos80,ch07
482,True,tracker,482,482,3.0,3.0,0.47799362469887546,0.49205126753680695,True,mass_volume_step,Pos80,ch07
504,True,tracker,504,504,3.0,3.0,0.475948468854443,0.5158611875351117,True,mass_volume_step,Pos80,ch07
532,True,tracker,532,532,3.0,3.0,0.49910585924918544,0.5070874182337987,True,mass_volume_step,Pos80,ch07
549,False,tracker,549,549,3.0,3.0,1.143074374931778,1.1534072150783972,False,no_supported_step,Pos80,ch07
563,True,tracker,563,563,3.0,3.0,0.4811410677254875,0.4801539040985127,True,mass_volume_step,Pos80,ch07
584,True,tracker,584,584,3.0,3.0,0.5139476070604765,0.5496771381861743,True,mass_volume_step,Pos80,ch07
607,True,tracker,607,607,3.0,3.0,0.5196928094612682,0.5332973435342286,True,mass_volume_step,Pos80,ch07
630,True,tracker,630,630,3.0,3.0,0.5353632103327544,0.5309383223152268,True,mass_volume_step,Pos80,ch07
657,True,tracker,657,657,3.0,3.0,0.4723276471778487,0.4626882032048405,True,mass_volume_step,Pos80,ch07
681,True,tracker,681,681,3.0,3.0,0.5456117381438946,0.5780449063657275,True,mass_volume_step,Pos80,ch07
713,True,tracker,713,713,3.0,3.0,0.5107187729147248,0.497031539116234,True,mass_volume_step,Pos80,ch07
731,True,tracker,731,731,3.0,3.0,0.5200314187154939,0.5141494846527042,True,mass_volume_step,Pos80,ch07
755,True,tracker,755,755,3.0,3.0,0.5022953194015277,0.5756157446308119,True,mass_volume_step,Pos80,ch07
783,True,tracker,783,783,3.0,3.0,0.5127373045538954,0.5385011797635141,True,mass_volume_step,Pos80,ch07
803,True,tracker,803,803,3.0,3.0,0.4869175188933521,0.466203509597822,True,mass_volume_step,Pos80,ch07
833,True,tracker,833,833,3.0,3.0,0.4629027297307189,0.4781766341735449,True,mass_volume_step,Pos80,ch07
860,False,recovered,857,860,,,0.5578999679129987,0.5663367472843074,True,persistent_step_between_good_measurements,Pos80,ch07
886,True,tracker,886,886,3.0,3.0,0.4693169278747114,0.4994088404303889,True,mass_volume_step,Pos80,ch07
911,True,tracker,911,911,3.0,3.0,0.4815771377932935,0.47260185880598,True,mass_volume_step,Pos80,ch07
942,True,tracker,942,942,3.0,3.0,0.5255779009893238,0.501062420499416,True,mass_volume_step,Pos80,ch07
962,True,tracker,962,962,3.0,3.0,0.4950480647074348,0.4929743029299375,True,mass_volume_step,Pos80,ch07
988,True,tracker,988,988,3.0,3.0,0.5044055107937678,0.5250806516477209,True,mass_volume_step,Pos80,ch07
1012,True,tracker,1012,1012,3.0,3.0,0.48873799901590814,0.524904810729628,True,mass_volume_step,Pos80,ch07
1035,True,tracker,1035,1035,3.0,3.0,0.5042100798767047,0.5248583204269435,True,mass_volume_step,Pos80,ch07
1061,True,tracker,1061,1061,3.0,3.0,0.461277912799181,0.4571335380584234,True,mass_volume_step,Pos80,ch07
1093,True,tracker,1093,1093,3.0,3.0,0.47479507534336746,0.5045481254036452,True,mass_volume_step,Pos80,ch07
1127,True,tracker,1127,1127,3.0,3.0,0.5180045078953697,0.5454843517805789,True,mass_volume_step,Pos80,ch07
1146,True,tracker,1146,1146,3.0,3.0,0.5191547236791786,0.5286462194040815,True,mass_volume_step,Pos80,ch07
1180,True,tracker,1180,1180,3.0,3.0,0.5372561517527802,0.5526325382523153,True,mass_volume_step,Pos80,ch07
1201,True,tracker,1201,1201,3.0,2.0,0.5006095286202921,0.4863247839910723,True,mass_volume_step,Pos80,ch07
13,True,tracker,13,13,3.0,3.0,0.5476071245366492,0.5532693698525822,True,mass_volume_step,Pos81,ch09
38,True,tracker,38,38,3.0,3.0,0.5258705823486028,0.5489540220665733,True,mass_volume_step,Pos81,ch09
54,True,tracker,54,54,3.0,3.0,0.4417013794279362,0.5010542711307333,True,mass_volume_step,Pos81,ch09
79,True,tracker,79,79,3.0,3.0,0.4992352576881558,0.6099581144834625,True,mass_volume_step,Pos81,ch09
110,True,tracker,110,110,3.0,3.0,0.4691348078302911,0.5182686414589717,True,mass_volume_step,Pos81,ch09
132,True,tracker,132,132,3.0,3.0,0.5039641417700095,0.5574681473839264,True,mass_volume_step,Pos81,ch09
159,True,tracker,159,159,3.0,3.0,0.4615658821169282,0.4901180101832111,True,mass_volume_step,Pos81,ch09
184,True,tracker,184,184,3.0,3.0,0.4713835022799853,0.5171076596103075,True,mass_volume_step,Pos81,ch09
209,True,tracker,209,209,3.0,3.0,0.5282075304087394,0.5945941581610307,True,mass_volume_step,Pos81,ch09
280,True,tracker,280,280,3.0,3.0,0.5717629250520807,0.5619221213568732,True,mass_volume_step,Pos81,ch09
9,True,tracker,9,9,3.0,3.0,0.5280266990653895,0.4652548615511614,True,mass_volume_step,Pos82,ch00
32,True,tracker,32,32,3.0,3.0,0.5480781448397777,0.5230378624164228,True,mass_volume_step,Pos82,ch00
62,True,tracker,62,62,3.0,3.0,0.5242785358595898,0.4593096631411724,True,mass_volume_step,Pos82,ch00
84,True,tracker,84,84,3.0,3.0,0.5613290597381416,0.5510222955119757,True,mass_volume_step,Pos82,ch00
111,True,tracker,111,111,3.0,3.0,0.5315985722080623,0.5189904468478179,True,mass_volume_step,Pos82,ch00
135,True,tracker,135,135,3.0,3.0,0.5792832208583323,0.5838252517911665,True,mass_volume_step,Pos82,ch00
181,True,tracker,181,181,3.0,3.0,0.45034605013692575,0.4386561505034404,True,mass_volume_step,Pos82,ch00
717,False,tracker,717,717,3.0,3.0,0.5964005237571125,0.9860308047808448,False,no_supported_step,Pos82,ch00
24,True,tracker,24,24,3.0,3.0,0.5520958165588422,0.5338673127958844,True,mass_volume_step,Pos82,ch01
48,True,tracker,48,48,3.0,3.0,0.5487535012391216,0.565509810869279,True,mass_volume_step,Pos82,ch01
71,True,tracker,71,71,3.0,3.0,0.5706192603748439,0.5795907512333748,True,mass_volume_step,Pos82,ch01
92,True,tracker,92,92,3.0,3.0,0.5484443416000737,0.5395242513104266,True,mass_volume_step,Pos82,ch01
116,True,tracker,116,116,3.0,3.0,0.466655932732478,0.48196448886491255,True,mass_volume_step,Pos82,ch01
144,True,tracker,144,144,3.0,3.0,0.5505872759087759,0.5276831957728315,True,mass_volume_step,Pos82,ch01
168,True,tracker,168,168,3.0,3.0,0.5375021428320632,0.5121524075693757,True,mass_volume_step,Pos82,ch01
191,True,tracker,191,191,3.0,3.0,0.5201235419975883,0.5075902367010476,True,mass_volume_step,Pos82,ch01
218,True,tracker,218,218,3.0,3.0,0.5592547968520172,0.4992778293437533,True,mass_volume_step,Pos82,ch01
241,True,tracker,241,241,3.0,3.0,0.5898160536156523,0.5179832004118282,True,mass_volume_step,Pos82,ch01
264,True,tracker,264,264,3.0,3.0,0.5424556409421784,0.5645861343608339,True,mass_volume_step,Pos82,ch01
298,True,tracker,298,298,3.0,3.0,0.5184988022871828,0.5176149807487271,True,mass_volume_step,Pos82,ch01
320,True,tracker,320,320,3.0,3.0,0.5616639346184819,0.5313091569294311,True,mass_volume_step,Pos82,ch01
353,True,tracker,353,353,3.0,3.0,0.5848429021036853,0.537606048677794,True,mass_volume_step,Pos82,ch01
369,True,tracker,369,369,3.0,3.0,0.5162666798967885,0.5010673867192096,True,mass_volume_step,Pos82,ch01
394,True,tracker,394,394,3.0,3.0,0.5277574736128983,0.4762381017273129,True,mass_volume_step,Pos82,ch01
417,True,tracker,417,417,3.0,3.0,0.4899982937413985,0.5054177227206135,True,mass_volume_step,Pos82,ch01
440,True,tracker,440,440,3.0,3.0,0.46610639842781326,0.5024646757944128,True,mass_volume_step,Pos82,ch01
469,True,tracker,469,469,3.0,3.0,0.5240145332014124,0.5805049498608632,True,mass_volume_step,Pos82,ch01
495,True,tracker,495,495,3.0,3.0,0.5635872072108397,0.5560416883279014,True,mass_volume_step,Pos82,ch01
518,True,tracker,518,518,3.0,3.0,0.5232376830183937,0.552971883150313,True,mass_volume_step,Pos82,ch01
545,True,tracker,545,545,3.0,3.0,0.5477735028867187,0.6247847624105484,True,mass_volume_step,Pos82,ch01
568,False,tracker,568,568,3.0,3.0,1.137157079529164,1.019883038748634,False,no_supported_step,Pos82,ch01
570,True,tracker,570,570,3.0,3.0,0.5145555524457468,0.5686637544177754,True,mass_volume_step,Pos82,ch01
592,True,tracker,592,592,3.0,3.0,0.4729020026933916,0.49330531400078986,True,mass_volume_step,Pos82,ch01
625,True,tracker,625,625,3.0,3.0,0.563131054458902,0.5330778951183474,True,mass_volume_step,Pos82,ch01
649,True,tracker,649,649,3.0,3.0,0.5443648539607099,0.5112305834654507,True,mass_volume_step,Pos82,ch01
672,True,tracker,672,672,3.0,3.0,0.5250956909251675,0.5372135069544312,True,mass_volume_step,Pos82,ch01
693,True,tracker,693,693,3.0,3.0,0.5478539565215307,0.5187053511949709,True,mass_volume_step,Pos82,ch01
720,True,tracker,720,720,3.0,3.0,0.5242280468946589,0.5181614501907876,True,mass_volume_step,Pos82,ch01
757,True,tracker,757,757,3.0,3.0,0.4163717867891639,0.43985232802562685,True,mass_volume_step,Pos82,ch01
14,True,tracker,14,14,3.0,3.0,0.48267468383618545,0.5253098867917194,True,mass_volume_step,Pos82,ch03
44,True,tracker,44,44,3.0,3.0,0.47328705062396403,0.5263328091954069,True,mass_volume_step,Pos82,ch03
68,True,tracker,68,68,3.0,3.0,0.5005467391619715,0.5656764740284049,True,mass_volume_step,Pos82,ch03
96,True,tracker,96,96,3.0,3.0,0.49842884485198075,0.5536057301419445,True,mass_volume_step,Pos82,ch03
118,True,tracker,118,118,3.0,3.0,0.4750930723674604,0.5243806400008735,True,mass_volume_step,Pos82,ch03
144,True,tracker,144,144,3.0,3.0,0.46359563321885555,0.4845299148528002,True,mass_volume_step,Pos82,ch03
177,True,tracker,177,177,3.0,3.0,0.4957438812549081,0.5956825619542692,True,mass_volume_step,Pos82,ch03
199,True,tracker,199,199,3.0,3.0,0.4299491543682855,0.4852394004750807,True,mass_volume_step,Pos82,ch03
229,True,tracker,229,229,3.0,3.0,0.4937585615865818,0.5375543080820052,True,mass_volume_step,Pos82,ch03
253,True,tracker,253,253,3.0,3.0,0.5030498705747403,0.568615774639044,True,mass_volume_step,Pos82,ch03
279,True,tracker,279,279,3.0,3.0,0.46650139407526964,0.48954003778539285,True,mass_volume_step,Pos82,ch03
303,True,tracker,303,303,3.0,3.0,0.4649735052690117,0.5208944573183523,True,mass_volume_step,Pos82,ch03
331,True,tracker,331,331,3.0,3.0,0.4572049882657788,0.48892501011282974,True,mass_volume_step,Pos82,ch03
355,True,tracker,355,355,3.0,3.0,0.507499539319229,0.5905619936929024,True,mass_volume_step,Pos82,ch03
383,True,tracker,383,383,3.0,3.0,0.4955743422337894,0.5226134141595277,True,mass_volume_step,Pos82,ch03
401,True,tracker,401,401,3.0,3.0,0.46699953541939254,0.5095384162985902,True,mass_volume_step,Pos82,ch03
428,True,tracker,428,428,3.0,3.0,0.45473864535252156,0.46875706732586697,True,mass_volume_step,Pos82,ch03
455,True,tracker,455,455,3.0,3.0,0.4841649877431141,0.5257869002709404,True,mass_volume_step,Pos82,ch03
480,True,tracker,480,480,3.0,3.0,0.45875193679556814,0.4877625413571574,True,mass_volume_step,Pos82,ch03
509,True,tracker,509,509,3.0,3.0,0.4769318174926879,0.5301221103896145,True,mass_volume_step,Pos82,ch03
531,True,tracker,531,531,3.0,3.0,0.4575804070712824,0.5413888974243998,True,mass_volume_step,Pos82,ch03
557,True,tracker,557,557,3.0,3.0,0.4605348516312701,0.5136179379587755,True,mass_volume_step,Pos82,ch03
572,False,tracker,572,572,3.0,3.0,1.295783205494958,1.2276558360275485,False,no_supported_step,Pos82,ch03
574,False,tracker,574,574,3.0,3.0,1.295783205494958,1.2276558360275485,False,no_supported_step,Pos82,ch03
581,True,tracker,581,581,3.0,3.0,0.43867809970892163,0.5180672662457289,True,mass_volume_step,Pos82,ch03
609,True,tracker,609,609,3.0,3.0,0.43856433439973835,0.516530309742572,True,mass_volume_step,Pos82,ch03
634,True,tracker,634,634,3.0,3.0,0.48383415450633804,0.49041543241279995,True,mass_volume_step,Pos82,ch03
657,True,tracker,657,657,3.0,3.0,0.4827419439437332,0.5471985083796855,True,mass_volume_step,Pos82,ch03
688,True,tracker,688,688,3.0,3.0,0.5011005955875318,0.5508665839181276,True,mass_volume_step,Pos82,ch03
711,True,tracker,711,711,3.0,3.0,0.4840097951260876,0.5160892325551757,True,mass_volume_step,Pos82,ch03
736,True,tracker,736,736,3.0,3.0,0.5170371419165005,0.5481505647027936,True,mass_volume_step,Pos82,ch03
758,True,tracker,758,758,3.0,3.0,0.4713638384888548,0.5134296915798947,True,mass_volume_step,Pos82,ch03
784,True,tracker,784,784,3.0,3.0,0.5041130289403191,0.5614884714755128,True,mass_volume_step,Pos82,ch03
808,True,tracker,808,808,3.0,3.0,0.47677011737447367,0.5445197671920748,True,mass_volume_step,Pos82,ch03
837,True,tracker,837,837,3.0,3.0,0.4737051206252946,0.5284776425937303,True,mass_volume_step,Pos82,ch03
858,True,tracker,858,858,3.0,3.0,0.5007042489779252,0.5418025772426637,True,mass_volume_step,Pos82,ch03
886,True,tracker,886,886,3.0,3.0,0.45997451446255944,0.46743267803758126,True,mass_volume_step,Pos82,ch03
908,True,tracker,908,908,3.0,3.0,0.4854968828324057,0.5431179403214513,True,mass_volume_step,Pos82,ch03
934,True,tracker,934,934,3.0,3.0,0.44974921831948494,0.49452550690723873,True,mass_volume_step,Pos82,ch03
960,True,tracker,960,960,3.0,3.0,0.47350783165511867,0.5583516845116303,True,mass_volume_step,Pos82,ch03
992,True,tracker,992,992,3.0,3.0,0.4136297041879476,0.504142151242707,True,mass_volume_step,Pos82,ch03
8,True,tracker,8,8,3.0,3.0,0.5192296727702402,0.5419798447562936,True,mass_volume_step,Pos82,ch07
30,True,tracker,30,30,3.0,3.0,0.5741118630447442,0.5703680215790237,True,mass_volume_step,Pos82,ch07
53,True,tracker,53,53,3.0,3.0,0.533706981092194,0.5225602957921436,True,mass_volume_step,Pos82,ch07
78,True,tracker,78,78,3.0,3.0,0.5034309309688846,0.5089940197953676,True,mass_volume_step,Pos82,ch07
104,True,tracker,104,104,3.0,3.0,0.5110966095000286,0.5386677404703315,True,mass_volume_step,Pos82,ch07
129,True,tracker,129,129,3.0,3.0,0.5568344969032909,0.5719426933206537,True,mass_volume_step,Pos82,ch07
151,True,tracker,151,151,3.0,3.0,0.5147297117693107,0.5185710440982454,True,mass_volume_step,Pos82,ch07
176,True,tracker,176,176,3.0,3.0,0.5180847373137621,0.5392904013092623,True,mass_volume_step,Pos82,ch07
202,True,tracker,202,202,3.0,3.0,0.504610180865849,0.5090175168767807,True,mass_volume_step,Pos82,ch07
223,True,tracker,223,223,3.0,3.0,0.5047231178913987,0.4837878226238743,True,mass_volume_step,Pos82,ch07
254,True,tracker,254,254,3.0,3.0,0.4898617557679368,0.46943644660812134,True,mass_volume_step,Pos82,ch07
284,True,tracker,284,284,3.0,3.0,0.5405185598580354,0.532261322696847,True,mass_volume_step,Pos82,ch07
305,True,tracker,305,305,3.0,3.0,0.5381937567563235,0.5327538259453584,True,mass_volume_step,Pos82,ch07
328,True,tracker,328,328,3.0,3.0,0.4727726100365039,0.44345619461816815,True,mass_volume_step,Pos82,ch07
352,True,tracker,352,352,3.0,3.0,0.49547623141986574,0.49120735614350197,True,mass_volume_step,Pos82,ch07
381,True,tracker,381,381,3.0,3.0,0.4877579999298621,0.4686457570687037,True,mass_volume_step,Pos82,ch07
401,True,tracker,401,401,3.0,3.0,0.5101024205459993,0.5096244718583464,True,mass_volume_step,Pos82,ch07
438,True,tracker,438,438,3.0,3.0,0.48045132625953924,0.4690962598334586,True,mass_volume_step,Pos82,ch07
457,True,tracker,457,457,3.0,3.0,0.5508238699834207,0.5435053828858681,True,mass_volume_step,Pos82,ch07
487,True,tracker,487,487,3.0,3.0,0.4890006995807626,0.5193117190652319,True,mass_volume_step,Pos82,ch07
518,True,tracker,518,518,3.0,3.0,0.508935974068217,0.48808991041745076,True,mass_volume_step,Pos82,ch07
541,True,tracker,541,541,3.0,3.0,0.49612108077099887,0.4804041984996474,True,mass_volume_step,Pos82,ch07
567,True,tracker,567,567,3.0,3.0,0.5136198505665238,0.5049620056051729,True,mass_volume_step,Pos82,ch07
592,True,tracker,592,592,3.0,3.0,0.5053994531929742,0.5127117060323224,True,mass_volume_step,Pos82,ch07
613,True,tracker,613,613,3.0,3.0,0.5279639077191999,0.5183165704490201,True,mass_volume_step,Pos82,ch07
640,True,tracker,640,640,3.0,3.0,0.5388150309918323,0.5128340767042837,True,mass_volume_step,Pos82,ch07
664,True,tracker,664,664,3.0,3.0,0.5284157007517633,0.5509088380273128,True,mass_volume_step,Pos82,ch07
690,True,tracker,690,690,3.0,3.0,0.5288891801872121,0.544271401618064,True,mass_volume_step,Pos82,ch07
716,True,tracker,716,716,3.0,3.0,0.48811313907728066,0.4866088000784067,True,mass_volume_step,Pos82,ch07
742,True,tracker,742,742,3.0,3.0,0.4752877234864588,0.44775865003277443,True,mass_volume_step,Pos82,ch07
768,True,tracker,768,768,3.0,3.0,0.5287429657013598,0.5199739714528018,True,mass_volume_step,Pos82,ch07
798,True,tracker,798,798,3.0,3.0,0.5033777956610307,0.507564088894563,True,mass_volume_step,Pos82,ch07
826,True,tracker,826,826,3.0,3.0,0.5236936332480355,0.4910232979282795,True,mass_volume_step,Pos82,ch07
850,True,tracker,850,850,3.0,3.0,0.5036943744696089,0.4834261317108386,True,mass_volume_step,Pos82,ch07
876,True,tracker,876,876,3.0,3.0,0.5384315490817759,0.5450472950856178,True,mass_volume_step,Pos82,ch07
898,False,tracker,896,899,3.0,3.0,0.5946707099533947,0.5695756868874076,False,no_local_step_at_candidate,Pos82,ch07
900,True,tracker,900,900,3.0,3.0,0.5806024033319694,0.5514349339277734,True,mass_volume_step,Pos82,ch07
926,True,tracker,926,926,3.0,3.0,0.5348063708490495,0.5344659202123727,True,mass_volume_step,Pos82,ch07
948,True,tracker,948,948,3.0,3.0,0.5439291546951128,0.5207820466515389,True,mass_volume_step,Pos82,ch07
976,True,tracker,976,976,3.0,3.0,0.504814025356974,0.529297217265179,True,mass_volume_step,Pos82,ch07
999,True,tracker,999,999,3.0,3.0,0.5115363797175401,0.48535823949516366,True,mass_volume_step,Pos82,ch07
1022,True,tracker,1022,1022,3.0,3.0,0.4809451711656628,0.500748814253752,True,mass_volume_step,Pos82,ch07
1052,True,tracker,1052,1052,3.0,3.0,0.542311211529146,0.5454282478281309,True,mass_volume_step,Pos82,ch07
1078,True,tracker,1078,1078,3.0,3.0,0.4979416011930718,0.49880136713086226,True,mass_volume_step,Pos82,ch07
1105,True,tracker,1105,1105,3.0,3.0,0.49581539408406783,0.487827901972084,True,mass_volume_step,Pos82,ch07
1128,True,tracker,1128,1128,3.0,3.0,0.5315405393206665,0.4788882506582594,True,mass_volume_step,Pos82,ch07
1155,True,tracker,1155,1155,3.0,3.0,0.5334913952970984,0.5313787918580424,True,mass_volume_step,Pos82,ch07
1183,True,tracker,1183,1183,3.0,3.0,0.4888066764122063,0.4404667712904256,True,mass_volume_step,Pos82,ch07
6,True,tracker,6,6,3.0,3.0,0.5215790179102249,0.5156475165326955,True,mass_volume_step,Pos83,ch01
34,True,tracker,34,34,3.0,3.0,0.5432650925949302,0.5465136238522657,True,mass_volume_step,Pos83,ch01
53,True,tracker,53,53,3.0,3.0,0.5335077393018931,0.4821948179856336,True,mass_volume_step,Pos83,ch01
86,True,tracker,86,86,3.0,3.0,0.5503318969805905,0.5464491456764295,True,mass_volume_step,Pos83,ch01
104,True,tracker,104,104,3.0,3.0,0.5056689474321373,0.496106817865928,True,mass_volume_step,Pos83,ch01
138,True,tracker,138,138,3.0,3.0,0.5394249876733359,0.5238809083288688,True,mass_volume_step,Pos83,ch01
159,True,tracker,159,159,3.0,3.0,0.5286395593261521,0.5359024688237227,True,mass_volume_step,Pos83,ch01
180,True,tracker,180,180,3.0,3.0,0.5070283087731728,0.514987168848441,True,mass_volume_step,Pos83,ch01
205,True,tracker,205,205,3.0,3.0,0.4843116058521482,0.46069309311783324,True,mass_volume_step,Pos83,ch01
231,True,tracker,231,231,3.0,3.0,0.5082881310441211,0.49474825820303664,True,mass_volume_step,Pos83,ch01
258,True,tracker,258,258,3.0,3.0,0.4714966478672123,0.4592656143382865,True,mass_volume_step,Pos83,ch01
285,True,tracker,285,285,3.0,3.0,0.5038257229031435,0.5287578959687211,True,mass_volume_step,Pos83,ch01
314,True,tracker,314,314,3.0,3.0,0.5498374055674449,0.584220752047688,True,mass_volume_step,Pos83,ch01
337,True,tracker,337,337,3.0,3.0,0.5194665453698935,0.5274217751322252,True,mass_volume_step,Pos83,ch01
359,True,tracker,359,359,3.0,3.0,0.4878053245882837,0.47073016791381483,True,mass_volume_step,Pos83,ch01
385,True,tracker,385,385,3.0,3.0,0.504195041927581,0.5182246888142293,True,mass_volume_step,Pos83,ch01
412,True,tracker,412,412,3.0,3.0,0.5249299696956252,0.49505748014626594,True,mass_volume_step,Pos83,ch01
433,True,tracker,433,433,3.0,3.0,0.5174633337135346,0.5575504521413321,True,mass_volume_step,Pos83,ch01
461,True,tracker,461,461,3.0,3.0,0.5044272371992319,0.4998417832083275,True,mass_volume_step,Pos83,ch01
487,True,tracker,487,487,3.0,3.0,0.5122367674954389,0.5010818633808937,True,mass_volume_step,Pos83,ch01
508,True,tracker,508,508,3.0,3.0,0.5034781292339011,0.48288020755512023,True,mass_volume_step,Pos83,ch01
538,True,tracker,538,538,3.0,3.0,0.5011546666540299,0.5151013990336536,True,mass_volume_step,Pos83,ch01
564,True,tracker,564,564,3.0,3.0,0.5242563578229874,0.5114654643033995,True,mass_volume_step,Pos83,ch01
592,True,tracker,592,592,3.0,3.0,0.5402007654474695,0.5322281726634448,True,mass_volume_step,Pos83,ch01
610,True,tracker,610,610,3.0,3.0,0.5545472784288074,0.5703964305239685,True,mass_volume_step,Pos83,ch01
636,True,tracker,636,636,3.0,3.0,0.4860011643874104,0.4803120792008326,True,mass_volume_step,Pos83,ch01
663,True,tracker,663,663,3.0,3.0,0.4903691974107658,0.48882770520016355,True,mass_volume_step,Pos83,ch01
689,True,tracker,689,689,3.0,3.0,0.5160346694325948,0.521585585766322,True,mass_volume_step,Pos83,ch01
713,True,tracker,713,713,3.0,3.0,0.5364551130654552,0.5738106863117655,True,mass_volume_step,Pos83,ch01
735,True,tracker,735,735,3.0,3.0,0.49636863737956444,0.5315191608470977,True,mass_volume_step,Pos83,ch01
764,True,tracker,764,764,3.0,3.0,0.48484186189332223,0.4871059326611823,True,mass_volume_step,Pos83,ch01
787,True,tracker,787,787,3.0,3.0,0.472618462453069,0.4770479076573697,True,mass_volume_step,Pos83,ch01
813,True,tracker,813,813,3.0,3.0,0.513178864177907,0.5392802547402303,True,mass_volume_step,Pos83,ch01
849,True,tracker,849,849,3.0,3.0,0.5500053901122551,0.5143082244331816,True,mass_volume_step,Pos83,ch01
873,True,tracker,873,873,3.0,3.0,0.5269428310416959,0.5095468936492211,True,mass_volume_step,Pos83,ch01
894,True,tracker,894,894,3.0,3.0,0.491097666031634,0.4842769298080428,True,mass_volume_step,Pos83,ch01
922,True,tracker,922,922,3.0,3.0,0.506608495281553,0.5142521360656276,True,mass_volume_step,Pos83,ch01
945,True,tracker,945,945,3.0,3.0,0.49187404108996147,0.4686550051393279,True,mass_volume_step,Pos83,ch01
973,True,tracker,973,973,3.0,3.0,0.49688320532475544,0.49097905481165294,True,mass_volume_step,Pos83,ch01
1000,True,tracker,1000,1000,3.0,3.0,0.5314853875231841,0.5341494197486317,True,mass_volume_step,Pos83,ch01
1022,True,tracker,1022,1022,3.0,3.0,0.5259831583318618,0.4916349870414782,True,mass_volume_step,Pos83,ch01
1053,True,tracker,1053,1053,3.0,3.0,0.5198019853231715,0.4885270702589624,True,mass_volume_step,Pos83,ch01
1079,True,tracker,1079,1079,3.0,3.0,0.520853312099332,0.5332358062437299,True,mass_volume_step,Pos83,ch01
1105,True,tracker,1105,1105,3.0,3.0,0.5156086416715135,0.49608644706654037,True,mass_volume_step,Pos83,ch01
1160,True,tracker,1160,1160,3.0,3.0,0.5304185078726456,0.5287322963514913,True,mass_volume_step,Pos83,ch01
1175,True,tracker,1175,1175,3.0,3.0,0.5588548752457657,0.5509269194848441,True,mass_volume_step,Pos83,ch01
1193,True,tracker,1193,1193,3.0,3.0,0.5455966972059689,0.5583395918187051,True,mass_volume_step,Pos83,ch01
20,True,tracker,20,20,3.0,3.0,0.5434298030007054,0.5398295779453615,True,mass_volume_step,Pos84,ch01
39,True,tracker,39,39,3.0,3.0,0.5329953059275263,0.5315996061521122,True,mass_volume_step,Pos84,ch01
62,True,tracker,62,62,3.0,3.0,0.4959767969170661,0.503931044591405,True,mass_volume_step,Pos84,ch01
85,True,tracker,85,85,3.0,3.0,0.5244460878250331,0.5140141231545077,True,mass_volume_step,Pos84,ch01
102,False,tracker,102,102,3.0,3.0,1.1381742663529848,1.1007457128113676,False,no_supported_step,Pos84,ch01
108,True,tracker,108,108,3.0,3.0,0.49467648709784984,0.532356793121117,True,mass_volume_step,Pos84,ch01
136,True,tracker,136,136,3.0,3.0,0.515138252355151,0.527523946203742,True,mass_volume_step,Pos84,ch01
154,False,tracker,154,154,3.0,3.0,1.1986221820118625,1.2228716721357897,False,no_supported_step,Pos84,ch01
168,True,tracker,168,168,3.0,3.0,0.5298999869409701,0.5195449595233714,True,mass_volume_step,Pos84,ch01
189,True,tracker,189,189,3.0,3.0,0.5480736738742391,0.5445178766603218,True,mass_volume_step,Pos84,ch01
216,True,tracker,216,216,3.0,3.0,0.5274286615189624,0.5126609404060293,True,mass_volume_step,Pos84,ch01
249,False,recovered,247,249,,,0.5683403232575026,0.5455805800999334,True,persistent_step_between_good_measurements,Pos84,ch01
267,True,tracker,267,267,3.0,3.0,0.4775332008175457,0.5222266320973555,True,mass_volume_step,Pos84,ch01
296,True,tracker,296,296,3.0,3.0,0.46731398976433824,0.48209742684184864,True,mass_volume_step,Pos84,ch01
321,True,tracker,321,321,3.0,3.0,0.5082641830163769,0.5680306280979449,True,mass_volume_step,Pos84,ch01
343,True,tracker,343,343,3.0,3.0,0.5053910997168545,0.5760721732109271,True,mass_volume_step,Pos84,ch01
368,True,tracker,368,368,3.0,3.0,0.5142415101670423,0.535422041057346,True,mass_volume_step,Pos84,ch01
394,True,tracker,394,394,3.0,3.0,0.530062406175989,0.5333127074320202,True,mass_volume_step,Pos84,ch01
422,True,tracker,422,422,3.0,3.0,0.53794481123608,0.5141565742486296,True,mass_volume_step,Pos84,ch01
451,True,tracker,451,451,3.0,3.0,0.5183467366418304,0.5461511473253989,True,mass_volume_step,Pos84,ch01
473,True,tracker,473,473,3.0,3.0,0.5140674637371994,0.5690672972998596,True,mass_volume_step,Pos84,ch01
495,True,tracker,495,495,3.0,3.0,0.5092386334803374,0.5027461330306998,True,mass_volume_step,Pos84,ch01
516,True,tracker,516,516,3.0,3.0,0.49052654036073284,0.4814069340650881,True,mass_volume_step,Pos84,ch01
542,True,tracker,542,542,3.0,3.0,1.1694859824029293,1.1414007974038447,False,no_supported_step,Pos84,ch01
547,True,tracker,547,547,3.0,3.0,0.5319444806060843,0.5296504254293828,True,mass_volume_step,Pos84,ch01
572,True,tracker,572,572,3.0,3.0,0.5242426917305353,0.49215634361940697,True,mass_volume_step,Pos84,ch01
596,True,tracker,596,596,3.0,3.0,0.4709264072484434,0.5316863902825817,True,mass_volume_step,Pos84,ch01
620,True,tracker,620,620,3.0,3.0,0.5186699593200191,0.5248888993503634,True,mass_volume_step,Pos84,ch01
641,True,tracker,641,641,3.0,3.0,0.514059469697669,0.5153959206425752,True,mass_volume_step,Pos84,ch01
671,True,tracker,671,671,3.0,3.0,0.513921816742853,0.5063561189427926,True,mass_volume_step,Pos84,ch01
694,True,tracker,694,694,3.0,3.0,0.5114684760078856,0.4994819948680232,True,mass_volume_step,Pos84,ch01
722,True,tracker,722,722,3.0,3.0,0.4873218605309039,0.5564993726648302,True,mass_volume_step,Pos84,ch01
747,True,tracker,747,747,3.0,3.0,0.5084887718512765,0.5611783465139403,True,mass_volume_step,Pos84,ch01
770,True,tracker,770,770,3.0,3.0,0.4637351322303792,0.46526760265568706,True,mass_volume_step,Pos84,ch01
798,True,tracker,798,798,3.0,3.0,0.5239933621654874,0.5837898696948471,True,mass_volume_step,Pos84,ch01
821,True,tracker,821,821,3.0,3.0,0.4856823220310909,0.5098718478588423,True,mass_volume_step,Pos84,ch01
845,True,tracker,845,845,3.0,3.0,0.48657549691037033,0.548767303207099,True,mass_volume_step,Pos84,ch01
871,True,tracker,871,871,3.0,3.0,0.5074207187320297,0.4929482307841652,True,mass_volume_step,Pos84,ch01
887,False,tracker,887,887,3.0,3.0,1.1719196697433762,1.1412558859067046,False,no_supported_step,Pos84,ch01
895,True,tracker,895,895,3.0,3.0,0.4776928145493549,0.5595694690439234,True,mass_volume_step,Pos84,ch01
920,True,tracker,920,920,3.0,3.0,0.4569868959953488,0.49352213306910386,True,mass_volume_step,Pos84,ch01
950,True,tracker,950,950,3.0,3.0,0.47813780373593323,0.5196795932784498,True,mass_volume_step,Pos84,ch01
978,True,tracker,978,978,3.0,3.0,0.5430111931224849,0.5424100186469738,True,mass_volume_step,Pos84,ch01
999,True,tracker,999,999,3.0,3.0,0.5422673819858874,0.5554719767312423,True,mass_volume_step,Pos84,ch01
1022,True,tracker,1022,1022,3.0,3.0,0.48410414919491046,0.5047664316162009,True,mass_volume_step,Pos84,ch01
1048,True,tracker,1048,1048,3.0,3.0,0.49271217433278497,0.4994102962260336,True,mass_volume_step,Pos84,ch01
1079,True,tracker,1079,1079,3.0,3.0,0.5156184648227531,0.5334945546603794,True,mass_volume_step,Pos84,ch01
1131,True,tracker,1131,1131,3.0,3.0,0.5388145798528724,0.5482775481516012,True,mass_volume_step,Pos84,ch01
1169,True,tracker,1169,1169,3.0,3.0,0.5582743230675691,0.5654657342460672,True,mass_volume_step,Pos84,ch01
8,True,tracker,8,8,3.0,3.0,0.6750427302422891,0.6786988916499848,True,mass_volume_step,Pos84,ch03
33,True,tracker,33,33,3.0,3.0,0.6599976071512211,0.644276026213589,True,mass_volume_step,Pos84,ch03
58,True,tracker,58,58,3.0,3.0,0.6584732948797319,0.6242137015207422,True,mass_volume_step,Pos84,ch03
87,True,tracker,87,87,3.0,3.0,0.6450917111446753,0.6143315281064972,True,mass_volume_step,Pos84,ch03
111,True,tracker,111,111,3.0,3.0,0.6682030770109852,0.6883117851309076,True,mass_volume_step,Pos84,ch03
141,True,tracker,141,141,3.0,3.0,0.6593929860292085,0.6763289545413007,True,mass_volume_step,Pos84,ch03
176,True,tracker,176,176,3.0,3.0,0.652210856779057,0.6514320772959558,True,mass_volume_step,Pos84,ch03
189,True,tracker,189,189,3.0,3.0,0.42333441922213466,0.35205724062779853,True,mass_volume_step,Pos84,ch03
283,False,tracker,283,283,3.0,3.0,0.8994927422791242,0.9042910373316191,False,no_supported_step,Pos84,ch03
286,False,tracker,286,286,3.0,3.0,0.8994927422791242,0.9042910373316191,False,no_supported_step,Pos84,ch03
1068,False,tracker,1068,1068,3.0,3.0,1.0574421018666857,1.0509292671849642,False,no_supported_step,Pos84,ch03
1099,False,tracker,1099,1099,3.0,3.0,0.1408160717956564,0.17757647711964603,False,no_supported_step,Pos84,ch03
18,True,tracker,18,18,3.0,3.0,0.4997286656788366,0.514759226857886,True,mass_volume_step,Pos84,ch06
43,True,tracker,43,43,3.0,3.0,0.5158771404493105,0.5893729788456937,True,mass_volume_step,Pos84,ch06
71,True,tracker,71,71,3.0,3.0,0.5498373031528375,0.5639022386487602,True,mass_volume_step,Pos84,ch06
90,True,tracker,90,90,3.0,3.0,0.5644879866064669,0.5497056130631742,True,mass_volume_step,Pos84,ch06
112,True,tracker,112,112,3.0,3.0,0.5121754275681124,0.5256221108199832,True,mass_volume_step,Pos84,ch06
137,True,tracker,137,137,3.0,3.0,0.5241274608087663,0.4863650389108441,True,mass_volume_step,Pos84,ch06
166,True,tracker,166,166,3.0,3.0,0.5063443537487202,0.49660451403732503,True,mass_volume_step,Pos84,ch06
191,True,tracker,191,191,3.0,3.0,0.551800108599742,0.5933888607187874,True,mass_volume_step,Pos84,ch06
216,True,tracker,216,216,3.0,3.0,0.5069670391474324,0.540666112870398,True,mass_volume_step,Pos84,ch06
248,True,tracker,248,248,3.0,3.0,0.5402569062342805,0.5591580308360606,True,mass_volume_step,Pos84,ch06
274,True,tracker,274,274,3.0,3.0,0.5139077680552461,0.5558259297245418,True,mass_volume_step,Pos84,ch06
293,True,tracker,293,293,3.0,3.0,0.5323869900228697,0.5402440671258889,True,mass_volume_step,Pos84,ch06
319,True,tracker,319,319,3.0,3.0,0.49292238765618035,0.48069257962313267,True,mass_volume_step,Pos84,ch06
344,True,tracker,344,344,3.0,3.0,0.5214744544992062,0.5620728477497895,True,mass_volume_step,Pos84,ch06
367,True,tracker,367,367,3.0,3.0,0.5338074297900798,0.5733028857600383,True,mass_volume_step,Pos84,ch06
392,True,tracker,392,392,3.0,3.0,0.5044275976301204,0.5420859428615642,True,mass_volume_step,Pos84,ch06
425,True,tracker,425,425,3.0,3.0,0.5006168759842903,0.5248040133932903,True,mass_volume_step,Pos84,ch06
448,True,tracker,448,448,3.0,3.0,0.5105098700158164,0.5486025171522123,True,mass_volume_step,Pos84,ch06
467,True,tracker,467,467,3.0,3.0,0.4513100525827682,0.42273122591273105,True,mass_volume_step,Pos84,ch06
500,False,tracker,500,500,3.0,3.0,1.1618025967976198,1.119524309538482,False,no_supported_step,Pos84,ch06
506,True,tracker,506,506,3.0,3.0,0.4893235135538729,0.4872555777062774,True,mass_volume_step,Pos84,ch06
528,True,tracker,528,528,3.0,3.0,0.541011587778621,0.536161889193344,True,mass_volume_step,Pos84,ch06
550,True,tracker,550,550,3.0,3.0,0.5467170269506763,0.6398825286390725,True,mass_volume_step,Pos84,ch06
576,True,tracker,576,576,3.0,3.0,0.5778725577937759,0.5839657318288395,True,mass_volume_step,Pos84,ch06
606,True,tracker,606,606,3.0,3.0,0.5026760412597423,0.5177892224775205,True,mass_volume_step,Pos84,ch06
627,True,tracker,627,627,3.0,3.0,0.5690808755540859,0.5624190965010086,True,mass_volume_step,Pos84,ch06
653,True,tracker,653,653,3.0,3.0,0.5445339592923083,0.5715508867183726,True,mass_volume_step,Pos84,ch06
675,True,tracker,675,675,3.0,3.0,0.5204917264908014,0.5051486400335636,True,mass_volume_step,Pos84,ch06
697,True,tracker,697,697,3.0,3.0,0.5422606868570523,0.569106735017123,True,mass_volume_step,Pos84,ch06
722,True,tracker,722,722,3.0,3.0,0.5266948033673436,0.6106593578249389,True,mass_volume_step,Pos84,ch06
751,True,tracker,751,751,3.0,3.0,0.5483770748872585,0.5687319693820653,True,mass_volume_step,Pos84,ch06
781,True,tracker,781,781,3.0,3.0,0.5291384102760545,0.5434574366189906,True,mass_volume_step,Pos84,ch06
806,True,tracker,806,806,3.0,3.0,0.5453839979574369,0.5426623171529051,True,mass_volume_step,Pos84,ch06
827,True,tracker,827,827,3.0,3.0,0.5330883839740013,0.5056053331146844,True,mass_volume_step,Pos84,ch06
855,True,tracker,855,855,3.0,3.0,0.4905053602760391,0.5080385487601135,True,mass_volume_step,Pos84,ch06
879,True,tracker,879,879,3.0,3.0,0.5189294492407259,0.4984629269142858,True,mass_volume_step,Pos84,ch06
903,False,recovered,902,903,,,0.5330580461139851,0.5930331338818551,True,persistent_step_between_good_measurements,Pos84,ch06
924,True,tracker,924,924,3.0,3.0,0.48288556396578936,0.4616991319266285,True,mass_volume_step,Pos84,ch06
956,True,tracker,956,956,3.0,3.0,0.5248277885954343,0.5295387986832238,True,mass_volume_step,Pos84,ch06
979,True,tracker,979,979,3.0,3.0,0.5274659873975724,0.534659569999233,True,mass_volume_step,Pos84,ch06
1003,True,tracker,1003,1003,3.0,3.0,0.5296756461182252,0.5440149636282376,True,mass_volume_step,Pos84,ch06
1029,False,recovered,1028,1029,,,0.533708028161863,0.5315232720994175,True,persistent_step_between_good_measurements,Pos84,ch06
1056,True,tracker,1056,1056,3.0,3.0,0.5210976445467035,0.5117152930688188,True,mass_volume_step,Pos84,ch06
1081,True,tracker,1081,1081,3.0,3.0,0.5447958502382325,0.5682238962215878,True,mass_volume_step,Pos84,ch06
1111,True,tracker,1111,1111,3.0,3.0,0.514065821283291,0.5529108715645228,True,mass_volume_step,Pos84,ch06
1137,True,tracker,1137,1137,3.0,3.0,0.5082701965297312,0.5345120005792231,True,mass_volume_step,Pos84,ch06
1164,True,tracker,1164,1164,3.0,3.0,0.53290816112369,0.5817593687856791,True,mass_volume_step,Pos84,ch06
1186,True,tracker,1186,1186,3.0,3.0,0.49217719568970747,0.4622448252768803,True,mass_volume_step,Pos84,ch06
19,True,tracker,19,19,3.0,3.0,0.5226436560782479,0.49450695345231754,True,mass_volume_step,Pos84,ch10
42,True,tracker,42,42,3.0,3.0,0.5150717651254267,0.512586849614178,True,mass_volume_step,Pos84,ch10
67,True,tracker,67,67,3.0,3.0,0.5200590873999537,0.5186365516645122,True,mass_volume_step,Pos84,ch10
93,True,tracker,93,93,3.0,3.0,0.5471715741776817,0.5314248789732229,True,mass_volume_step,Pos84,ch10
119,True,tracker,119,119,3.0,3.0,0.5013633951182835,0.5170786706897098,True,mass_volume_step,Pos84,ch10
146,True,tracker,146,146,3.0,3.0,0.5350556345877099,0.504882641379044,True,mass_volume_step,Pos84,ch10
171,True,tracker,171,171,3.0,3.0,0.5156785046790892,0.5145183885838029,True,mass_volume_step,Pos84,ch10
192,True,tracker,192,192,3.0,3.0,0.5126698439655483,0.5398478351948438,True,mass_volume_step,Pos84,ch10
225,True,tracker,225,225,3.0,3.0,0.5142826403072567,0.49129347365308235,True,mass_volume_step,Pos84,ch10
243,False,tracker,243,243,3.0,3.0,1.1685577729181342,1.2596370176971983,False,no_supported_step,Pos84,ch10
251,True,tracker,251,251,3.0,3.0,0.5168691836870932,0.48816810387014026,True,mass_volume_step,Pos84,ch10
279,True,tracker,279,279,3.0,3.0,0.5079532939715039,0.5018261814454981,True,mass_volume_step,Pos84,ch10
300,True,tracker,300,300,3.0,3.0,0.5043909182799238,0.4965175196034288,True,mass_volume_step,Pos84,ch10
334,True,tracker,334,334,3.0,3.0,0.49374856996915145,0.48719106231567283,True,mass_volume_step,Pos84,ch10
357,True,tracker,357,357,3.0,3.0,0.5157032334823328,0.48585439995374335,True,mass_volume_step,Pos84,ch10
383,True,tracker,383,383,3.0,3.0,0.48405388785543857,0.4959278239698341,True,mass_volume_step,Pos84,ch10
406,True,tracker,406,406,3.0,3.0,0.5343066777193235,0.5591330888545863,True,mass_volume_step,Pos84,ch10
438,True,tracker,438,438,3.0,3.0,0.47675169137522316,0.49239109309426254,True,mass_volume_step,Pos84,ch10
464,True,tracker,464,464,3.0,3.0,0.5423853648117405,0.5484865615622156,True,mass_volume_step,Pos84,ch10
486,True,tracker,486,486,3.0,3.0,0.5234718470096574,0.5451077024970074,True,mass_volume_step,Pos84,ch10
508,True,tracker,508,508,3.0,3.0,0.4881656097628237,0.5072569084246626,True,mass_volume_step,Pos84,ch10
534,True,tracker,534,534,3.0,3.0,0.5022825353908231,0.5195732375306764,True,mass_volume_step,Pos84,ch10
558,True,tracker,558,558,3.0,3.0,0.5274711685347117,0.5637178890714981,True,mass_volume_step,Pos84,ch10
581,True,tracker,581,581,3.0,3.0,0.5052553842844821,0.5254726166123987,True,mass_volume_step,Pos84,ch10
607,True,tracker,607,607,3.0,3.0,0.5156106141311675,0.5370720909095907,True,mass_volume_step,Pos84,ch10
633,True,tracker,633,633,3.0,3.0,0.5111599718270472,0.5727170772246273,True,mass_volume_step,Pos84,ch10
661,True,tracker,661,661,3.0,3.0,0.5144777812289745,0.5193718875835304,True,mass_volume_step,Pos84,ch10
683,True,tracker,683,683,3.0,3.0,0.5492811649627346,0.5577486071028667,True,mass_volume_step,Pos84,ch10
705,True,tracker,705,705,3.0,3.0,0.4991780789058115,0.5054500763252742,True,mass_volume_step,Pos84,ch10
729,True,tracker,729,729,3.0,3.0,0.5089259044885326,0.5357846481320672,True,mass_volume_step,Pos84,ch10
753,True,tracker,753,753,3.0,3.0,0.552013201335499,0.5351018335220341,True,mass_volume_step,Pos84,ch10
785,True,tracker,785,785,3.0,3.0,0.48253612960960246,0.49000572444747803,True,mass_volume_step,Pos84,ch10
807,True,tracker,807,807,3.0,3.0,0.5442840209246901,0.5499976163378956,True,mass_volume_step,Pos84,ch10
831,True,tracker,831,831,3.0,3.0,0.48446259856366075,0.45711787029416795,True,mass_volume_step,Pos84,ch10
857,True,tracker,857,857,3.0,3.0,0.5486767800868876,0.5289042905359862,True,mass_volume_step,Pos84,ch10
882,True,tracker,882,882,3.0,3.0,0.49876509484679543,0.5172147289795155,True,mass_volume_step,Pos84,ch10
906,True,tracker,906,906,3.0,3.0,0.5599779636794802,0.5343484846441109,True,mass_volume_step,Pos84,ch10
937,True,tracker,937,937,3.0,3.0,0.5007926642345725,0.49087376739129707,True,mass_volume_step,Pos84,ch10
969,True,tracker,969,969,3.0,3.0,0.49412797145799975,0.5338763738610997,True,mass_volume_step,Pos84,ch10
995,True,tracker,995,995,3.0,3.0,0.5371010354914951,0.5931313988334652,True,mass_volume_step,Pos84,ch10
1014,True,tracker,1014,1014,3.0,3.0,0.4976314196816227,0.4686779361672786,True,mass_volume_step,Pos84,ch10
1042,True,tracker,1042,1042,3.0,3.0,0.5388928967460915,0.5328171121064845,True,mass_volume_step,Pos84,ch10
1065,True,tracker,1065,1065,3.0,3.0,0.5328774953874081,0.5242610172342169,True,mass_volume_step,Pos84,ch10
1081,True,tracker,1081,1081,3.0,3.0,1.1607166189306801,1.2787713691164861,False,no_supported_step,Pos84,ch10
1086,False,tracker,1086,1086,3.0,3.0,1.2129800223316278,1.118556839377567,False,no_supported_step,Pos84,ch10
1091,False,recovered,1090,1091,,,0.5276345658485391,0.5130851323415716,True,persistent_step_between_good_measurements,Pos84,ch10
1107,False,tracker,1107,1107,3.0,3.0,1.1716807850373228,1.2014904751839717,False,no_supported_step,Pos84,ch10
1116,True,tracker,1116,1116,3.0,3.0,0.5056180899868923,0.4962100270901057,True,mass_volume_step,Pos84,ch10
1141,True,tracker,1141,1141,3.0,3.0,0.5147805631054236,0.5004449724864527,True,mass_volume_step,Pos84,ch10
1173,True,tracker,1173,1173,3.0,3.0,0.5017933116574663,0.5323586178727481,True,mass_volume_step,Pos84,ch10
1193,True,tracker,1193,1193,3.0,3.0,0.5077854343755226,0.5216791731742138,True,mass_volume_step,Pos84,ch10
17,True,tracker,17,17,3.0,3.0,0.5603805961497109,0.5363684984043963,True,mass_volume_step,Pos85,ch00
42,True,tracker,42,42,3.0,3.0,0.5809226206603517,0.5584322280917645,True,mass_volume_step,Pos85,ch00
66,True,tracker,66,66,3.0,3.0,0.5324292126887945,0.5258955742125944,True,mass_volume_step,Pos85,ch00
90,True,tracker,90,90,3.0,3.0,0.5381352516825856,0.4966222544063146,True,mass_volume_step,Pos85,ch00
116,True,tracker,116,116,3.0,3.0,0.5248296670021282,0.48438422922975866,True,mass_volume_step,Pos85,ch00
137,True,tracker,137,137,3.0,3.0,0.5757613860953739,0.5658376892970772,True,mass_volume_step,Pos85,ch00
162,True,tracker,162,162,3.0,3.0,0.5249485106137255,0.5308575534812915,True,mass_volume_step,Pos85,ch00
193,True,tracker,193,193,3.0,3.0,0.5579026715828841,0.5749798926108017,True,mass_volume_step,Pos85,ch00
221,True,tracker,221,221,3.0,3.0,0.5640016232150338,0.5301020301889201,True,mass_volume_step,Pos85,ch00
244,True,tracker,244,244,3.0,3.0,0.5314683526840874,0.48830516628741283,True,mass_volume_step,Pos85,ch00
269,True,tracker,269,269,3.0,3.0,0.5706955673346907,0.5608947143296293,True,mass_volume_step,Pos85,ch00
292,True,tracker,292,292,3.0,3.0,0.5262335069867778,0.5388595647984167,True,mass_volume_step,Pos85,ch00
319,True,tracker,319,319,3.0,3.0,0.5505069044778497,0.5369241038950887,True,mass_volume_step,Pos85,ch00
345,True,tracker,345,345,3.0,3.0,0.5590487716952749,0.5681009762808155,True,mass_volume_step,Pos85,ch00
366,True,tracker,366,366,3.0,3.0,0.5345254765654737,0.5486047750644572,True,mass_volume_step,Pos85,ch00
411,True,tracker,411,411,3.0,3.0,0.48219153240286766,0.4271466558484514,True,mass_volume_step,Pos85,ch00
980,False,recovered,980,980,,,0.5664093578355099,0.7398461306965444,True,persistent_step_between_good_measurements,Pos85,ch00
21,True,tracker,21,21,3.0,3.0,0.5107080122701386,0.568531227567182,True,mass_volume_step,Pos85,ch07
39,True,tracker,39,39,3.0,3.0,0.5254569870422726,0.5546724956954585,True,mass_volume_step,Pos85,ch07
64,True,tracker,64,64,3.0,3.0,0.496396099804206,0.5340704547668543,True,mass_volume_step,Pos85,ch07
92,True,tracker,92,92,3.0,3.0,0.507887841141969,0.5363575758740189,True,mass_volume_step,Pos85,ch07
115,True,tracker,115,115,3.0,3.0,0.5207975425131354,0.5296257147451602,True,mass_volume_step,Pos85,ch07
138,True,tracker,138,138,3.0,3.0,0.5125387280416648,0.5154805146891809,True,mass_volume_step,Pos85,ch07
158,True,tracker,158,158,3.0,3.0,0.5215029632207477,0.5886909398921517,True,mass_volume_step,Pos85,ch07
186,True,tracker,186,186,3.0,3.0,0.4557945066780709,0.46788793349308877,True,mass_volume_step,Pos85,ch07
210,True,tracker,210,210,3.0,3.0,0.48738540585884826,0.5081943105663893,True,mass_volume_step,Pos85,ch07
236,True,tracker,236,236,3.0,3.0,0.4881364201519793,0.5263179252073964,True,mass_volume_step,Pos85,ch07
262,True,tracker,262,262,3.0,3.0,0.4752279141575525,0.5348363465667516,True,mass_volume_step,Pos85,ch07
285,True,tracker,285,285,3.0,3.0,0.49727971309145763,0.5070639488985889,True,mass_volume_step,Pos85,ch07
306,True,tracker,306,306,3.0,3.0,0.5109373791867415,0.5584317161944806,True,mass_volume_step,Pos85,ch07
330,True,tracker,330,330,3.0,3.0,0.5197670325157803,0.5539683977865945,True,mass_volume_step,Pos85,ch07
361,True,tracker,361,361,3.0,3.0,0.47114915976808525,0.5010519847718327,True,mass_volume_step,Pos85,ch07
385,True,tracker,385,385,3.0,3.0,0.5002973933894613,0.49601370676227646,True,mass_volume_step,Pos85,ch07
406,True,tracker,406,406,3.0,3.0,0.4930119848192199,0.4846565323967734,True,mass_volume_step,Pos85,ch07
435,True,tracker,435,435,3.0,3.0,0.4841699589815531,0.5282116241062719,True,mass_volume_step,Pos85,ch07
458,True,tracker,458,458,3.0,3.0,0.49260776503787473,0.5388607094261534,True,mass_volume_step,Pos85,ch07
479,True,tracker,479,479,3.0,3.0,0.460423649802325,0.4718179111806177,True,mass_volume_step,Pos85,ch07
512,True,tracker,512,512,3.0,3.0,0.4803522745848082,0.5072341629331482,True,mass_volume_step,Pos85,ch07
535,True,tracker,535,535,3.0,3.0,0.5394071172555439,0.5629512400911318,True,mass_volume_step,Pos85,ch07
557,True,tracker,557,557,3.0,3.0,0.45694435146246026,0.4427116644651622,True,mass_volume_step,Pos85,ch07
585,True,tracker,585,585,3.0,3.0,0.5121246283555537,0.5284666442864204,True,mass_volume_step,Pos85,ch07
605,True,tracker,605,605,3.0,3.0,0.502319344511295,0.5036910070769064,True,mass_volume_step,Pos85,ch07
629,True,tracker,629,629,3.0,3.0,0.450017887575625,0.4554375323276149,True,mass_volume_step,Pos85,ch07
661,True,tracker,661,661,3.0,3.0,0.4881362573658012,0.5237905709439229,True,mass_volume_step,Pos85,ch07
686,True,tracker,686,686,3.0,3.0,0.49976438009759727,0.5392759955456081,True,mass_volume_step,Pos85,ch07
705,True,tracker,705,705,3.0,3.0,0.4808438038266675,0.5017028024528051,True,mass_volume_step,Pos85,ch07
730,True,tracker,730,730,3.0,3.0,0.4624133426448375,0.46342734130556695,True,mass_volume_step,Pos85,ch07
758,True,tracker,758,758,3.0,3.0,0.4938604224569652,0.581391799110987,True,mass_volume_step,Pos85,ch07
783,True,tracker,783,783,3.0,3.0,0.48941860722963315,0.5199882643072318,True,mass_volume_step,Pos85,ch07
808,True,tracker,808,808,3.0,3.0,0.4927819118219054,0.49877183145205356,True,mass_volume_step,Pos85,ch07
832,True,tracker,832,832,3.0,3.0,0.4720895908176527,0.5338168803677718,True,mass_volume_step,Pos85,ch07
858,True,tracker,858,858,3.0,3.0,0.45402594627707715,0.4890623340792797,True,mass_volume_step,Pos85,ch07
883,True,tracker,883,883,3.0,3.0,0.4855789627243724,0.5329129632590479,True,mass_volume_step,Pos85,ch07
914,True,tracker,914,914,3.0,3.0,0.4730076264768311,0.4889396678696066,True,mass_volume_step,Pos85,ch07
939,True,tracker,939,939,3.0,3.0,0.4758817625107194,0.5314396287161788,True,mass_volume_step,Pos85,ch07
962,True,tracker,962,962,3.0,3.0,0.45656187749259997,0.5090394045837147,True,mass_volume_step,Pos85,ch07
992,False,recovered,991,992,,,0.47072984284341113,0.486571383939033,True,persistent_step_between_good_measurements,Pos85,ch07
1012,True,tracker,1012,1012,3.0,3.0,0.4241367458607892,0.4635626680437425,True,mass_volume_step,Pos85,ch07
1040,True,tracker,1040,1040,3.0,3.0,0.48393881152039303,0.5180093649300865,True,mass_volume_step,Pos85,ch07
1066,True,tracker,1066,1066,3.0,3.0,0.4430903224677862,0.4690309162839951,True,mass_volume_step,Pos85,ch07
1081,False,tracker,1081,1081,3.0,1.0,,,False,insufficient_good_points,Pos85,ch07
8,True,tracker,8,8,3.0,3.0,0.4978582217402949,0.5530604058833593,True,mass_volume_step,Pos85,ch09
33,True,tracker,33,33,3.0,3.0,0.47272215117254507,0.5179564351968171,True,mass_volume_step,Pos85,ch09
56,True,tracker,56,56,3.0,3.0,0.5171164875526882,0.5557097810769562,True,mass_volume_step,Pos85,ch09
79,True,tracker,79,79,3.0,3.0,0.4851872547715155,0.5152102356491711,True,mass_volume_step,Pos85,ch09
102,True,tracker,102,102,3.0,3.0,0.5000749099586282,0.5454868472214904,True,mass_volume_step,Pos85,ch09
126,True,tracker,126,126,3.0,3.0,0.4942723882558865,0.5253751816193235,True,mass_volume_step,Pos85,ch09
147,True,tracker,147,147,3.0,3.0,0.4715204402674102,0.4777578032731233,True,mass_volume_step,Pos85,ch09
177,True,tracker,177,177,3.0,3.0,0.4749899542263607,0.49417956039488187,True,mass_volume_step,Pos85,ch09
200,True,tracker,200,200,3.0,3.0,0.4852277142147788,0.5725943587681623,True,mass_volume_step,Pos85,ch09
214,True,tracker,214,214,3.0,3.0,1.2278587402116097,1.1376086634076912,False,no_supported_step,Pos85,ch09
224,True,tracker,224,224,3.0,3.0,0.4710370422635199,0.5100035547466801,True,mass_volume_step,Pos85,ch09
254,True,tracker,254,254,3.0,3.0,0.47611456664214286,0.5200715064091914,True,mass_volume_step,Pos85,ch09
276,True,tracker,276,276,3.0,3.0,0.45945403759170156,0.4597590150002167,True,mass_volume_step,Pos85,ch09
299,True,tracker,299,299,3.0,3.0,0.4458159481859389,0.5112252817891187,True,mass_volume_step,Pos85,ch09
314,False,tracker,314,314,3.0,3.0,1.1827856287307086,1.16453027983043,False,no_supported_step,Pos85,ch09
325,True,tracker,325,325,3.0,3.0,0.45447569572392,0.5038932385650042,True,mass_volume_step,Pos85,ch09
356,True,tracker,356,356,3.0,3.0,0.5068299096427081,0.5280134087781811,True,mass_volume_step,Pos85,ch09
378,True,tracker,378,378,3.0,3.0,0.4700568401445941,0.5606885977276329,True,mass_volume_step,Pos85,ch09
403,True,tracker,403,403,3.0,3.0,0.44368987731558085,0.4848157775206083,True,mass_volume_step,Pos85,ch09
429,True,tracker,429,429,3.0,3.0,0.4274015574547654,0.45708774869375574,True,mass_volume_step,Pos85,ch09
446,False,tracker,446,446,3.0,0.0,,,False,insufficient_good_points,Pos85,ch09
449,True,tracker,449,449,0.0,1.0,,,False,insufficient_good_points,Pos85,ch09
451,False,tracker,451,451,0.0,3.0,,,False,insufficient_good_points,Pos85,ch09
453,False,tracker,453,453,0.0,3.0,,,False,insufficient_good_points,Pos85,ch09
455,False,tracker,455,455,0.0,3.0,,,False,insufficient_good_points,Pos85,ch09
457,True,tracker,457,457,0.0,3.0,,,False,insufficient_good_points,Pos85,ch09
485,True,tracker,485,485,3.0,3.0,0.43357944954323924,0.4936988999539702,True,mass_volume_step,Pos85,ch09
511,True,tracker,511,511,3.0,3.0,0.43546112425780176,0.47780091295254556,True,mass_volume_step,Pos85,ch09
528,False,tracker,528,528,3.0,3.0,1.1714722315818817,1.1912198521163042,False,no_supported_step,Pos85,ch09
532,False,tracker,532,532,3.0,3.0,1.1457161560809401,1.1308054380041306,False,no_supported_step,Pos85,ch09
538,True,tracker,538,538,3.0,3.0,0.43399496617175054,0.4570002503124726,True,mass_volume_step,Pos85,ch09
556,True,tracker,556,556,3.0,3.0,1.3942619384604735,1.4255452860102211,False,no_supported_step,Pos85,ch09
559,True,tracker,559,559,1.0,3.0,,,False,insufficient_good_points,Pos85,ch09
569,True,tracker,569,569,3.0,3.0,0.5032418074767473,0.5150268524170108,True,mass_volume_step,Pos85,ch09
592,True,tracker,592,592,3.0,3.0,0.504376735304974,0.5616797704464963,True,mass_volume_step,Pos85,ch09
616,True,tracker,616,616,3.0,3.0,0.5030109174028786,0.5358616202141899,True,mass_volume_step,Pos85,ch09
639,True,tracker,639,639,3.0,3.0,0.5215186252164986,0.5608685875937477,True,mass_volume_step,Pos85,ch09
665,True,tracker,665,665,3.0,3.0,0.5308592406095977,0.5945797894412456,True,mass_volume_step,Pos85,ch09
686,True,tracker,686,686,3.0,3.0,0.48090020542974765,0.5324348252181219,True,mass_volume_step,Pos85,ch09
708,True,tracker,708,708,3.0,3.0,0.4297026821710664,0.4839756520148981,True,mass_volume_step,Pos85,ch09
737,True,tracker,737,737,3.0,3.0,0.4798388494208112,0.5371199756808024,True,mass_volume_step,Pos85,ch09
765,True,tracker,765,765,3.0,3.0,0.4945884036639923,0.5506624437422116,True,mass_volume_step,Pos85,ch09
792,True,tracker,792,792,3.0,3.0,0.48845532076123865,0.5653654299353252,True,mass_volume_step,Pos85,ch09
817,True,tracker,817,817,3.0,3.0,0.4899943709918446,0.5535113092467516,True,mass_volume_step,Pos85,ch09
846,True,tracker,846,846,3.0,3.0,0.47529990918645076,0.52406753797176,True,mass_volume_step,Pos85,ch09
873,True,tracker,873,873,3.0,3.0,0.4877789871085428,0.572164566030686,True,mass_volume_step,Pos85,ch09
900,True,tracker,900,900,3.0,3.0,0.49827862772994636,0.5459346186237496,True,mass_volume_step,Pos85,ch09
924,True,tracker,924,924,3.0,3.0,0.48474828581214885,0.5646901878195612,True,mass_volume_step,Pos85,ch09
951,True,tracker,951,951,3.0,3.0,0.5040374692254888,0.5497527825772824,True,mass_volume_step,Pos85,ch09
973,True,tracker,973,973,3.0,3.0,0.5148301722700922,0.5479728957225297,True,mass_volume_step,Pos85,ch09
994,True,tracker,994,994,3.0,3.0,0.5177257090162005,0.5188310216462223,True,mass_volume_step,Pos85,ch09
1021,True,tracker,1021,1021,3.0,3.0,0.46076421848390575,0.501282510841974,True,mass_volume_step,Pos85,ch09
1048,True,tracker,1048,1048,3.0,3.0,0.46500023112776157,0.5012768799012732,True,mass_volume_step,Pos85,ch09
1075,True,tracker,1075,1075,3.0,3.0,0.5366246535075802,0.6001700510849953,True,mass_volume_step,Pos85,ch09
1100,True,tracker,1100,1100,3.0,3.0,0.4796155671253751,0.5153495026982596,True,mass_volume_step,Pos85,ch09
1131,True,tracker,1131,1131,3.0,3.0,0.48375706942150476,0.5262681395202047,True,mass_volume_step,Pos85,ch09
1153,True,tracker,1153,1153,3.0,3.0,0.5213544948808272,0.570615157521774,True,mass_volume_step,Pos85,ch09
1181,True,tracker,1181,1181,3.0,3.0,0.48422978273989137,0.5420834229892263,True,mass_volume_step,Pos85,ch09
25,True,tracker,25,25,3.0,3.0,0.523672344650768,0.47876066033201353,True,mass_volume_step,Pos86,ch00
51,True,tracker,51,51,3.0,3.0,0.5747584128783894,0.6150119422710325,True,mass_volume_step,Pos86,ch00
79,True,tracker,79,79,3.0,3.0,0.5546113909170922,0.5458845363355292,True,mass_volume_step,Pos86,ch00
102,True,tracker,102,102,3.0,3.0,0.5755173348316648,0.5565624432688597,True,mass_volume_step,Pos86,ch00
125,True,tracker,125,125,3.0,3.0,0.5276799831426369,0.5318241392863751,True,mass_volume_step,Pos86,ch00
151,True,tracker,151,151,3.0,3.0,0.5723614081116493,0.5110797123622551,True,mass_volume_step,Pos86,ch00
181,True,tracker,181,181,3.0,3.0,0.5888458706935067,0.5272580731565545,True,mass_volume_step,Pos86,ch00
204,True,tracker,204,204,3.0,3.0,0.564203483383762,0.5856094367325437,True,mass_volume_step,Pos86,ch00
231,True,tracker,231,231,3.0,3.0,0.5638376162283736,0.5536706790817755,True,mass_volume_step,Pos86,ch00
257,True,tracker,257,257,3.0,3.0,0.5744287218558376,0.5288699303411039,True,mass_volume_step,Pos86,ch00
281,True,tracker,281,281,3.0,3.0,0.5468877319649411,0.5531515041646752,True,mass_volume_step,Pos86,ch00
306,True,tracker,306,306,3.0,3.0,0.5731186239328171,0.5639052377164657,True,mass_volume_step,Pos86,ch00
332,True,tracker,332,332,3.0,3.0,0.5389546929277376,0.5043345319198034,True,mass_volume_step,Pos86,ch00
354,True,tracker,354,354,3.0,3.0,0.6009104170517838,0.5771170992989821,True,mass_volume_step,Pos86,ch00
379,True,tracker,379,379,3.0,3.0,0.5205070896718981,0.48348459441671254,True,mass_volume_step,Pos86,ch00
399,True,tracker,399,399,3.0,3.0,0.5389115223476831,0.5673840742913177,True,mass_volume_step,Pos86,ch00
427,True,tracker,427,427,3.0,3.0,0.5499560720570178,0.5360832393833301,True,mass_volume_step,Pos86,ch00
453,True,tracker,453,453,3.0,3.0,0.5016651138482133,0.5037493737970402,True,mass_volume_step,Pos86,ch00
482,True,tracker,482,482,3.0,3.0,0.5082609643447011,0.4736989735517143,True,mass_volume_step,Pos86,ch00
513,True,tracker,513,513,3.0,3.0,0.5391059043437437,0.5055155099383084,True,mass_volume_step,Pos86,ch00
536,True,tracker,536,536,3.0,3.0,0.5328673356102873,0.5507354130645983,True,mass_volume_step,Pos86,ch00
561,True,tracker,561,561,3.0,3.0,0.5262616755298879,0.47556226180322225,True,mass_volume_step,Pos86,ch00
590,True,tracker,590,590,3.0,3.0,0.5447368634535591,0.4678248964188456,True,mass_volume_step,Pos86,ch00
608,True,tracker,608,608,3.0,3.0,0.5383055774953174,0.5550006129136088,True,mass_volume_step,Pos86,ch00
635,True,tracker,635,635,3.0,3.0,0.539987669859095,0.5074642486857448,True,mass_volume_step,Pos86,ch00
660,True,tracker,660,660,3.0,3.0,0.5211865907701299,0.45688837673149313,True,mass_volume_step,Pos86,ch00
692,True,tracker,692,692,3.0,3.0,0.5281131094382451,0.4829885264255655,True,mass_volume_step,Pos86,ch00
719,True,tracker,719,719,3.0,3.0,0.538362866287155,0.5128806768404828,True,mass_volume_step,Pos86,ch00
754,True,tracker,754,754,3.0,3.0,0.5633104623430518,0.5110784187889662,True,mass_volume_step,Pos86,ch00
777,True,tracker,777,777,3.0,3.0,0.609377770547577,0.5838106063803877,True,mass_volume_step,Pos86,ch00
805,True,tracker,805,805,3.0,3.0,0.5637008505058673,0.5168061097282949,True,mass_volume_step,Pos86,ch00
825,True,tracker,825,825,3.0,3.0,0.5393896473791594,0.4875867877426916,True,mass_volume_step,Pos86,ch00
845,True,tracker,845,845,3.0,3.0,0.5312183504310299,0.4895628649255018,True,mass_volume_step,Pos86,ch00
874,True,tracker,874,874,3.0,3.0,0.5610268764406844,0.5347990555439633,True,mass_volume_step,Pos86,ch00
897,True,tracker,897,897,3.0,3.0,1.1682782531841176,1.144265858156805,False,no_supported_step,Pos86,ch00
903,True,tracker,903,903,3.0,3.0,0.5934813630611838,0.5475225062400229,True,mass_volume_step,Pos86,ch00
926,True,tracker,926,926,3.0,3.0,0.537764727181881,0.5260718832497283,True,mass_volume_step,Pos86,ch00
956,True,tracker,956,956,3.0,3.0,0.5994926637186949,0.6226742100678891,True,mass_volume_step,Pos86,ch00
983,False,recovered,982,983,,,0.5759966409505762,0.5709009689462916,True,persistent_step_between_good_measurements,Pos86,ch00
1005,True,tracker,1005,1005,3.0,3.0,0.5715583958337638,0.521040881747755,True,mass_volume_step,Pos86,ch00
1025,True,tracker,1025,1025,3.0,3.0,0.5419434840355044,0.5145061859234291,True,mass_volume_step,Pos86,ch00
1033,False,tracker,1033,1033,3.0,3.0,1.1497963225539587,1.2480295042372844,False,no_supported_step,Pos86,ch00
1050,True,tracker,1050,1050,3.0,3.0,0.5413499564681504,0.521878521126258,True,mass_volume_step,Pos86,ch00
1074,True,tracker,1074,1074,3.0,3.0,0.518632552426483,0.5257274608724901,True,mass_volume_step,Pos86,ch00
1100,True,tracker,1100,1100,3.0,3.0,0.5203959404229539,0.5230216094796133,True,mass_volume_step,Pos86,ch00
1117,False,tracker,1117,1117,3.0,3.0,1.1533227712855587,1.192090877463704,False,no_supported_step,Pos86,ch00
1131,True,tracker,1131,1131,3.0,3.0,0.5553054538465109,0.5053178904677869,True,mass_volume_step,Pos86,ch00
1157,True,tracker,1157,1157,3.0,3.0,0.5423451215160389,0.5246354972343622,True,mass_volume_step,Pos86,ch00
1188,False,recovered,1187,1188,,,0.5816223312683517,0.5560125551834688,True,persistent_step_between_good_measurements,Pos86,ch00
3,True,tracker,3,3,1.0,3.0,,,False,insufficient_good_points,Pos87,ch02
23,True,tracker,23,23,3.0,3.0,0.5277817446039212,0.5049307258720311,True,mass_volume_step,Pos87,ch02
53,True,tracker,53,53,3.0,3.0,0.5128100960044215,0.48912434569668795,True,mass_volume_step,Pos87,ch02
80,True,tracker,80,80,3.0,3.0,0.556040044886785,0.5412230560047987,True,mass_volume_step,Pos87,ch02
100,True,tracker,100,100,3.0,3.0,0.5262317838889713,0.4798792470307059,True,mass_volume_step,Pos87,ch02
124,True,tracker,124,124,3.0,3.0,0.5165531894766102,0.49664295335959346,True,mass_volume_step,Pos87,ch02
152,True,tracker,152,152,3.0,3.0,0.5113320689008792,0.48587812476460435,True,mass_volume_step,Pos87,ch02
176,True,tracker,176,176,3.0,3.0,0.4818951536995748,0.4854951427885134,True,mass_volume_step,Pos87,ch02
206,True,tracker,206,206,3.0,3.0,0.5261509875851137,0.516504798428385,True,mass_volume_step,Pos87,ch02
237,True,tracker,237,237,3.0,3.0,0.5210802103347252,0.48360542097321696,True,mass_volume_step,Pos87,ch02
261,True,tracker,261,261,3.0,3.0,0.5157450887021469,0.5298122126497193,True,mass_volume_step,Pos87,ch02
283,True,tracker,283,283,3.0,3.0,0.5161215964770777,0.4626539644675468,True,mass_volume_step,Pos87,ch02
312,True,tracker,312,312,3.0,3.0,0.530416230574431,0.5042785671080278,True,mass_volume_step,Pos87,ch02
335,True,tracker,335,335,3.0,3.0,0.5526832725680232,0.5442372093410854,True,mass_volume_step,Pos87,ch02
357,True,tracker,357,357,3.0,3.0,0.5443985862179102,0.5506015607946734,True,mass_volume_step,Pos87,ch02
382,True,tracker,382,382,3.0,3.0,0.5376900679864325,0.5077712103542819,True,mass_volume_step,Pos87,ch02
408,True,tracker,408,408,3.0,3.0,0.5101223115638005,0.501544530259252,True,mass_volume_step,Pos87,ch02
434,True,tracker,434,434,3.0,3.0,0.5399837280596256,0.5340428677432063,True,mass_volume_step,Pos87,ch02
460,True,tracker,460,460,3.0,3.0,0.5068425352998643,0.4885697382217316,True,mass_volume_step,Pos87,ch02
496,True,tracker,496,496,3.0,3.0,0.5509552528196192,0.5258403906638999,True,mass_volume_step,Pos87,ch02
512,True,tracker,512,512,3.0,3.0,0.5538637190578113,0.5419311252313296,True,mass_volume_step,Pos87,ch02
534,True,tracker,534,534,3.0,3.0,0.5310946122199188,0.5253105553751805,True,mass_volume_step,Pos87,ch02
560,True,tracker,560,560,3.0,3.0,0.518493912429057,0.49868568016696996,True,mass_volume_step,Pos87,ch02
588,True,tracker,588,588,3.0,3.0,0.5179264547202586,0.5040333347325449,True,mass_volume_step,Pos87,ch02
611,True,tracker,611,611,3.0,3.0,0.5424035344774806,0.5058554628696816,True,mass_volume_step,Pos87,ch02
635,True,tracker,635,635,3.0,3.0,0.5101601079559562,0.5022726150126858,True,mass_volume_step,Pos87,ch02
661,True,tracker,661,661,3.0,3.0,0.5180299696702898,0.5177685327616056,True,mass_volume_step,Pos87,ch02
684,True,tracker,684,684,3.0,3.0,0.5399566467448415,0.5436250344588922,True,mass_volume_step,Pos87,ch02
707,True,tracker,707,707,3.0,3.0,0.563788156879909,0.5909638722516295,True,mass_volume_step,Pos87,ch02
734,True,tracker,734,734,3.0,3.0,0.5494929194301802,0.5261520345649706,True,mass_volume_step,Pos87,ch02
757,True,tracker,757,757,3.0,3.0,0.5448188428532487,0.5272523492921651,True,mass_volume_step,Pos87,ch02
782,True,tracker,782,782,3.0,3.0,0.5454050563545872,0.5185982347297337,True,mass_volume_step,Pos87,ch02
813,True,tracker,813,813,3.0,3.0,0.5525217739043151,0.5290764237376807,True,mass_volume_step,Pos87,ch02
835,True,tracker,835,835,3.0,3.0,0.5191038783138137,0.5047726823965383,True,mass_volume_step,Pos87,ch02
859,True,tracker,859,859,3.0,3.0,0.5173895702238022,0.49624664008338826,True,mass_volume_step,Pos87,ch02
885,True,tracker,885,885,3.0,3.0,0.5304955910019863,0.5042837244382988,True,mass_volume_step,Pos87,ch02
909,True,tracker,909,909,3.0,3.0,0.5379168432328082,0.5392646897648141,True,mass_volume_step,Pos87,ch02
933,True,tracker,933,933,3.0,3.0,0.5392297377118073,0.5173503235132249,True,mass_volume_step,Pos87,ch02
954,True,tracker,954,954,3.0,3.0,0.5082887183361784,0.481363106406891,True,mass_volume_step,Pos87,ch02
982,True,tracker,982,982,3.0,3.0,0.5463112353348331,0.5296901280278715,True,mass_volume_step,Pos87,ch02
1004,True,tracker,1004,1004,3.0,3.0,0.49285986170332186,0.451416458485372,True,mass_volume_step,Pos87,ch02
1036,True,tracker,1036,1036,3.0,3.0,0.4851349382590403,0.4618123923837175,True,mass_volume_step,Pos87,ch02
1063,True,tracker,1063,1063,3.0,3.0,0.5301156554016876,0.519515278149099,True,mass_volume_step,Pos87,ch02
1092,True,tracker,1092,1092,3.0,3.0,0.5739099187023815,0.5765466676363944,True,mass_volume_step,Pos87,ch02
1116,True,tracker,1116,1116,3.0,3.0,0.5043425297299277,0.4784171629787462,True,mass_volume_step,Pos87,ch02
1146,False,recovered,1145,1146,,,0.5688098866146981,0.5567610617470105,True,persistent_step_between_good_measurements,Pos87,ch02
1175,True,tracker,1175,1175,3.0,3.0,0.5458428672596843,0.5515897797624916,True,mass_volume_step,Pos87,ch02
1201,True,tracker,1201,1201,3.0,2.0,0.5190465160987797,0.5047029847547504,True,mass_volume_step,Pos87,ch02
21,True,tracker,21,21,3.0,3.0,0.5200499236648081,0.536795086843039,True,mass_volume_step,Pos89,ch01
42,True,tracker,42,42,3.0,3.0,0.47982599805975906,0.5308427083590357,True,mass_volume_step,Pos89,ch01
67,True,tracker,67,67,3.0,3.0,0.4960114109320487,0.5174749458877869,True,mass_volume_step,Pos89,ch01
95,True,tracker,95,95,3.0,3.0,0.5031127191420944,0.5439430646007872,True,mass_volume_step,Pos89,ch01
118,True,tracker,118,118,3.0,3.0,0.4742256442883363,0.543849924867917,True,mass_volume_step,Pos89,ch01
141,True,tracker,141,141,3.0,3.0,0.45346179208420423,0.5080287776351976,True,mass_volume_step,Pos89,ch01
167,True,tracker,167,167,3.0,3.0,0.4294906984119617,0.45813828296274545,True,mass_volume_step,Pos89,ch01
192,True,tracker,192,192,3.0,3.0,0.4768527756035794,0.46958994365029216,True,mass_volume_step,Pos89,ch01
218,True,tracker,218,218,3.0,3.0,0.4649614744737712,0.5240931001406082,True,mass_volume_step,Pos89,ch01
248,True,tracker,248,248,3.0,3.0,0.46354155810571507,0.490882265911685,True,mass_volume_step,Pos89,ch01
273,True,tracker,273,273,3.0,3.0,0.511030837722356,0.5530775000167554,True,mass_volume_step,Pos89,ch01
293,True,tracker,293,293,3.0,3.0,0.47942109081068074,0.4839618974571184,True,mass_volume_step,Pos89,ch01
319,True,tracker,319,319,3.0,3.0,0.4841738567999647,0.4905165477000307,True,mass_volume_step,Pos89,ch01
345,True,tracker,345,345,3.0,3.0,0.44660476918488645,0.5048369113549688,True,mass_volume_step,Pos89,ch01
370,True,tracker,370,370,3.0,3.0,0.4548733333111853,0.5258702881785833,True,mass_volume_step,Pos89,ch01
389,False,tracker,389,389,3.0,3.0,1.2232048304933105,1.189883609404847,False,no_supported_step,Pos89,ch01
398,True,tracker,398,398,3.0,3.0,0.4629859815029148,0.49078368076239687,True,mass_volume_step,Pos89,ch01
423,True,tracker,423,423,3.0,3.0,0.4694788268341848,0.5148522317455555,True,mass_volume_step,Pos89,ch01
448,True,tracker,448,448,3.0,3.0,0.4734883415778499,0.5090894351911873,True,mass_volume_step,Pos89,ch01
473,True,tracker,473,473,3.0,3.0,0.46554382818513035,0.4749028476874926,True,mass_volume_step,Pos89,ch01
502,True,tracker,502,502,3.0,3.0,0.45849307533576134,0.47974570611413314,True,mass_volume_step,Pos89,ch01
526,True,tracker,526,526,3.0,3.0,0.49113981446859445,0.5431536163993917,True,mass_volume_step,Pos89,ch01
552,False,tracker,552,552,3.0,3.0,1.0946006873012382,1.0154218435563336,False,no_supported_step,Pos89,ch01
558,False,recovered,557,558,,,0.46836094323205074,0.5046312258782428,True,persistent_step_between_good_measurements,Pos89,ch01
580,True,tracker,580,580,3.0,3.0,0.4665640758571014,0.47838127610348,True,mass_volume_step,Pos89,ch01
605,True,tracker,605,605,3.0,3.0,0.4672088031822083,0.5197321922011989,True,mass_volume_step,Pos89,ch01
630,True,tracker,630,630,3.0,3.0,0.4806434498119839,0.5212551246033729,True,mass_volume_step,Pos89,ch01
654,True,tracker,654,654,3.0,3.0,0.47857939558347434,0.5117653896826786,True,mass_volume_step,Pos89,ch01
679,True,tracker,679,679,3.0,3.0,0.49626170411795506,0.5141667466654976,True,mass_volume_step,Pos89,ch01
704,True,tracker,704,704,3.0,3.0,0.49426944888947927,0.49308671895325906,True,mass_volume_step,Pos89,ch01
735,True,tracker,735,735,3.0,3.0,0.46854523548175386,0.46947286751826706,True,mass_volume_step,Pos89,ch01
781,True,tracker,781,781,3.0,3.0,0.412981866432068,0.44136575467713196,True,mass_volume_step,Pos89,ch01
825,False,tracker,825,825,3.0,3.0,1.09525837853411,1.0809817841283897,False,no_supported_step,Pos89,ch01
16,True,tracker,16,16,3.0,3.0,0.5131032981062871,0.5204711050366383,True,mass_volume_step,Pos89,ch02
40,True,tracker,40,40,3.0,3.0,0.5126024752213101,0.5269250017656859,True,mass_volume_step,Pos89,ch02
62,True,tracker,62,62,3.0,3.0,0.48951403662644644,0.48572971143753907,True,mass_volume_step,Pos89,ch02
89,True,tracker,89,89,3.0,3.0,0.5352754381254495,0.5320026317904507,True,mass_volume_step,Pos89,ch02
118,True,tracker,118,118,3.0,3.0,0.5471619718947501,0.5640982083280527,True,mass_volume_step,Pos89,ch02
140,True,tracker,140,140,3.0,3.0,0.5281866045082546,0.5512536423773807,True,mass_volume_step,Pos89,ch02
162,True,tracker,162,162,3.0,3.0,0.5182677744053604,0.5259920907353659,True,mass_volume_step,Pos89,ch02
187,True,tracker,187,187,3.0,3.0,0.49942666782097866,0.5659332405531988,True,mass_volume_step,Pos89,ch02
208,True,tracker,208,208,3.0,3.0,0.4915450448279856,0.48255101010108303,True,mass_volume_step,Pos89,ch02
240,True,tracker,240,240,3.0,3.0,0.5055298385494316,0.5194968606509436,True,mass_volume_step,Pos89,ch02
262,True,tracker,262,262,3.0,3.0,0.48309033147605906,0.4861867330043462,True,mass_volume_step,Pos89,ch02
292,True,tracker,292,292,3.0,3.0,0.49829474406703655,0.4551087091407905,True,mass_volume_step,Pos89,ch02
317,True,tracker,317,317,3.0,3.0,0.523142596242821,0.5136966247335976,True,mass_volume_step,Pos89,ch02
339,True,tracker,339,339,3.0,3.0,0.5357212199776059,0.5378824701276315,True,mass_volume_step,Pos89,ch02
362,True,tracker,362,362,3.0,3.0,0.4993662151779045,0.48213755652214935,True,mass_volume_step,Pos89,ch02
390,True,tracker,390,390,3.0,3.0,0.5780919340046391,0.5856058208863545,True,mass_volume_step,Pos89,ch02
410,True,tracker,410,410,3.0,3.0,0.5027057085664777,0.5234025774578567,True,mass_volume_step,Pos89,ch02
431,True,tracker,431,431,3.0,3.0,0.5075169576800885,0.5048364751520917,True,mass_volume_step,Pos89,ch02
456,True,tracker,456,456,3.0,3.0,0.4829665390449792,0.4894831462593604,True,mass_volume_step,Pos89,ch02
483,True,tracker,483,483,3.0,3.0,0.5224067919535087,0.531908546896677,True,mass_volume_step,Pos89,ch02
505,True,tracker,505,505,3.0,3.0,0.519665898004769,0.518843701090702,True,mass_volume_step,Pos89,ch02
530,True,tracker,530,530,3.0,3.0,0.4821371048528682,0.48595427476252334,True,mass_volume_step,Pos89,ch02
555,True,tracker,555,555,3.0,3.0,0.48929336131470397,0.4928938194267893,True,mass_volume_step,Pos89,ch02
583,True,tracker,583,583,3.0,3.0,0.5182820947046178,0.5095229684567971,True,mass_volume_step,Pos89,ch02
607,True,tracker,607,607,3.0,3.0,0.5212134547606844,0.5075418321461262,True,mass_volume_step,Pos89,ch02
633,True,tracker,633,633,3.0,3.0,0.49394060318513355,0.4838238060414984,True,mass_volume_step,Pos89,ch02
657,True,tracker,657,657,3.0,3.0,0.5240498462317179,0.475512681009834,True,mass_volume_step,Pos89,ch02
685,True,tracker,685,685,3.0,3.0,0.5083889117416102,0.4786608375582621,True,mass_volume_step,Pos89,ch02
708,True,tracker,708,708,3.0,3.0,0.5371470482385299,0.5349893044916171,True,mass_volume_step,Pos89,ch02
735,True,tracker,735,735,3.0,3.0,0.548090553605839,0.5538597210527261,True,mass_volume_step,Pos89,ch02
766,True,tracker,766,766,3.0,3.0,0.5238935536658628,0.5022138481132331,True,mass_volume_step,Pos89,ch02
783,True,tracker,783,783,3.0,3.0,0.5070532006521214,0.4861887418473631,True,mass_volume_step,Pos89,ch02
809,True,tracker,809,809,3.0,3.0,0.5173928717651063,0.504827235065156,True,mass_volume_step,Pos89,ch02
836,True,tracker,836,836,3.0,3.0,0.5206906920615237,0.53003433946818,True,mass_volume_step,Pos89,ch02
865,True,tracker,865,865,3.0,3.0,0.4969768407643651,0.48585204772752255,True,mass_volume_step,Pos89,ch02
889,True,tracker,889,889,3.0,3.0,0.4970842677520411,0.48718992106201137,True,mass_volume_step,Pos89,ch02
918,True,tracker,918,918,3.0,3.0,0.5005279717198798,0.48444123253181065,True,mass_volume_step,Pos89,ch02
943,True,tracker,943,943,3.0,3.0,0.5180111892118188,0.5183408084049427,True,mass_volume_step,Pos89,ch02
968,True,tracker,968,968,3.0,3.0,0.5444902946507223,0.5804995950185429,True,mass_volume_step,Pos89,ch02
990,True,tracker,990,990,3.0,3.0,0.5099509311426476,0.5105925172186812,True,mass_volume_step,Pos89,ch02
1013,True,tracker,1013,1013,3.0,3.0,0.49221389561518336,0.49634402429902513,True,mass_volume_step,Pos89,ch02
1035,True,tracker,1035,1035,3.0,3.0,0.5201739907601463,0.5129941118634623,True,mass_volume_step,Pos89,ch02
1060,True,tracker,1060,1060,3.0,3.0,0.5030929973029828,0.5016549892895494,True,mass_volume_step,Pos89,ch02
1089,True,tracker,1089,1089,3.0,3.0,0.521190948092985,0.48511467188023755,True,mass_volume_step,Pos89,ch02
1114,True,tracker,1114,1114,3.0,3.0,0.5307446803139673,0.5260399115194985,True,mass_volume_step,Pos89,ch02
1139,True,tracker,1139,1139,3.0,3.0,0.5048956953738136,0.5124574196730319,True,mass_volume_step,Pos89,ch02
1169,True,tracker,1169,1169,3.0,3.0,0.497227206310992,0.4998868176556622,True,mass_volume_step,Pos89,ch02
9,True,tracker,9,9,3.0,3.0,0.47533296552525345,0.5170777268699852,True,mass_volume_step,Pos89,ch04
34,True,tracker,34,34,3.0,3.0,0.5305494547723757,0.6073430072311818,True,mass_volume_step,Pos89,ch04
57,True,tracker,57,57,3.0,3.0,0.5475788192466969,0.6060338277666477,True,mass_volume_step,Pos89,ch04
81,True,tracker,81,81,3.0,3.0,0.49955908992598075,0.5388942236138649,True,mass_volume_step,Pos89,ch04
103,True,tracker,103,103,3.0,3.0,0.5101213171946705,0.49387332450148036,True,mass_volume_step,Pos89,ch04
128,True,tracker,128,128,3.0,3.0,0.5155838735981992,0.523086907694596,True,mass_volume_step,Pos89,ch04
154,True,tracker,154,154,3.0,3.0,0.520805818690423,0.5368915887997137,True,mass_volume_step,Pos89,ch04
183,True,tracker,183,183,3.0,3.0,0.49815257098262833,0.48218335061669176,True,mass_volume_step,Pos89,ch04
208,True,tracker,208,208,3.0,3.0,0.5305227037970079,0.5565707262408852,True,mass_volume_step,Pos89,ch04
236,True,tracker,236,236,3.0,3.0,0.5432953723588378,0.5405971580036542,True,mass_volume_step,Pos89,ch04
261,True,tracker,261,261,3.0,3.0,0.4904424526011096,0.47017834349572174,True,mass_volume_step,Pos89,ch04
284,True,tracker,284,284,3.0,3.0,0.5861503346341725,0.5755063081122525,True,mass_volume_step,Pos89,ch04
310,True,tracker,310,310,3.0,3.0,0.5402701551628565,0.5342969576301824,True,mass_volume_step,Pos89,ch04
331,True,tracker,331,331,3.0,3.0,0.5728846312334158,0.5382745074538207,True,mass_volume_step,Pos89,ch04
358,True,tracker,358,358,3.0,3.0,0.4946506494799348,0.49764284519138824,True,mass_volume_step,Pos89,ch04
381,True,tracker,381,381,3.0,3.0,0.5312322688732963,0.5164020084599679,True,mass_volume_step,Pos89,ch04
405,True,tracker,405,405,3.0,3.0,0.5392676577629733,0.5810568700926971,True,mass_volume_step,Pos89,ch04
428,True,tracker,428,428,3.0,3.0,0.5251148664605474,0.5088987313553123,True,mass_volume_step,Pos89,ch04
456,True,tracker,456,456,3.0,3.0,0.4931330744467058,0.5453857138879262,True,mass_volume_step,Pos89,ch04
477,True,tracker,477,477,3.0,3.0,0.5677879953754132,0.5877725344879406,True,mass_volume_step,Pos89,ch04
502,True,tracker,502,502,3.0,3.0,0.5557585620677431,0.5709378932947777,True,mass_volume_step,Pos89,ch04
526,True,tracker,526,526,3.0,3.0,0.5256098460915797,0.5494350735479601,True,mass_volume_step,Pos89,ch04
549,True,tracker,549,549,3.0,3.0,0.5348375986562994,0.560682166942818,True,mass_volume_step,Pos89,ch04
574,True,tracker,574,574,3.0,3.0,0.5220700232382822,0.5587239774448948,True,mass_volume_step,Pos89,ch04
598,True,tracker,598,598,3.0,3.0,0.520442436118411,0.5659397271883966,True,mass_volume_step,Pos89,ch04
618,True,tracker,618,618,3.0,3.0,0.50572791587809,0.5153722205869998,True,mass_volume_step,Pos89,ch04
640,True,tracker,640,640,3.0,3.0,0.5536773020816256,0.5173605773227661,True,mass_volume_step,Pos89,ch04
664,True,tracker,664,664,3.0,3.0,0.5406251769994604,0.5671778534618049,True,mass_volume_step,Pos89,ch04
690,True,tracker,690,690,3.0,3.0,0.491304270051483,0.5175972106091055,True,mass_volume_step,Pos89,ch04
711,True,tracker,711,711,3.0,3.0,0.5575789781836912,0.5256845715992067,True,mass_volume_step,Pos89,ch04
737,True,tracker,737,737,3.0,3.0,0.5385020949655621,0.535750601235988,True,mass_volume_step,Pos89,ch04
760,True,tracker,760,760,3.0,3.0,0.5701477836284287,0.5966806714477353,True,mass_volume_step,Pos89,ch04
782,True,tracker,782,782,3.0,3.0,0.5320232056563345,0.552702550267398,True,mass_volume_step,Pos89,ch04
808,True,tracker,808,808,3.0,3.0,0.48991920862069377,0.5346614538621907,True,mass_volume_step,Pos89,ch04
832,True,tracker,832,832,3.0,3.0,0.5359333941131291,0.54562926045605,True,mass_volume_step,Pos89,ch04
855,True,tracker,855,855,3.0,3.0,0.5341647982992628,0.535754948309415,True,mass_volume_step,Pos89,ch04
877,True,tracker,877,877,3.0,3.0,0.5162300894476828,0.49982430837150504,True,mass_volume_step,Pos89,ch04
908,True,tracker,908,908,3.0,3.0,0.5117303638905087,0.5564109213110064,True,mass_volume_step,Pos89,ch04
932,True,tracker,932,932,3.0,3.0,0.5225122932575751,0.5339295099703547,True,mass_volume_step,Pos89,ch04
956,True,tracker,956,956,3.0,3.0,0.5501035321448573,0.5009886119090879,True,mass_volume_step,Pos89,ch04
979,True,tracker,979,979,3.0,3.0,0.554974049000668,0.5825324148959515,True,mass_volume_step,Pos89,ch04
1005,True,tracker,1005,1005,3.0,3.0,0.523881425198001,0.5416820077008829,True,mass_volume_step,Pos89,ch04
1028,True,tracker,1028,1028,3.0,3.0,0.5701832130693419,0.5798926447241292,True,mass_volume_step,Pos89,ch04
1059,True,tracker,1059,1059,3.0,3.0,0.49958954315316223,0.5401347959950213,True,mass_volume_step,Pos89,ch04
19,True,tracker,19,19,3.0,3.0,0.4691152714763811,0.48172746631064883,True,mass_volume_step,Pos89,ch07
44,True,tracker,44,44,3.0,3.0,0.4937844854154653,0.5090935103005279,True,mass_volume_step,Pos89,ch07
67,True,tracker,67,67,3.0,3.0,0.5169631001959286,0.5110446830555616,True,mass_volume_step,Pos89,ch07
92,True,tracker,92,92,3.0,3.0,0.5082140404592119,0.531500475996672,True,mass_volume_step,Pos89,ch07
116,True,tracker,116,116,3.0,3.0,0.4710812609256159,0.5005951802484739,True,mass_volume_step,Pos89,ch07
144,True,tracker,144,144,3.0,3.0,0.47443591603853946,0.490148487160922,True,mass_volume_step,Pos89,ch07
173,True,tracker,173,173,3.0,3.0,0.4798512355532438,0.5166878032750385,True,mass_volume_step,Pos89,ch07
196,True,tracker,196,196,3.0,3.0,0.4872671626543522,0.5337735163726425,True,mass_volume_step,Pos89,ch07
225,False,recovered,224,225,,,0.5101013236219434,0.4961881776763228,True,persistent_step_between_good_measurements,Pos89,ch07
252,True,tracker,252,252,3.0,3.0,0.49127139163172473,0.49572718245268876,True,mass_volume_step,Pos89,ch07
276,True,tracker,276,276,3.0,3.0,0.48770649538473543,0.5099324660202531,True,mass_volume_step,Pos89,ch07
299,True,tracker,299,299,3.0,3.0,0.5156232885325409,0.5172685363485767,True,mass_volume_step,Pos89,ch07
325,True,tracker,325,325,3.0,3.0,0.4943035017535796,0.5277766526011164,True,mass_volume_step,Pos89,ch07
348,True,tracker,348,348,3.0,3.0,0.4859630823543227,0.5121487551624768,True,mass_volume_step,Pos89,ch07
371,True,tracker,371,371,3.0,3.0,0.47128561379818834,0.5041177300538855,True,mass_volume_step,Pos89,ch07
401,True,tracker,401,401,3.0,3.0,0.44856373468230776,0.48499397349452733,True,mass_volume_step,Pos89,ch07
425,True,tracker,425,425,3.0,3.0,0.5145205867038621,0.5197402601686233,True,mass_volume_step,Pos89,ch07
452,True,tracker,452,452,3.0,3.0,0.5076815166488828,0.5499276737863616,True,mass_volume_step,Pos89,ch07
477,True,tracker,477,477,3.0,3.0,0.46151992717828744,0.4651703051933533,True,mass_volume_step,Pos89,ch07
503,True,tracker,503,503,3.0,3.0,0.4713537446481246,0.5077001011501889,True,mass_volume_step,Pos89,ch07
532,True,tracker,532,532,3.0,3.0,0.5118603377313115,0.555023844676398,True,mass_volume_step,Pos89,ch07
567,True,tracker,567,567,3.0,3.0,0.5161332613846984,0.5511731958005759,True,mass_volume_step,Pos89,ch07
583,True,tracker,583,583,3.0,3.0,0.5084977060389928,0.5124559628727405,True,mass_volume_step,Pos89,ch07
606,True,tracker,606,606,3.0,3.0,0.5273458858935399,0.5841054891571276,True,mass_volume_step,Pos89,ch07
628,True,tracker,628,628,3.0,3.0,0.4860818981269149,0.5123663134886817,True,mass_volume_step,Pos89,ch07
653,True,tracker,653,653,3.0,3.0,0.5218863655889344,0.5527601118945136,True,mass_volume_step,Pos89,ch07
676,True,tracker,676,676,3.0,3.0,0.5208478660698417,0.5372066963576557,True,mass_volume_step,Pos89,ch07
708,True,tracker,708,708,3.0,3.0,0.46784082465731774,0.48944900801950375,True,mass_volume_step,Pos89,ch07
734,True,tracker,734,734,3.0,3.0,0.49582930493764527,0.5725438482532011,True,mass_volume_step,Pos89,ch07
758,True,tracker,758,758,3.0,3.0,0.5060781805061197,0.5408308931764427,True,mass_volume_step,Pos89,ch07
783,True,tracker,783,783,3.0,3.0,0.5078325086676241,0.5330445743931662,True,mass_volume_step,Pos89,ch07
802,True,tracker,802,802,3.0,3.0,0.556080206389108,0.5456736059157128,True,mass_volume_step,Pos89,ch07
834,True,tracker,834,834,3.0,3.0,0.49551034261300303,0.5165607083771009,True,mass_volume_step,Pos89,ch07
859,True,tracker,859,859,3.0,3.0,0.5065685769992758,0.5321198981323314,True,mass_volume_step,Pos89,ch07
883,True,tracker,883,883,3.0,3.0,0.5229431908681006,0.5217200953328887,True,mass_volume_step,Pos89,ch07
905,True,tracker,905,905,3.0,3.0,0.521906628518621,0.5776860481286163,True,mass_volume_step,Pos89,ch07
932,True,tracker,932,932,3.0,3.0,0.4902886256693168,0.521197973408461,True,mass_volume_step,Pos89,ch07
955,True,tracker,955,955,3.0,3.0,0.5018292907243952,0.5375409149740472,True,mass_volume_step,Pos89,ch07
987,True,tracker,987,987,3.0,3.0,0.4739821937448386,0.4799095185324736,True,mass_volume_step,Pos89,ch07
1009,True,tracker,1009,1009,3.0,3.0,0.5069044853342896,0.5261899550196714,True,mass_volume_step,Pos89,ch07
1037,True,tracker,1037,1037,3.0,3.0,0.47218703155108316,0.4844472214514461,True,mass_volume_step,Pos89,ch07
1064,True,tracker,1064,1064,3.0,3.0,0.4947133271665084,0.48116447674830365,True,mass_volume_step,Pos89,ch07
1090,True,tracker,1090,1090,3.0,3.0,0.49709523256472443,0.4826902951547692,True,mass_volume_step,Pos89,ch07
1118,True,tracker,1118,1118,3.0,3.0,0.49476998814978024,0.5114903058048071,True,mass_volume_step,Pos89,ch07
1144,True,tracker,1144,1144,3.0,3.0,0.486931177345604,0.5088274473212954,True,mass_volume_step,Pos89,ch07
1163,False,tracker,1163,1163,3.0,2.0,1.2158358728431529,1.202152801944569,False,no_supported_step,Pos89,ch07
1167,True,tracker,1167,1167,2.0,3.0,1.174778693904906,1.140560743211123,False,no_supported_step,Pos89,ch07
1172,False,recovered,1169,1172,,,0.5027547308666478,0.5349818553836589,True,persistent_step_between_good_measurements,Pos89,ch07
1200,True,tracker,1200,1200,3.0,3.0,0.49606801000408274,0.5171760122257117,True,mass_volume_step,Pos89,ch07
12,True,tracker,12,12,3.0,3.0,0.5409547875920958,0.577013051707075,True,mass_volume_step,Pos90,ch04
36,True,tracker,36,36,3.0,3.0,0.5238271646822904,0.518440672796296,True,mass_volume_step,Pos90,ch04
62,True,tracker,62,62,3.0,3.0,0.532777327176168,0.5313191400566537,True,mass_volume_step,Pos90,ch04
87,True,tracker,87,87,3.0,3.0,0.5116429991153691,0.5378663962480622,True,mass_volume_step,Pos90,ch04
114,True,tracker,114,114,3.0,3.0,0.5084524053923294,0.5629340754156114,True,mass_volume_step,Pos90,ch04
142,True,tracker,142,142,3.0,3.0,0.5423017110111994,0.5921438519019565,True,mass_volume_step,Pos90,ch04
162,True,tracker,162,162,3.0,3.0,0.5413825766598329,0.5801646933619202,True,mass_volume_step,Pos90,ch04
189,True,tracker,189,189,3.0,3.0,0.524546656099939,0.5279011429276808,True,mass_volume_step,Pos90,ch04
213,True,tracker,213,213,3.0,3.0,0.5552147433058171,0.5758094126975245,True,mass_volume_step,Pos90,ch04
235,True,tracker,235,235,3.0,3.0,0.5165740657699156,0.5223931562207086,True,mass_volume_step,Pos90,ch04
269,True,tracker,269,269,3.0,3.0,0.5469396698787156,0.5831515121232748,True,mass_volume_step,Pos90,ch04
299,True,tracker,299,299,3.0,3.0,0.5495344390843542,0.616861310178352,True,mass_volume_step,Pos90,ch04
318,True,tracker,318,318,3.0,3.0,0.5208460070224749,0.5433746357444277,True,mass_volume_step,Pos90,ch04
338,True,tracker,338,338,3.0,3.0,0.5132984693270015,0.5338159801501793,True,mass_volume_step,Pos90,ch04
364,True,tracker,364,364,3.0,3.0,0.5063278918987731,0.5181369099482788,True,mass_volume_step,Pos90,ch04
391,True,tracker,391,391,3.0,3.0,0.5026670501179207,0.5453009438239704,True,mass_volume_step,Pos90,ch04
417,True,tracker,417,417,3.0,3.0,0.5145158298947742,0.5664870803734803,True,mass_volume_step,Pos90,ch04
439,True,tracker,439,439,3.0,3.0,0.5294712019768658,0.5487046505889022,True,mass_volume_step,Pos90,ch04
464,True,tracker,464,464,3.0,3.0,0.5192676834927847,0.5724462457131503,True,mass_volume_step,Pos90,ch04
486,True,tracker,486,486,3.0,3.0,0.5137545682761301,0.5584341299923152,True,mass_volume_step,Pos90,ch04
512,True,tracker,512,512,3.0,3.0,0.5056334769518491,0.4920466361689479,True,mass_volume_step,Pos90,ch04
539,True,tracker,539,539,3.0,3.0,0.503588327845936,0.4757651816431835,True,mass_volume_step,Pos90,ch04
572,True,tracker,572,572,3.0,3.0,0.5203380049579632,0.5396105147923668,True,mass_volume_step,Pos90,ch04
593,True,tracker,593,593,3.0,3.0,0.5095830798001451,0.5013934302984102,True,mass_volume_step,Pos90,ch04
618,True,tracker,618,618,3.0,3.0,0.47549612585308176,0.5041433096395254,True,mass_volume_step,Pos90,ch04
646,True,tracker,646,646,3.0,3.0,0.5110258636334326,0.5349549586520743,True,mass_volume_step,Pos90,ch04
671,True,tracker,671,671,3.0,3.0,0.5155497353931976,0.5119489595026495,True,mass_volume_step,Pos90,ch04
698,True,tracker,698,698,3.0,3.0,0.5301155395466215,0.5402727314169815,True,mass_volume_step,Pos90,ch04
726,True,tracker,726,726,3.0,3.0,0.5356154194854589,0.551615226328809,True,mass_volume_step,Pos90,ch04
747,True,tracker,747,747,3.0,3.0,0.5339943854240571,0.5614095172512122,True,mass_volume_step,Pos90,ch04
781,True,tracker,781,781,3.0,3.0,0.5047717693473094,0.5189860509609528,True,mass_volume_step,Pos90,ch04
799,True,tracker,799,799,3.0,3.0,0.5288355055440929,0.5527729492899238,True,mass_volume_step,Pos90,ch04
823,True,tracker,823,823,3.0,3.0,0.5392233826777412,0.5521198096931331,True,mass_volume_step,Pos90,ch04
845,True,tracker,845,845,3.0,3.0,0.5329879653736086,0.5421715279362059,True,mass_volume_step,Pos90,ch04
868,True,tracker,868,868,3.0,3.0,0.5117655524099111,0.5295420436860977,True,mass_volume_step,Pos90,ch04
900,True,tracker,900,900,3.0,3.0,0.5079496260825723,0.5451531732607888,True,mass_volume_step,Pos90,ch04
926,True,tracker,926,926,3.0,3.0,0.5043026466025219,0.47854102900343326,True,mass_volume_step,Pos90,ch04
949,False,recovered,948,949,,,0.5108483373208358,0.5734536659735024,True,persistent_step_between_good_measurements,Pos90,ch04
979,True,tracker,979,979,3.0,3.0,0.5292370550569592,0.5472965158487015,True,mass_volume_step,Pos90,ch04
1001,True,tracker,1001,1001,3.0,3.0,0.5141092090897075,0.4976873408666814,True,mass_volume_step,Pos90,ch04
1026,True,tracker,1026,1026,3.0,3.0,0.45579443784147816,0.4713542868873664,True,mass_volume_step,Pos90,ch04
1053,True,tracker,1053,1053,3.0,3.0,0.5235216102807937,0.5220392169549821,True,mass_volume_step,Pos90,ch04
1083,True,tracker,1083,1083,3.0,3.0,0.5161966305959905,0.4970051810583839,True,mass_volume_step,Pos90,ch04
1107,True,tracker,1107,1107,3.0,3.0,0.4593166608193191,0.39496928900356904,True,mass_volume_step,Pos90,ch04
1140,True,tracker,1140,1140,3.0,3.0,0.5080420967349211,0.5283389128603001,True,mass_volume_step,Pos90,ch04
1161,True,tracker,1161,1161,3.0,3.0,0.5278599388115167,0.5125172297914612,True,mass_volume_step,Pos90,ch04
1194,True,tracker,1194,1194,3.0,3.0,0.5240948322255151,0.5362889034944583,True,mass_volume_step,Pos90,ch04
11,True,tracker,11,11,3.0,3.0,0.4980685579801856,0.5534274323096093,True,mass_volume_step,Pos90,ch09
38,True,tracker,38,38,3.0,3.0,0.48069120352063616,0.5337369995837623,True,mass_volume_step,Pos90,ch09
58,True,tracker,58,58,3.0,3.0,0.5165900265993556,0.5389029323442083,True,mass_volume_step,Pos90,ch09
93,True,tracker,93,93,3.0,3.0,0.4786871187795788,0.5082973810375656,True,mass_volume_step,Pos90,ch09
118,True,tracker,118,118,3.0,3.0,0.508153637625131,0.5600837629868545,True,mass_volume_step,Pos90,ch09
145,True,tracker,145,145,3.0,3.0,0.49204277357735604,0.49036242396401186,True,mass_volume_step,Pos90,ch09
169,True,tracker,169,169,3.0,3.0,0.5085917464344634,0.5712121938659298,True,mass_volume_step,Pos90,ch09
189,True,tracker,189,189,3.0,3.0,0.45495560673583874,0.473320036517189,True,mass_volume_step,Pos90,ch09
221,True,tracker,221,221,3.0,3.0,0.495788552185816,0.553181658632151,True,mass_volume_step,Pos90,ch09
244,True,tracker,244,244,3.0,3.0,0.5200107559718541,0.5890905794107824,True,mass_volume_step,Pos90,ch09
261,False,tracker,261,261,3.0,3.0,1.168786316195632,1.198584854283123,False,no_supported_step,Pos90,ch09
270,True,tracker,270,270,3.0,3.0,0.4872953137046632,0.5214551597490091,True,mass_volume_step,Pos90,ch09
292,True,tracker,292,292,3.0,3.0,0.48541327442310594,0.5320593852304867,True,mass_volume_step,Pos90,ch09
316,True,tracker,316,316,3.0,3.0,0.4513666395013033,0.4512804755186204,True,mass_volume_step,Pos90,ch09
346,True,tracker,346,346,3.0,3.0,0.5076464379857968,0.5531175416921323,True,mass_volume_step,Pos90,ch09
374,True,tracker,374,374,3.0,3.0,0.46997929060409593,0.5023073485504193,True,mass_volume_step,Pos90,ch09
396,True,tracker,396,396,3.0,3.0,0.45945537232733963,0.49017050918493843,True,mass_volume_step,Pos90,ch09
424,True,tracker,424,424,3.0,3.0,0.5046410908576563,0.5144770434527967,True,mass_volume_step,Pos90,ch09
462,True,tracker,462,462,3.0,3.0,0.5165527853009615,0.5379599729705516,True,mass_volume_step,Pos90,ch09
478,True,tracker,478,478,3.0,3.0,0.5357766180453785,0.576084311442245,True,mass_volume_step,Pos90,ch09
500,True,tracker,500,500,3.0,3.0,0.4794165380845984,0.4883139047497001,True,mass_volume_step,Pos90,ch09
526,True,tracker,526,526,3.0,3.0,0.47847988327036045,0.47960278376171533,True,mass_volume_step,Pos90,ch09
547,True,tracker,547,547,3.0,3.0,0.48809439033050434,0.5096455264835656,True,mass_volume_step,Pos90,ch09
582,True,tracker,582,582,3.0,3.0,0.4667874937539074,0.4810389018247784,True,mass_volume_step,Pos90,ch09
627,True,tracker,627,627,3.0,3.0,0.48031667520928056,0.4190154386709551,True,mass_volume_step,Pos90,ch09
13,True,tracker,13,13,3.0,3.0,0.5217236244397203,0.547350742694181,True,mass_volume_step,Pos91,ch10
38,True,tracker,38,38,3.0,3.0,0.5035762919008229,0.5027251118894907,True,mass_volume_step,Pos91,ch10
64,True,tracker,64,64,3.0,3.0,0.48050043430278666,0.5019694496910413,True,mass_volume_step,Pos91,ch10
92,True,tracker,92,92,3.0,3.0,0.4999685773698584,0.5462708049718432,True,mass_volume_step,Pos91,ch10
115,True,tracker,115,115,3.0,3.0,0.5087710497936684,0.5457419257049054,True,mass_volume_step,Pos91,ch10
143,True,tracker,143,143,3.0,3.0,0.5003837132089647,0.5436196333003,True,mass_volume_step,Pos91,ch10
170,True,tracker,170,170,3.0,3.0,0.5024170976759931,0.5154752464449165,True,mass_volume_step,Pos91,ch10
193,True,tracker,193,193,3.0,3.0,0.5061758601453953,0.5188002974041043,True,mass_volume_step,Pos91,ch10
219,True,tracker,219,219,3.0,3.0,0.4989858615795699,0.5423524617362551,True,mass_volume_step,Pos91,ch10
247,True,tracker,247,247,3.0,3.0,1.1980865518487087,1.1220747603556336,False,no_supported_step,Pos91,ch10
253,True,tracker,253,253,3.0,3.0,0.4972557209280946,0.5508141203888749,True,mass_volume_step,Pos91,ch10
271,True,tracker,271,271,3.0,3.0,0.4973450612683061,0.5298045790547024,True,mass_volume_step,Pos91,ch10
296,True,tracker,296,296,3.0,3.0,0.5087222794028295,0.5388847542290834,True,mass_volume_step,Pos91,ch10
320,True,tracker,320,320,3.0,3.0,0.5005645809170064,0.5245776370520299,True,mass_volume_step,Pos91,ch10
343,True,tracker,343,343,3.0,3.0,0.48356747348281964,0.5256994200776245,True,mass_volume_step,Pos91,ch10
372,True,tracker,372,372,3.0,3.0,0.5157185979177442,0.5779326757878203,True,mass_volume_step,Pos91,ch10
394,True,tracker,394,394,3.0,3.0,0.49601039334046454,0.55290298979854,True,mass_volume_step,Pos91,ch10
419,True,tracker,419,419,3.0,3.0,0.4819925743090445,0.46849943471558597,True,mass_volume_step,Pos91,ch10
442,True,tracker,442,442,3.0,3.0,0.525252452806301,0.5180007550091879,True,mass_volume_step,Pos91,ch10
470,True,tracker,470,470,3.0,3.0,0.49989720758056067,0.5586134092355198,True,mass_volume_step,Pos91,ch10
496,True,tracker,496,496,3.0,3.0,0.48820897980054934,0.5060432255161497,True,mass_volume_step,Pos91,ch10
521,False,recovered,520,521,,,0.5267933444911743,0.5912349938798381,True,persistent_step_between_good_measurements,Pos91,ch10
545,True,tracker,545,545,3.0,3.0,0.5145206317075764,0.5828530427519842,True,mass_volume_step,Pos91,ch10
568,True,tracker,568,568,3.0,3.0,0.5199583876248564,0.5629400167202387,True,mass_volume_step,Pos91,ch10
596,True,tracker,596,596,3.0,3.0,0.452918643244303,0.5247341701766254,True,mass_volume_step,Pos91,ch10
628,True,tracker,628,628,3.0,3.0,0.5156681645903171,0.5715876268791641,True,mass_volume_step,Pos91,ch10
652,True,tracker,652,652,3.0,3.0,0.5309755648751251,0.5743104940429755,True,mass_volume_step,Pos91,ch10
676,True,tracker,676,676,3.0,3.0,0.5202102333900381,0.6067428075832924,True,mass_volume_step,Pos91,ch10
707,True,tracker,707,707,3.0,3.0,0.5131183216832572,0.5568228510411184,True,mass_volume_step,Pos91,ch10
737,True,tracker,737,737,3.0,3.0,0.5163048113553146,0.593352106321649,True,mass_volume_step,Pos91,ch10
758,True,tracker,758,758,3.0,3.0,0.5319488050425368,0.6020394592079764,True,mass_volume_step,Pos91,ch10
783,True,tracker,783,783,3.0,3.0,0.489130817408713,0.5295078765748436,True,mass_volume_step,Pos91,ch10
807,True,tracker,807,807,3.0,3.0,0.48792375007433403,0.5684728663578458,True,mass_volume_step,Pos91,ch10
834,True,tracker,834,834,3.0,3.0,0.5215758735199861,0.5001817160029244,True,mass_volume_step,Pos91,ch10
858,False,tracker,858,858,3.0,3.0,1.1159333166011556,1.027632365906733,False,no_supported_step,Pos91,ch10
862,True,tracker,862,862,3.0,3.0,0.5279115392662472,0.5449052242275674,True,mass_volume_step,Pos91,ch10
889,True,tracker,889,889,3.0,3.0,0.48838903106583453,0.5513460304120013,True,mass_volume_step,Pos91,ch10
912,True,tracker,912,912,3.0,3.0,1.2499004943959766,1.0700241403657922,False,no_supported_step,Pos91,ch10
913,True,tracker,913,913,2.0,3.0,1.2258221240272311,1.0387491003021825,False,no_supported_step,Pos91,ch10
918,False,recovered,917,918,,,0.5625142606870716,0.6044654243529426,True,persistent_step_between_good_measurements,Pos91,ch10
932,False,tracker,932,932,3.0,3.0,1.3477911114465797,1.3317346276824609,False,no_supported_step,Pos91,ch10
935,False,tracker,935,935,3.0,3.0,1.319971704861269,1.3411791525007843,False,no_supported_step,Pos91,ch10
937,False,tracker,937,937,1.0,3.0,,,False,insufficient_good_points,Pos91,ch10
944,True,tracker,944,944,3.0,3.0,0.5896666737666942,0.6012128074307223,True,mass_volume_step,Pos91,ch10
968,True,tracker,968,968,3.0,3.0,0.5554442860478286,0.6403958061185847,True,mass_volume_step,Pos91,ch10
990,True,tracker,990,990,3.0,3.0,0.49783033244897923,0.520566277239767,True,mass_volume_step,Pos91,ch10
1012,True,tracker,1012,1012,2.0,3.0,1.257329489953193,1.1543633654071106,False,no_supported_step,Pos91,ch10
1017,True,tracker,1017,1017,3.0,3.0,0.5081690160988422,0.5448201446064902,True,mass_volume_step,Pos91,ch10
1040,True,tracker,1036,1043,3.0,3.0,0.6869749243941614,0.638620539522043,False,no_local_step_at_candidate,Pos91,ch10
1043,True,tracker,1043,1043,1.0,3.0,,,False,insufficient_good_points,Pos91,ch10
1046,False,recovered,1044,1046,,,0.5850357426980273,0.5891832601680628,True,persistent_step_between_good_measurements,Pos91,ch10
1046,True,tracker,1046,1046,1.0,3.0,,,False,insufficient_good_points,Pos91,ch10
1080,True,tracker,1080,1080,3.0,3.0,0.5046625114081251,0.5100012210523989,True,mass_volume_step,Pos91,ch10
1098,True,tracker,1098,1098,3.0,3.0,0.49733827524678936,0.4960708654605151,True,mass_volume_step,Pos91,ch10
1121,True,tracker,1121,1121,3.0,3.0,1.2087471711151712,1.1111025639418008,False,no_supported_step,Pos91,ch10
1125,True,tracker,1125,1125,3.0,3.0,0.4881195012141135,0.5172437188779877,True,mass_volume_step,Pos91,ch10
1153,True,tracker,1153,1153,3.0,3.0,0.507710771429934,0.5321388949611491,True,mass_volume_step,Pos91,ch10
1177,True,tracker,1177,1177,3.0,3.0,0.48909690901004194,0.509568615931997,True,mass_volume_step,Pos91,ch10
8,True,tracker,8,8,3.0,3.0,0.5395256426300618,0.5498314257842648,True,mass_volume_step,Pos92,ch11
33,True,tracker,33,33,3.0,3.0,0.5190976824568201,0.5254751092575154,True,mass_volume_step,Pos92,ch11
54,True,tracker,54,54,3.0,3.0,0.5381732086373691,0.5451894063098839,True,mass_volume_step,Pos92,ch11
83,True,tracker,83,83,3.0,3.0,0.4879132483452149,0.5166143710924305,True,mass_volume_step,Pos92,ch11
106,True,tracker,106,106,3.0,3.0,0.5353970357801683,0.5698566035888899,True,mass_volume_step,Pos92,ch11
135,True,tracker,135,135,3.0,3.0,0.5633170966284766,0.5829871938990242,True,mass_volume_step,Pos92,ch11
9,True,tracker,9,9,3.0,3.0,0.5505729325447636,0.5924831671545601,True,mass_volume_step,Pos93,ch00
38,True,tracker,38,38,3.0,3.0,0.5310215552531157,0.5491621496651071,True,mass_volume_step,Pos93,ch00
63,False,recovered,62,63,,,0.5473847462340564,0.5515026743769758,True,persistent_step_between_good_measurements,Pos93,ch00
83,True,tracker,83,83,3.0,3.0,0.48766818105965914,0.49722854156810764,True,mass_volume_step,Pos93,ch00
109,True,tracker,109,109,3.0,3.0,0.543734252534315,0.5544194158028658,True,mass_volume_step,Pos93,ch00
138,True,tracker,138,138,3.0,3.0,0.5344793014011593,0.516974152846297,True,mass_volume_step,Pos93,ch00
158,True,tracker,158,158,3.0,3.0,0.5561695589417185,0.5014421747371487,True,mass_volume_step,Pos93,ch00
185,False,recovered,184,185,,,0.5341203838920482,0.5244025054514196,True,persistent_step_between_good_measurements,Pos93,ch00
207,True,tracker,207,207,3.0,3.0,0.5612969625096285,0.5503872413643837,True,mass_volume_step,Pos93,ch00
235,True,tracker,235,235,3.0,3.0,0.5140413277378072,0.5161205602802371,True,mass_volume_step,Pos93,ch00
259,True,tracker,259,259,3.0,3.0,0.5203794137215727,0.4940938285617769,True,mass_volume_step,Pos93,ch00
283,True,tracker,283,283,3.0,3.0,0.509881150807155,0.496474712982932,True,mass_volume_step,Pos93,ch00
307,True,tracker,307,307,3.0,3.0,0.5620835352513003,0.5738067736722898,True,mass_volume_step,Pos93,ch00
13,True,tracker,13,13,3.0,3.0,0.483009892942341,0.4766043312144145,True,mass_volume_step,Pos93,ch03
39,True,tracker,39,39,3.0,3.0,0.4703191406713955,0.48733949280490874,True,mass_volume_step,Pos93,ch03
92,True,tracker,92,92,3.0,3.0,0.44257708841023485,0.40979167358554736,True,mass_volume_step,Pos93,ch03
8,True,tracker,8,8,3.0,3.0,0.5207126093606126,0.5352515845295969,True,mass_volume_step,Pos93,ch06
33,True,tracker,33,33,3.0,3.0,0.46793057941406807,0.5155238725599571,True,mass_volume_step,Pos93,ch06
66,True,tracker,66,66,3.0,3.0,0.5372204618942719,0.5360403450151836,True,mass_volume_step,Pos93,ch06
91,True,tracker,91,91,3.0,3.0,0.5048427487058742,0.493570456682877,True,mass_volume_step,Pos93,ch06
113,True,tracker,113,113,3.0,3.0,0.48766023536177716,0.47062565051934835,True,mass_volume_step,Pos93,ch06
142,True,tracker,142,142,3.0,3.0,0.5154009574793507,0.5041669818811881,True,mass_volume_step,Pos93,ch06
169,True,tracker,169,169,3.0,3.0,0.47978733469633517,0.48222294349338213,True,mass_volume_step,Pos93,ch06
196,True,tracker,196,196,3.0,3.0,0.5263418179992319,0.521312529558833,True,mass_volume_step,Pos93,ch06
224,True,tracker,224,224,3.0,3.0,0.535314332456989,0.5609903691317099,True,mass_volume_step,Pos93,ch06
246,True,tracker,246,246,3.0,3.0,0.49530461933505926,0.4755252008443691,True,mass_volume_step,Pos93,ch06
302,True,tracker,302,302,3.0,3.0,0.4817366228040085,0.4955158029640499,True,mass_volume_step,Pos93,ch06
6,True,tracker,6,6,3.0,3.0,0.6173880363751032,0.6623500253259856,True,mass_volume_step,Pos95,ch00
27,True,tracker,27,27,3.0,3.0,0.5153284457249414,0.47948290801876986,True,mass_volume_step,Pos95,ch00
55,True,tracker,55,55,3.0,3.0,0.5420531783181262,0.5455145401157394,True,mass_volume_step,Pos95,ch00
80,True,tracker,80,80,3.0,3.0,0.5479533896987067,0.5445621950151786,True,mass_volume_step,Pos95,ch00
105,True,tracker,105,105,3.0,3.0,0.5186506533473213,0.43164559473705916,True,mass_volume_step,Pos95,ch00
130,True,tracker,130,130,3.0,3.0,0.5284175680700359,0.46637069830971195,True,mass_volume_step,Pos95,ch00
158,True,tracker,158,158,3.0,3.0,0.5145940768393396,0.4742531427281571,True,mass_volume_step,Pos95,ch00
183,True,tracker,183,183,3.0,3.0,0.5769771365075634,0.5258860554957482,True,mass_volume_step,Pos95,ch00
216,True,tracker,216,216,3.0,3.0,0.41964573257116944,0.44790446532763006,True,mass_volume_step,Pos95,ch00
234,True,tracker,234,234,3.0,3.0,0.5597645178215005,0.5142182114866138,True,mass_volume_step,Pos95,ch00
259,True,tracker,259,259,3.0,3.0,0.5535113254525448,0.5281546405902369,True,mass_volume_step,Pos95,ch00
285,True,tracker,285,285,3.0,3.0,0.5864299472681161,0.5808152359143884,True,mass_volume_step,Pos95,ch00
307,True,tracker,307,307,3.0,3.0,0.5783850201121915,0.5457542978935616,True,mass_volume_step,Pos95,ch00
333,True,tracker,333,333,3.0,3.0,0.515774388654908,0.5012524236446132,True,mass_volume_step,Pos95,ch00
368,True,tracker,368,368,3.0,3.0,0.5402909503875146,0.5384864927979338,True,mass_volume_step,Pos95,ch00
387,True,tracker,387,387,3.0,3.0,0.564588224779537,0.5182386906331624,True,mass_volume_step,Pos95,ch00
412,True,tracker,412,412,3.0,3.0,0.5448135659589416,0.5237874094112068,True,mass_volume_step,Pos95,ch00
437,True,tracker,437,437,3.0,3.0,0.4932834802847526,0.43344072913506754,True,mass_volume_step,Pos95,ch00
474,True,tracker,474,474,3.0,3.0,0.5660074189097359,0.6386614204956406,True,mass_volume_step,Pos95,ch00
493,True,tracker,493,493,3.0,3.0,0.5483284106238859,0.5436901159311919,True,mass_volume_step,Pos95,ch00
514,True,tracker,514,514,3.0,3.0,0.5704749316820095,0.5559812862391261,True,mass_volume_step,Pos95,ch00
542,True,tracker,542,542,3.0,3.0,0.5342195206207703,0.5285549028243707,True,mass_volume_step,Pos95,ch00
565,True,tracker,565,565,3.0,3.0,0.5717292988346553,0.5293813498285141,True,mass_volume_step,Pos95,ch00
591,True,tracker,591,591,3.0,3.0,0.5674377999048247,0.5360677313278186,True,mass_volume_step,Pos95,ch00
638,True,tracker,638,638,3.0,3.0,0.5145709614386513,0.514783481455657,True,mass_volume_step,Pos95,ch00
25,True,tracker,25,25,3.0,3.0,0.5289573643481337,0.5722389676391063,True,mass_volume_step,Pos95,ch01
46,True,tracker,46,46,3.0,3.0,0.520410806364583,0.5306481863882939,True,mass_volume_step,Pos95,ch01
70,True,tracker,70,70,3.0,3.0,0.5100461152455571,0.5557550302309382,True,mass_volume_step,Pos95,ch01
100,True,tracker,100,100,3.0,3.0,0.5365605633899042,0.539310334247186,True,mass_volume_step,Pos95,ch01
121,True,tracker,121,121,3.0,3.0,0.5259914793893158,0.5666182997312394,True,mass_volume_step,Pos95,ch01
146,True,tracker,146,146,3.0,3.0,0.5328312252760322,0.5447606074597208,True,mass_volume_step,Pos95,ch01
168,True,tracker,168,168,3.0,3.0,0.5026894365274834,0.5640265143888932,True,mass_volume_step,Pos95,ch01
195,True,tracker,195,195,3.0,3.0,0.5268593229698298,0.5709220568730654,True,mass_volume_step,Pos95,ch01
223,True,tracker,223,223,3.0,3.0,0.5498745495493171,0.5366236737374098,True,mass_volume_step,Pos95,ch01
243,True,tracker,243,243,3.0,3.0,0.5262536231564467,0.5073312740683887,True,mass_volume_step,Pos95,ch01
272,True,tracker,272,272,3.0,3.0,0.5157865763808851,0.5595372664796561,True,mass_volume_step,Pos95,ch01
294,True,tracker,294,294,3.0,3.0,0.5610142435399749,0.580776386943819,True,mass_volume_step,Pos95,ch01
318,True,tracker,318,318,3.0,3.0,0.5378300285876114,0.5608239306751034,True,mass_volume_step,Pos95,ch01
342,True,tracker,342,342,3.0,3.0,0.5754094393064908,0.5822386145200531,True,mass_volume_step,Pos95,ch01
368,True,tracker,368,368,3.0,3.0,0.5092252948777152,0.564878588456984,True,mass_volume_step,Pos95,ch01
390,True,tracker,390,390,3.0,3.0,0.49006636296515305,0.5184636551185338,True,mass_volume_step,Pos95,ch01
422,True,tracker,422,422,3.0,3.0,0.5247979746618535,0.5513326983171001,True,mass_volume_step,Pos95,ch01
442,True,tracker,442,442,3.0,3.0,0.47678200475507115,0.5333820580822227,True,mass_volume_step,Pos95,ch01
468,True,tracker,468,468,3.0,3.0,0.46548929361828445,0.5275432453847376,True,mass_volume_step,Pos95,ch01
498,True,tracker,498,498,3.0,3.0,0.5074410076658652,0.5642441609206873,True,mass_volume_step,Pos95,ch01
522,True,tracker,522,522,3.0,3.0,0.5070066383451542,0.5318539338402318,True,mass_volume_step,Pos95,ch01
545,True,tracker,545,545,3.0,3.0,0.4864199911270883,0.5051723387176272,True,mass_volume_step,Pos95,ch01
571,True,tracker,571,571,3.0,3.0,0.4796534024319119,0.5324263594921033,True,mass_volume_step,Pos95,ch01
593,True,tracker,593,593,3.0,3.0,0.47726956160626993,0.4794577070745614,True,mass_volume_step,Pos95,ch01
610,True,tracker,610,610,2.0,3.0,1.283150923282909,1.2849002543779204,False,no_supported_step,Pos95,ch01
621,True,tracker,621,621,3.0,3.0,0.5303373262674873,0.5647905358434965,True,mass_volume_step,Pos95,ch01
647,True,tracker,647,647,3.0,3.0,0.5224283089505877,0.5466037628971481,True,mass_volume_step,Pos95,ch01
671,True,tracker,671,671,3.0,3.0,0.5026925672234348,0.591000769034784,True,mass_volume_step,Pos95,ch01
696,True,tracker,696,696,3.0,3.0,0.5306686306867708,0.4995205080609204,True,mass_volume_step,Pos95,ch01
725,True,tracker,725,725,3.0,3.0,0.5419754993189136,0.5044243115794604,True,mass_volume_step,Pos95,ch01
746,True,tracker,746,746,3.0,3.0,0.5026847693940669,0.4991872369887274,True,mass_volume_step,Pos95,ch01
769,True,tracker,769,769,3.0,3.0,0.47006493586426107,0.4681109220316804,True,mass_volume_step,Pos95,ch01
800,True,tracker,800,800,3.0,3.0,0.5310552690032373,0.5964860508786143,True,mass_volume_step,Pos95,ch01
825,True,tracker,825,825,3.0,3.0,0.4809925424825918,0.5232208762393294,True,mass_volume_step,Pos95,ch01
858,True,tracker,858,858,3.0,3.0,0.5522383809765946,0.5995820966776296,True,mass_volume_step,Pos95,ch01
877,True,tracker,877,877,3.0,3.0,0.5172585723827058,0.5797627945733199,True,mass_volume_step,Pos95,ch01
901,True,tracker,901,901,3.0,3.0,0.5092521229953467,0.5309798661315255,True,mass_volume_step,Pos95,ch01
940,True,tracker,940,940,3.0,3.0,0.5154617885502637,0.4906286985116163,True,mass_volume_step,Pos95,ch01
956,True,tracker,956,956,3.0,3.0,0.5658181198818284,0.5919216005219025,True,mass_volume_step,Pos95,ch01
979,True,tracker,979,979,3.0,3.0,0.550039582414641,0.5142463935276634,True,mass_volume_step,Pos95,ch01
1003,True,tracker,1003,1003,3.0,3.0,0.5338263681618136,0.5088411583490065,True,mass_volume_step,Pos95,ch01
1026,True,tracker,1026,1026,3.0,3.0,0.5309714285581516,0.5296224170431445,True,mass_volume_step,Pos95,ch01
1051,True,tracker,1051,1051,3.0,3.0,0.5321783799543276,0.49545155222974335,True,mass_volume_step,Pos95,ch01
1080,True,tracker,1080,1080,3.0,3.0,0.5201617861887137,0.47005546990631064,True,mass_volume_step,Pos95,ch01
1107,True,tracker,1107,1107,3.0,3.0,0.520476180732814,0.49097089227522583,True,mass_volume_step,Pos95,ch01
1133,True,tracker,1133,1133,3.0,3.0,0.5550890464629679,0.5293827551706568,True,mass_volume_step,Pos95,ch01
1157,True,tracker,1157,1157,3.0,3.0,0.5156939083942377,0.5338645932444905,True,mass_volume_step,Pos95,ch01
1184,True,tracker,1184,1184,3.0,3.0,0.5177421568019944,0.4627186997367054,True,mass_volume_step,Pos95,ch01
16,True,tracker,16,16,3.0,3.0,0.5570033962974077,0.5309289808615759,True,mass_volume_step,Pos95,ch02
48,True,tracker,48,48,3.0,3.0,0.5704699142436733,0.5323532594450455,True,mass_volume_step,Pos95,ch02
72,True,tracker,72,72,3.0,3.0,0.5757003963282733,0.5133157134552073,True,mass_volume_step,Pos95,ch02
88,False,tracker,88,88,3.0,3.0,1.1627817264913451,1.2606466661225852,False,no_supported_step,Pos95,ch02
97,True,tracker,97,97,3.0,3.0,0.5478460090016356,0.4761398291567468,True,mass_volume_step,Pos95,ch02
120,True,tracker,120,120,3.0,3.0,0.5868454692830861,0.5897949917268507,True,mass_volume_step,Pos95,ch02
143,True,tracker,143,143,3.0,3.0,0.5425075066208744,0.5114566668145509,True,mass_volume_step,Pos95,ch02
168,True,tracker,168,168,3.0,3.0,0.5378881776704292,0.4703064197428343,True,mass_volume_step,Pos95,ch02
196,False,recovered,195,196,,,0.5641064281186358,0.5234409512481537,True,persistent_step_between_good_measurements,Pos95,ch02
224,True,tracker,224,224,3.0,3.0,0.5578778430010949,0.5384555560775347,True,mass_volume_step,Pos95,ch02
248,True,tracker,248,248,3.0,3.0,0.5606396833692031,0.48014342121560455,True,mass_volume_step,Pos95,ch02
274,True,tracker,274,274,3.0,3.0,0.55309975858991,0.4754626899305859,True,mass_volume_step,Pos95,ch02
296,True,tracker,296,296,3.0,3.0,0.562677554810784,0.5199742991723917,True,mass_volume_step,Pos95,ch02
322,True,tracker,322,322,3.0,3.0,0.5440734962974894,0.5098544316222383,True,mass_volume_step,Pos95,ch02
351,True,tracker,351,351,3.0,3.0,0.6013006427428776,0.5690596621395101,True,mass_volume_step,Pos95,ch02
376,True,tracker,376,376,3.0,3.0,0.5532783137184594,0.5143923129009301,True,mass_volume_step,Pos95,ch02
398,True,tracker,398,398,3.0,3.0,0.5472909327494783,0.5039985453770349,True,mass_volume_step,Pos95,ch02
429,True,tracker,429,429,3.0,3.0,0.5679190778112875,0.5147062463307828,True,mass_volume_step,Pos95,ch02
456,True,tracker,456,456,3.0,3.0,0.5611936270798481,0.49096145296101973,True,mass_volume_step,Pos95,ch02
480,True,tracker,480,480,3.0,3.0,0.5330922143514679,0.49061536572092523,True,mass_volume_step,Pos95,ch02
506,True,tracker,506,506,3.0,3.0,0.5565447311618729,0.48356451015976953,True,mass_volume_step,Pos95,ch02
537,True,tracker,537,537,3.0,3.0,0.570167014811208,0.5097941606589607,True,mass_volume_step,Pos95,ch02
561,True,tracker,561,561,3.0,3.0,0.5606138208564029,0.5015479254601359,True,mass_volume_step,Pos95,ch02
587,True,tracker,587,587,3.0,3.0,0.5321799974081131,0.5123194678691394,True,mass_volume_step,Pos95,ch02
612,True,tracker,612,612,3.0,3.0,0.5822188909641051,0.5050342325130998,True,mass_volume_step,Pos95,ch02
635,True,tracker,635,635,3.0,3.0,0.5519469682421072,0.463766299243274,True,mass_volume_step,Pos95,ch02
660,True,tracker,660,660,3.0,3.0,0.5560944305767501,0.49929639574945006,True,mass_volume_step,Pos95,ch02
682,True,tracker,682,682,3.0,3.0,0.5623514794464919,0.4921136568115802,True,mass_volume_step,Pos95,ch02
711,True,tracker,711,711,3.0,3.0,0.5580054897921651,0.5155512263847736,True,mass_volume_step,Pos95,ch02
736,True,tracker,736,736,3.0,3.0,0.6007259934418461,0.5465623002032426,True,mass_volume_step,Pos95,ch02
757,True,tracker,757,757,3.0,3.0,0.5291315501112254,0.48208722240861707,True,mass_volume_step,Pos95,ch02
785,True,tracker,785,785,3.0,3.0,0.5422853309035373,0.4394879070596319,True,mass_volume_step,Pos95,ch02
809,True,tracker,809,809,3.0,3.0,0.5537769244517041,0.4946916182370436,True,mass_volume_step,Pos95,ch02
833,True,tracker,833,833,3.0,3.0,0.5218121666928154,0.4982556745991399,True,mass_volume_step,Pos95,ch02
862,True,tracker,862,862,3.0,3.0,0.569193350637679,0.5039774802647464,True,mass_volume_step,Pos95,ch02
893,True,tracker,892,893,3.0,3.0,0.5892998904643062,0.5525177814909967,True,mass_volume_step,Pos95,ch02
914,True,tracker,914,914,3.0,3.0,0.5512951406414903,0.5023010273350669,True,mass_volume_step,Pos95,ch02
939,True,tracker,939,939,3.0,3.0,0.532671282666376,0.510064751274317,True,mass_volume_step,Pos95,ch02
962,True,tracker,962,962,3.0,3.0,0.5572749590542696,0.4838106459393991,True,mass_volume_step,Pos95,ch02
988,True,tracker,988,988,3.0,3.0,0.5885239114894613,0.5508339309809541,True,mass_volume_step,Pos95,ch02
1017,True,tracker,1017,1017,3.0,3.0,0.5640461975018801,0.4891671629796297,True,mass_volume_step,Pos95,ch02
1038,True,tracker,1038,1038,3.0,3.0,0.5954856248384018,0.5528885928766439,True,mass_volume_step,Pos95,ch02
1065,True,tracker,1065,1065,3.0,3.0,0.5836080075399234,0.5686711862762205,True,mass_volume_step,Pos95,ch02
1089,True,tracker,1089,1089,3.0,3.0,0.5525450492588982,0.46871701280854555,True,mass_volume_step,Pos95,ch02
1113,True,tracker,1113,1113,3.0,3.0,0.5345613987646473,0.5088781295183384,True,mass_volume_step,Pos95,ch02
1141,True,tracker,1141,1141,3.0,3.0,0.5433184995253072,0.5060383687549801,True,mass_volume_step,Pos95,ch02
1170,True,tracker,1170,1170,3.0,3.0,0.5910543838477693,0.5378454570296272,True,mass_volume_step,Pos95,ch02
1198,True,tracker,1198,1198,3.0,3.0,0.5882170449928861,0.5539765653226169,True,mass_volume_step,Pos95,ch02
14,True,tracker,14,14,3.0,3.0,0.5337902431193675,0.502608397225557,True,mass_volume_step,Pos95,ch04
37,True,tracker,37,37,3.0,3.0,0.5420039112185553,0.5130112269409073,True,mass_volume_step,Pos95,ch04
69,True,tracker,69,69,3.0,3.0,0.5180850827088747,0.5165068737540441,True,mass_volume_step,Pos95,ch04
90,True,tracker,90,90,3.0,3.0,0.5126377745569103,0.5275918027944101,True,mass_volume_step,Pos95,ch04
112,True,tracker,112,112,3.0,3.0,0.5112368598906547,0.5199004325949887,True,mass_volume_step,Pos95,ch04
135,True,tracker,135,135,3.0,3.0,0.49724248489794454,0.4986928807504615,True,mass_volume_step,Pos95,ch04
161,True,tracker,161,161,3.0,3.0,0.4827645281875401,0.48218185327930296,True,mass_volume_step,Pos95,ch04
186,True,tracker,186,186,3.0,3.0,0.5404709349390449,0.517697536896003,True,mass_volume_step,Pos95,ch04
215,True,tracker,215,215,3.0,3.0,0.5002571282233923,0.5391331889296985,True,mass_volume_step,Pos95,ch04
237,True,tracker,237,237,3.0,3.0,0.5095880101918954,0.532928011313129,True,mass_volume_step,Pos95,ch04
266,True,tracker,266,266,3.0,3.0,0.5463649456134976,0.5667446624700037,True,mass_volume_step,Pos95,ch04
288,True,tracker,288,288,3.0,3.0,0.5053657157790669,0.48877473488974427,True,mass_volume_step,Pos95,ch04
320,True,tracker,320,320,3.0,3.0,0.5212848757627134,0.5413418851987488,True,mass_volume_step,Pos95,ch04
338,True,tracker,338,338,3.0,3.0,0.5159173027444627,0.5171915931687112,True,mass_volume_step,Pos95,ch04
361,True,tracker,361,361,3.0,3.0,0.48789393270619047,0.4806545666971052,True,mass_volume_step,Pos95,ch04
394,True,tracker,394,394,3.0,3.0,0.5169019289231971,0.5386716898198325,True,mass_volume_step,Pos95,ch04
423,True,tracker,423,423,3.0,3.0,0.5223048241903872,0.5374646131448694,True,mass_volume_step,Pos95,ch04
442,True,tracker,442,442,3.0,3.0,0.46970888360837487,0.5343101683470561,True,mass_volume_step,Pos95,ch04
472,True,tracker,472,472,3.0,3.0,0.5375583482784673,0.5415206948971639,True,mass_volume_step,Pos95,ch04
493,True,tracker,493,493,3.0,3.0,0.5436755425586182,0.5319079883846111,True,mass_volume_step,Pos95,ch04
523,True,tracker,523,523,3.0,3.0,0.5316333847630602,0.5096448949545394,True,mass_volume_step,Pos95,ch04
548,True,tracker,548,548,3.0,3.0,0.5036239053729397,0.491296401675493,True,mass_volume_step,Pos95,ch04
574,True,tracker,574,574,3.0,3.0,0.4957084932256914,0.5258729598930337,True,mass_volume_step,Pos95,ch04
596,True,tracker,596,596,3.0,3.0,0.5110753707329729,0.48070536756516363,True,mass_volume_step,Pos95,ch04
618,True,tracker,618,618,3.0,3.0,0.5267866638534762,0.5047264867077618,True,mass_volume_step,Pos95,ch04
647,True,tracker,647,647,3.0,3.0,0.5383837203767161,0.5959100154149933,True,mass_volume_step,Pos95,ch04
672,True,tracker,672,672,3.0,3.0,0.5481259933619155,0.5883306663518846,True,mass_volume_step,Pos95,ch04
692,True,tracker,692,692,3.0,3.0,0.512051253452068,0.5064176898159227,True,mass_volume_step,Pos95,ch04
723,True,tracker,723,723,3.0,3.0,0.5138723241257432,0.5163130014412688,True,mass_volume_step,Pos95,ch04
747,True,tracker,747,747,3.0,3.0,0.5189312677045759,0.5630881451648793,True,mass_volume_step,Pos95,ch04
771,True,tracker,771,771,3.0,3.0,0.46746353786362377,0.49349739499363426,True,mass_volume_step,Pos95,ch04
793,True,tracker,793,793,3.0,3.0,0.4815013530991015,0.5264423113286245,True,mass_volume_step,Pos95,ch04
825,True,tracker,825,825,3.0,3.0,0.47863519100352175,0.45785511089229963,True,mass_volume_step,Pos95,ch04
849,True,tracker,849,849,3.0,3.0,0.506560730674362,0.49060155824596574,True,mass_volume_step,Pos95,ch04
873,True,tracker,873,873,3.0,3.0,0.5069251767595484,0.5164268133620538,True,mass_volume_step,Pos95,ch04
902,True,tracker,902,902,3.0,3.0,0.5249799405615558,0.5353014576311846,True,mass_volume_step,Pos95,ch04
926,True,tracker,926,926,3.0,3.0,0.46978768370916396,0.4774332156866422,True,mass_volume_step,Pos95,ch04
955,True,tracker,955,955,3.0,3.0,0.4946425347601008,0.5282725902947378,True,mass_volume_step,Pos95,ch04
981,True,tracker,981,981,3.0,3.0,0.48572968057309096,0.5095286608358044,True,mass_volume_step,Pos95,ch04
1009,True,tracker,1009,1009,3.0,3.0,0.521670438142591,0.5566276736164673,True,mass_volume_step,Pos95,ch04
1037,True,tracker,1037,1037,3.0,3.0,0.5091565555390014,0.4956742950901971,True,mass_volume_step,Pos95,ch04
1088,True,tracker,1088,1088,3.0,3.0,0.5361667048096699,0.5529148997996425,True,mass_volume_step,Pos95,ch04
9,True,tracker,9,9,3.0,3.0,0.501598742952372,0.49552460383583796,True,mass_volume_step,Pos96,ch01
34,True,tracker,34,34,3.0,3.0,0.5151011668384882,0.5170130520360818,True,mass_volume_step,Pos96,ch01
58,True,tracker,58,58,3.0,3.0,0.47151077497582716,0.5125448805407056,True,mass_volume_step,Pos96,ch01
81,True,tracker,81,81,3.0,3.0,0.4703999737293093,0.4723736940050425,True,mass_volume_step,Pos96,ch01
108,False,recovered,106,108,,,0.5156236574214352,0.5524336250280211,True,persistent_step_between_good_measurements,Pos96,ch01
134,True,tracker,134,134,3.0,3.0,0.5355737228268287,0.5497846589859042,True,mass_volume_step,Pos96,ch01
162,True,tracker,162,162,3.0,3.0,0.5029289556270297,0.5257625982112594,True,mass_volume_step,Pos96,ch01
183,True,tracker,183,183,3.0,3.0,0.517607615482202,0.4960231333839659,True,mass_volume_step,Pos96,ch01
208,True,tracker,208,208,3.0,3.0,0.5199425737038698,0.5490501292371948,True,mass_volume_step,Pos96,ch01
235,True,tracker,235,235,3.0,3.0,0.5230067827922152,0.5569252415220199,True,mass_volume_step,Pos96,ch01
258,True,tracker,258,258,3.0,3.0,0.48656400235120534,0.5552499673621764,True,mass_volume_step,Pos96,ch01
279,True,tracker,279,279,3.0,3.0,0.4911333279121894,0.5533638565386937,True,mass_volume_step,Pos96,ch01
288,True,tracker,288,288,3.0,3.0,1.2492225058077573,1.198317138540287,False,no_supported_step,Pos96,ch01
304,True,tracker,304,304,3.0,3.0,0.47857066574852464,0.5132905711379913,True,mass_volume_step,Pos96,ch01
333,True,tracker,333,333,3.0,3.0,0.4842792060738207,0.48218433443299447,True,mass_volume_step,Pos96,ch01
358,True,tracker,358,358,3.0,3.0,0.518813913358097,0.5493112961633901,True,mass_volume_step,Pos96,ch01
381,True,tracker,381,381,3.0,3.0,0.5335790038146695,0.5259217610800602,True,mass_volume_step,Pos96,ch01
405,True,tracker,405,405,3.0,3.0,0.48159690032371577,0.5239194552613554,True,mass_volume_step,Pos96,ch01
432,True,tracker,432,432,3.0,3.0,0.5107828439431653,0.5367166454296415,True,mass_volume_step,Pos96,ch01
532,False,tracker,532,532,3.0,3.0,1.0253344556892257,1.0153794417530695,False,no_supported_step,Pos96,ch01
540,False,tracker,540,540,3.0,1.0,,,False,insufficient_good_points,Pos96,ch01
543,False,tracker,543,543,3.0,0.0,,,False,insufficient_good_points,Pos96,ch01
545,False,tracker,545,545,3.0,1.0,,,False,insufficient_good_points,Pos96,ch01
547,True,tracker,543,552,2.0,2.0,0.5355344284939808,0.48938265833115535,False,local_gap_too_long,Pos96,ch01
550,False,tracker,550,550,1.0,3.0,,,False,insufficient_good_points,Pos96,ch01
552,False,tracker,552,552,0.0,3.0,,,False,insufficient_good_points,Pos96,ch01
555,False,tracker,555,555,1.0,3.0,,,False,insufficient_good_points,Pos96,ch01
607,False,tracker,607,607,3.0,3.0,0.9933102506151218,0.9967137634999823,False,no_supported_step,Pos96,ch01
609,False,tracker,609,609,3.0,3.0,0.9933102506151218,0.9967137634999823,False,no_supported_step,Pos96,ch01
859,False,tracker,859,859,3.0,3.0,0.9879411838062295,0.9880254471554811,False,no_supported_step,Pos96,ch01
875,False,tracker,875,875,3.0,3.0,0.9969771675286722,1.007333155982799,False,no_supported_step,Pos96,ch01
882,False,tracker,882,882,3.0,3.0,0.9953307270101368,1.0064264661236966,False,no_supported_step,Pos96,ch01
884,False,tracker,884,884,3.0,3.0,0.9953307270101368,1.0064264661236966,False,no_supported_step,Pos96,ch01
898,False,tracker,898,898,3.0,3.0,0.9944769081461385,0.9601014332206219,False,no_supported_step,Pos96,ch01
903,False,tracker,903,903,3.0,3.0,0.997448658998642,1.0069665362032088,False,no_supported_step,Pos96,ch01
24,True,tracker,24,24,3.0,3.0,0.543760037175292,0.49317880771644024,True,mass_volume_step,Pos96,ch02
48,True,tracker,48,48,3.0,3.0,0.5119164368535176,0.5051597919045002,True,mass_volume_step,Pos96,ch02
77,True,tracker,77,77,3.0,3.0,0.5341533705537497,0.5228123074126275,True,mass_volume_step,Pos96,ch02
106,True,tracker,106,106,3.0,3.0,0.5311574999601116,0.532880931840323,True,mass_volume_step,Pos96,ch02
167,True,tracker,167,167,3.0,3.0,0.49262791557247065,0.48989465777733576,True,mass_volume_step,Pos96,ch02
194,False,tracker,194,194,3.0,3.0,1.036415716074818,1.0153537549965521,False,no_supported_step,Pos96,ch02
23,True,tracker,23,23,3.0,3.0,0.5359248881044926,0.5619372007371504,True,mass_volume_step,Pos96,ch08
47,True,tracker,47,47,3.0,3.0,0.5162790313614558,0.4997807076241591,True,mass_volume_step,Pos96,ch08
78,True,tracker,78,78,3.0,3.0,0.5122591985062607,0.5353580950715208,True,mass_volume_step,Pos96,ch08
100,True,tracker,100,100,3.0,3.0,0.48799299834455073,0.4951069313789771,True,mass_volume_step,Pos96,ch08
127,True,tracker,127,127,3.0,3.0,0.5358214194157181,0.559715343213823,True,mass_volume_step,Pos96,ch08
154,True,tracker,154,154,3.0,3.0,0.5344392891856639,0.5403259004101156,True,mass_volume_step,Pos96,ch08
179,True,tracker,179,179,3.0,3.0,0.5234420660141332,0.5157777799192342,True,mass_volume_step,Pos96,ch08
198,True,tracker,198,198,3.0,3.0,0.5234392348266075,0.5361932533638468,True,mass_volume_step,Pos96,ch08
231,True,tracker,231,231,3.0,3.0,0.49934073156380243,0.48488223167907996,True,mass_volume_step,Pos96,ch08
254,True,tracker,254,254,3.0,3.0,0.5522076747003475,0.5802841125217854,True,mass_volume_step,Pos96,ch08
281,True,tracker,281,281,3.0,3.0,0.5195175492140912,0.5495560946988195,True,mass_volume_step,Pos96,ch08
303,True,tracker,303,303,3.0,3.0,0.5118854403540369,0.5226803941867421,True,mass_volume_step,Pos96,ch08
325,True,tracker,325,325,3.0,3.0,0.5285253787825912,0.4934479060899271,True,mass_volume_step,Pos96,ch08
360,False,recovered,358,360,,,0.5511195488656822,0.5420071369091007,True,persistent_step_between_good_measurements,Pos96,ch08
381,True,tracker,381,381,3.0,3.0,0.46705165398718945,0.4807712226374861,True,mass_volume_step,Pos96,ch08
410,True,tracker,410,410,3.0,3.0,0.5181023174228223,0.5010533689651122,True,mass_volume_step,Pos96,ch08
434,True,tracker,434,434,3.0,3.0,0.5046542207002391,0.5155260771076264,True,mass_volume_step,Pos96,ch08
461,True,tracker,461,461,3.0,3.0,0.49346219982852985,0.49380733363729884,True,mass_volume_step,Pos96,ch08
486,True,tracker,486,486,3.0,3.0,0.482317754798304,0.4782608488664725,True,mass_volume_step,Pos96,ch08
518,True,tracker,518,518,3.0,3.0,0.5233454714833392,0.5182545323586014,True,mass_volume_step,Pos96,ch08
539,True,tracker,539,539,3.0,3.0,0.49998573007289876,0.5257806927171114,True,mass_volume_step,Pos96,ch08
574,False,recovered,573,574,,,0.5447418134430336,0.5575850673087476,True,persistent_step_between_good_measurements,Pos96,ch08
594,True,tracker,594,594,3.0,3.0,0.47347822301941156,0.49080358329893614,True,mass_volume_step,Pos96,ch08
621,True,tracker,621,621,3.0,3.0,0.499679216432673,0.5145694401596337,True,mass_volume_step,Pos96,ch08
646,True,tracker,646,646,3.0,3.0,0.5435417454860091,0.5722946975853181,True,mass_volume_step,Pos96,ch08
673,True,tracker,673,673,3.0,3.0,0.5424527847940449,0.5369130751815482,True,mass_volume_step,Pos96,ch08
696,True,tracker,696,696,3.0,3.0,0.5174132295762168,0.5356776218539059,True,mass_volume_step,Pos96,ch08
719,True,tracker,719,719,3.0,3.0,0.5039960142005192,0.518384654770978,True,mass_volume_step,Pos96,ch08
753,True,tracker,753,753,3.0,3.0,0.47392593859376286,0.4948510497468847,True,mass_volume_step,Pos96,ch08
785,True,tracker,785,785,3.0,3.0,0.500526151961403,0.5011330834872684,True,mass_volume_step,Pos96,ch08
805,True,tracker,805,805,3.0,3.0,0.5162618512917149,0.5373227067307743,True,mass_volume_step,Pos96,ch08
825,False,tracker,825,825,3.0,3.0,1.350748865598869,1.320315637507442,False,no_supported_step,Pos96,ch08
829,True,tracker,829,829,0.0,3.0,,,False,insufficient_good_points,Pos96,ch08
833,False,tracker,831,833,2.0,3.0,0.554437563280957,0.5193659209850798,False,no_local_step_at_candidate,Pos96,ch08
834,True,tracker,834,834,3.0,3.0,0.5455349600277782,0.5009319361235218,True,mass_volume_step,Pos96,ch08
862,False,recovered,861,862,,,0.5324979484831676,0.5482368637168638,True,persistent_step_between_good_measurements,Pos96,ch08
884,True,tracker,884,884,3.0,3.0,0.5277723711382903,0.591766719719089,True,mass_volume_step,Pos96,ch08
913,True,tracker,913,914,3.0,3.0,0.2614035968368705,0.26389645355429125,True,mass_volume_step,Pos96,ch08
941,True,tracker,941,941,3.0,3.0,0.5139942404283505,0.49749335637061437,True,mass_volume_step,Pos96,ch08
968,True,tracker,968,968,3.0,3.0,0.5326676784316736,0.5387183054044573,True,mass_volume_step,Pos96,ch08
991,True,tracker,991,993,3.0,3.0,0.5582638160329474,0.5318773166939759,True,mass_volume_step,Pos96,ch08
1013,True,tracker,1013,1013,3.0,3.0,0.4706917761432914,0.45133320480613054,True,mass_volume_step,Pos96,ch08
1040,True,tracker,1040,1040,3.0,3.0,0.4851179535173736,0.4855490864644803,True,mass_volume_step,Pos96,ch08
1073,False,recovered,1072,1073,,,0.5183614205806137,0.49958661872695254,True,persistent_step_between_good_measurements,Pos96,ch08
1095,True,tracker,1095,1095,3.0,3.0,0.5201210427677946,0.5054474464601033,True,mass_volume_step,Pos96,ch08
1125,False,recovered,1124,1125,,,0.5050464984444929,0.5219929693187417,True,persistent_step_between_good_measurements,Pos96,ch08
1152,False,tracker,1152,1152,3.0,3.0,1.0972005656887986,1.0649628598327285,False,no_supported_step,Pos96,ch08
1156,True,tracker,1156,1156,3.0,3.0,0.5076502560966806,0.5107121962860856,True,mass_volume_step,Pos96,ch08
1181,True,tracker,1181,1181,3.0,3.0,0.5328804958125303,0.5442827168673641,True,mass_volume_step,Pos96,ch08
9,True,tracker,9,9,3.0,3.0,0.4830224452617286,0.48752393071914135,True,mass_volume_step,Pos97,ch03
33,True,tracker,33,33,3.0,3.0,0.5157537583260963,0.5115268516695116,True,mass_volume_step,Pos97,ch03
20,True,tracker,20,20,3.0,3.0,0.5937825827422246,0.5490279646770659,True,mass_volume_step,Pos97,ch10
45,True,tracker,45,45,3.0,3.0,0.5580904141156016,0.5559859093645256,True,mass_volume_step,Pos97,ch10
68,True,tracker,68,68,3.0,3.0,0.5617504702429154,0.543541384606533,True,mass_volume_step,Pos97,ch10
99,True,tracker,99,99,3.0,3.0,0.560746472611909,0.5456255177969201,True,mass_volume_step,Pos97,ch10
120,True,tracker,120,120,3.0,3.0,0.5540890691933492,0.5523188555835168,True,mass_volume_step,Pos97,ch10
146,True,tracker,146,146,3.0,3.0,0.5554152110678089,0.544903894551491,True,mass_volume_step,Pos97,ch10
171,True,tracker,171,171,3.0,3.0,0.5678184523818179,0.5336701855387002,True,mass_volume_step,Pos97,ch10
198,True,tracker,198,198,3.0,3.0,0.5374229309926064,0.5155064365020926,True,mass_volume_step,Pos97,ch10
216,False,tracker,216,216,3.0,3.0,1.2053491764328466,1.2452567511112458,False,no_supported_step,Pos97,ch10
219,False,tracker,219,219,3.0,3.0,1.1893650619836285,1.210839979672442,False,no_supported_step,Pos97,ch10
226,True,tracker,226,226,3.0,3.0,0.549932523530371,0.5353614374743242,True,mass_volume_step,Pos97,ch10
248,True,tracker,248,248,3.0,3.0,0.5072379649100347,0.5297600071694861,True,mass_volume_step,Pos97,ch10
279,True,tracker,279,279,3.0,3.0,0.5433476468773802,0.5180119607820156,True,mass_volume_step,Pos97,ch10
298,True,tracker,298,298,3.0,3.0,0.5682991653091115,0.5571139055048757,True,mass_volume_step,Pos97,ch10
320,True,tracker,320,320,3.0,3.0,0.5231137472054482,0.5203766249004282,True,mass_volume_step,Pos97,ch10
346,True,tracker,346,346,3.0,3.0,0.5098261748644584,0.43902044754713077,True,mass_volume_step,Pos97,ch10
370,True,tracker,370,370,3.0,3.0,0.5607127510283758,0.5340527829420808,True,mass_volume_step,Pos97,ch10
398,True,tracker,398,398,3.0,3.0,0.5540955243698817,0.5300204924049446,True,mass_volume_step,Pos97,ch10
427,True,tracker,427,427,3.0,3.0,0.577239800292347,0.5321154924751935,True,mass_volume_step,Pos97,ch10
449,True,tracker,449,449,3.0,3.0,0.5764989861069149,0.5713821175879844,True,mass_volume_step,Pos97,ch10
470,True,tracker,470,470,3.0,3.0,0.5448341383887833,0.555665791046812,True,mass_volume_step,Pos97,ch10
493,True,tracker,493,493,3.0,3.0,0.5270576750806718,0.49938974250279927,True,mass_volume_step,Pos97,ch10
520,True,tracker,520,520,3.0,3.0,0.5187288040271241,0.46948145695180726,True,mass_volume_step,Pos97,ch10
537,False,tracker,537,537,3.0,3.0,1.2100674895779293,1.0763789042260732,False,no_supported_step,Pos97,ch10
539,False,tracker,539,539,3.0,3.0,1.2100674895779293,1.0763789042260732,False,no_supported_step,Pos97,ch10
544,True,tracker,544,544,3.0,3.0,0.538489494351827,0.5526370889266139,True,mass_volume_step,Pos97,ch10
573,True,tracker,573,573,3.0,3.0,0.5450902242205877,0.5387883866933592,True,mass_volume_step,Pos97,ch10
596,True,tracker,596,596,3.0,3.0,0.5341867260025828,0.49325120472904926,True,mass_volume_step,Pos97,ch10
626,True,tracker,626,626,3.0,3.0,0.5480983499093741,0.5367163758486345,True,mass_volume_step,Pos97,ch10
646,True,tracker,646,646,3.0,3.0,0.562879314373662,0.5033455148799073,True,mass_volume_step,Pos97,ch10
670,True,tracker,670,670,3.0,3.0,0.5740002762074837,0.5751615504313171,True,mass_volume_step,Pos97,ch10
697,True,tracker,697,697,3.0,3.0,0.566135555142022,0.5304899527554533,True,mass_volume_step,Pos97,ch10
724,True,tracker,724,724,3.0,3.0,0.5382768055356546,0.5053786054495198,True,mass_volume_step,Pos97,ch10
749,True,tracker,749,749,3.0,3.0,0.5440515143153959,0.5180892547999427,True,mass_volume_step,Pos97,ch10
776,True,tracker,776,776,3.0,3.0,0.5724976613657624,0.5613430825816376,True,mass_volume_step,Pos97,ch10
798,True,tracker,798,798,3.0,3.0,0.575108876455901,0.5565287058769149,True,mass_volume_step,Pos97,ch10
823,True,tracker,823,823,3.0,3.0,0.5724188177881281,0.5927909524104296,True,mass_volume_step,Pos97,ch10
847,True,tracker,847,847,3.0,3.0,0.5710215532452132,0.5487324533945893,True,mass_volume_step,Pos97,ch10
872,True,tracker,872,872,3.0,3.0,0.5456025881745156,0.5141913661495215,True,mass_volume_step,Pos97,ch10
893,True,tracker,893,893,3.0,3.0,0.5135703133465707,0.48959882215249856,True,mass_volume_step,Pos97,ch10
907,False,tracker,907,907,3.0,3.0,1.1028847509906237,1.1799050635140154,False,no_supported_step,Pos97,ch10
923,True,tracker,923,923,3.0,3.0,0.5457764766537212,0.5590601765741817,True,mass_volume_step,Pos97,ch10
948,True,tracker,948,948,3.0,3.0,0.5241977182818044,0.5023641657996529,True,mass_volume_step,Pos97,ch10
973,True,tracker,973,973,3.0,3.0,0.5591205966976814,0.5365092121412731,True,mass_volume_step,Pos97,ch10
999,True,tracker,999,999,3.0,3.0,0.5436063833435174,0.5544582263151735,True,mass_volume_step,Pos97,ch10
1025,True,tracker,1025,1025,3.0,3.0,0.5444850256557277,0.5205177671560061,True,mass_volume_step,Pos97,ch10
1047,True,tracker,1047,1047,3.0,3.0,0.5239369109600382,0.5287831988768543,True,mass_volume_step,Pos97,ch10
1064,True,tracker,1064,1064,3.0,3.0,1.144170690709857,1.1779541772296314,False,no_supported_step,Pos97,ch10
1079,True,tracker,1079,1079,3.0,3.0,0.5369875030743196,0.5432726547898039,True,mass_volume_step,Pos97,ch10
1098,True,tracker,1098,1098,3.0,3.0,0.5328945737957154,0.5341295016771573,True,mass_volume_step,Pos97,ch10
1121,True,tracker,1121,1121,3.0,3.0,0.5123235027741302,0.5434714886866335,True,mass_volume_step,Pos97,ch10
1154,True,tracker,1154,1154,3.0,3.0,0.5383497782184787,0.5000193883802941,True,mass_volume_step,Pos97,ch10
1169,False,tracker,1169,1169,3.0,3.0,1.167455461155215,1.1644708149816005,False,no_supported_step,Pos97,ch10
1178,True,tracker,1178,1178,3.0,3.0,0.5188169058758227,0.48850304710804365,True,mass_volume_step,Pos97,ch10
5,True,tracker,5,5,3.0,3.0,0.5191531750211821,0.5077124410541358,True,mass_volume_step,Pos98,ch04
31,True,tracker,31,31,3.0,3.0,0.5076052553125688,0.5236553497002365,True,mass_volume_step,Pos98,ch04
55,True,tracker,55,55,3.0,3.0,0.5320910795018698,0.5211881866745197,True,mass_volume_step,Pos98,ch04
78,True,tracker,78,78,3.0,3.0,0.5566040530413968,0.5939651904286773,True,mass_volume_step,Pos98,ch04
103,True,tracker,103,103,3.0,3.0,0.5188717375492259,0.5483964924994145,True,mass_volume_step,Pos98,ch04
133,True,tracker,133,133,3.0,3.0,0.5171653483985824,0.5533010710743015,True,mass_volume_step,Pos98,ch04
156,True,tracker,156,156,3.0,3.0,0.5176937375740609,0.519018150358389,True,mass_volume_step,Pos98,ch04
175,False,tracker,175,175,3.0,3.0,1.149641202649235,1.137048259431546,False,no_supported_step,Pos98,ch04
183,True,tracker,183,183,3.0,3.0,0.5281621577433144,0.5319428084702491,True,mass_volume_step,Pos98,ch04
207,True,tracker,207,207,3.0,3.0,0.49835948849894884,0.5093055257226683,True,mass_volume_step,Pos98,ch04
234,True,tracker,234,234,3.0,3.0,0.4970678975811433,0.5189794182538263,True,mass_volume_step,Pos98,ch04
261,True,tracker,261,261,3.0,3.0,0.5069503307495978,0.5301565638872283,True,mass_volume_step,Pos98,ch04
285,True,tracker,285,285,3.0,3.0,0.5220336192610309,0.5153307297021297,True,mass_volume_step,Pos98,ch04
312,True,tracker,312,312,3.0,3.0,0.5054044871696881,0.5229349646328043,True,mass_volume_step,Pos98,ch04
340,True,tracker,340,340,3.0,3.0,0.5320688043432341,0.5148318487486268,True,mass_volume_step,Pos98,ch04
364,True,tracker,364,364,3.0,3.0,0.5267890466871145,0.5859426171062001,True,mass_volume_step,Pos98,ch04
406,True,tracker,406,406,3.0,3.0,0.38388037859683355,0.4052662961866284,True,mass_volume_step,Pos98,ch04
507,False,tracker,507,507,3.0,3.0,1.063268070365306,1.0802154786730074,False,no_supported_step,Pos98,ch04
512,False,tracker,512,512,3.0,3.0,1.0203711716121155,1.0207405756116923,False,no_supported_step,Pos98,ch04
15,True,tracker,15,15,3.0,3.0,0.4954297139047872,0.5169717243171141,True,mass_volume_step,Pos98,ch05
39,True,tracker,39,39,3.0,3.0,0.5418566112799897,0.5754303018125219,True,mass_volume_step,Pos98,ch05
60,True,tracker,60,60,3.0,3.0,0.4942959490135928,0.5187937436660129,True,mass_volume_step,Pos98,ch05
85,True,tracker,85,85,3.0,3.0,0.5096967163902756,0.5334108552361779,True,mass_volume_step,Pos98,ch05
113,True,tracker,113,113,3.0,3.0,0.49022968153411395,0.5251392524476092,True,mass_volume_step,Pos98,ch05
138,True,tracker,138,138,3.0,3.0,0.49023982112232817,0.539057559589364,True,mass_volume_step,Pos98,ch05
167,True,tracker,167,167,3.0,3.0,0.4814182000767301,0.4758608914800106,True,mass_volume_step,Pos98,ch05
192,True,tracker,192,192,3.0,3.0,0.5005355612048397,0.5284965170427728,True,mass_volume_step,Pos98,ch05
224,True,tracker,224,224,3.0,3.0,0.47446063636648433,0.5052647621042698,True,mass_volume_step,Pos98,ch05
247,True,tracker,247,247,3.0,3.0,0.5337182604929246,0.5484754433434404,True,mass_volume_step,Pos98,ch05
271,True,tracker,271,271,3.0,3.0,0.5302141550073742,0.5420905213259115,True,mass_volume_step,Pos98,ch05
297,True,tracker,297,297,3.0,3.0,0.5036039580193901,0.5351839865100377,True,mass_volume_step,Pos98,ch05
323,True,tracker,323,323,3.0,3.0,0.5418228231535872,0.5317846246048875,True,mass_volume_step,Pos98,ch05
347,True,tracker,347,347,3.0,3.0,0.5455762214886268,0.5609033118529806,True,mass_volume_step,Pos98,ch05
385,True,tracker,385,385,3.0,3.0,0.5017899153921568,0.5364704797773687,True,mass_volume_step,Pos98,ch05
401,True,tracker,401,401,3.0,3.0,0.544387641319786,0.5885052513960458,True,mass_volume_step,Pos98,ch05
423,False,tracker,423,423,3.0,3.0,1.1446674959274599,1.06741938749279,False,no_supported_step,Pos98,ch05
426,True,tracker,426,426,3.0,3.0,0.5050218069279663,0.5303381594024125,True,mass_volume_step,Pos98,ch05
449,True,tracker,449,449,3.0,3.0,0.531597759781812,0.5615707186593873,True,mass_volume_step,Pos98,ch05
476,True,tracker,476,476,3.0,3.0,0.495005850964756,0.5301705209736475,True,mass_volume_step,Pos98,ch05
498,True,tracker,498,498,3.0,3.0,0.5118356798140803,0.5280841964521297,True,mass_volume_step,Pos98,ch05
521,True,tracker,521,521,3.0,3.0,0.5180832224152744,0.5600747394664753,True,mass_volume_step,Pos98,ch05
544,True,tracker,544,544,3.0,3.0,0.5207901028941964,0.567587564045098,True,mass_volume_step,Pos98,ch05
571,True,tracker,571,571,3.0,3.0,0.4864975069953569,0.49230273356358545,True,mass_volume_step,Pos98,ch05
592,True,tracker,592,592,3.0,3.0,0.49140287129121135,0.47427155082215683,True,mass_volume_step,Pos98,ch05
622,True,tracker,622,622,3.0,3.0,0.5218201178641306,0.5755523071889235,True,mass_volume_step,Pos98,ch05
643,True,tracker,643,643,3.0,3.0,0.5294864524275591,0.5328118566131969,True,mass_volume_step,Pos98,ch05
668,True,tracker,668,668,3.0,3.0,0.5274022153056175,0.5686371911933841,True,mass_volume_step,Pos98,ch05
693,True,tracker,693,693,3.0,3.0,0.5140465455645803,0.5238344672682698,True,mass_volume_step,Pos98,ch05
716,True,tracker,716,716,3.0,3.0,0.5074904954412224,0.5463431200313678,True,mass_volume_step,Pos98,ch05
744,True,tracker,744,744,3.0,3.0,0.5074438715493612,0.5196044692680303,True,mass_volume_step,Pos98,ch05
769,True,tracker,769,769,3.0,3.0,0.541877427638552,0.5512797977231022,True,mass_volume_step,Pos98,ch05
783,False,tracker,783,783,3.0,3.0,1.1933629054996362,1.2129760893082686,False,no_supported_step,Pos98,ch05
796,False,recovered,795,796,,,0.5245273097413868,0.5619476705477138,True,persistent_step_between_good_measurements,Pos98,ch05
824,True,tracker,824,824,3.0,3.0,0.5174602957353949,0.5281857405535337,True,mass_volume_step,Pos98,ch05
849,True,tracker,849,849,3.0,3.0,0.512676947042381,0.5116596054175307,True,mass_volume_step,Pos98,ch05
858,False,tracker,858,858,3.0,3.0,1.1491859978666275,1.1517299793430196,False,no_supported_step,Pos98,ch05
